id;land;von;richtung;nach;beziehungsart;beschreibung;beziehungsprofil;evidence_url;evidence_quote
AT:K001;AT;re:store / HarvestMAP Vienna;B→A;materialnomaden;Betreiberschaft;Betrieb als Herausgeberin.;Projektübergreifend / institutionell;https://www.restore.or.at/impressum;Medieninhaber und Herausgeber: materialnomaden GmbH
AT:K002;AT;BIG (Bundesimmob.);B→A;BauKarussell;Dienstleistungsbeziehung;Führte Social Urban Mining am MedUni-Campus durch.;Vorhabenspezifisch / Leistung;https://www.baukarussell.at/meduni-campus-mariannengasse-wien/;Zwischen Oktober 2019 und Juli 2020 fuehrte BauKarussell im Auftrag der Bundesimmobiliengesellschaft (BIG) Social Urban Mining in Wien Alsergrund durch.
AT:K003;AT;MedUni Wien;—;BauKarussell;Gemeinsames Bauvorhaben;Zusammenarbeit.;Vorhabenspezifisch / Vorhaben;https://www.meduniwien.ac.at/web/ueber-uns/news/detailseite/2019/news-im-dezember-2020/aus-alt-wird-neu-big-meduni-wien-und-baukarussell-nutzen-grosses-re-use-potential-beim-meduni-campus-mariannengasse/;Wir freuen uns, dass wir BauKarussell als Projektpartner beim MedUni Campus Mariannengasse gewinnen konnten.
AT:K005;AT;DRZ;A→B;Ferry-Dusika-Stadion Rückbau;Rückbau;Rückbau.;Vorhabenspezifisch / Vorhaben;https://www.ots.at/presseaussendung/OTS_20211014_OTS0116/ferry-dusika-stadion-erfolg-fuer-kreislaufwirtschaftliches-rueckbauprojekt;Operative Partner sind das Demontage- und Recyclingzentrum DRZ Wien.
AT:K006;AT;Die Kümmerei;A→B;Ferry-Dusika-Stadion Rückbau;Rückbau;Rückbau.;Vorhabenspezifisch / Vorhaben;https://www.ots.at/presseaussendung/OTS_20211014_OTS0116/ferry-dusika-stadion-erfolg-fuer-kreislaufwirtschaftliches-rueckbauprojekt;Die KUEMMEREI (Traegerin: BFI Wien/Job-TransFair)
AT:K008;AT;MedUni Campus Wien;B→A;BauKarussell;Reuse-Konzept;Reuse-Konzept.;Vorhabenspezifisch / Vorhaben;https://www.baukarussell.at/meduni-campus-mariannengasse-wien/;Zwischen Oktober 2019 und Juli 2020 fuehrte BauKarussell im Auftrag der Bundesimmobiliengesellschaft (BIG) Social Urban Mining in Wien Alsergrund durch.
AT:K009;AT;BauKarussell;B→A;Re-Use Austria;Gründung;Gründung der Genossenschaft.;Projektübergreifend / institutionell;https://www.baukarussell.at/genossenschaft/;Als Gruendungsmitglied von BauKarussell ist es Re-Use Austria ein besonderes Anliegen, sozialwirtschaftlichen Re-Use-Betrieben ... eine starke Position ...
AT:K011;AT;BauKarussell;A→B;Ferry-Dusika-Stadion Rückbau;Reuse-Konzept;Reuse-Konzept.;Vorhabenspezifisch / Vorhaben;https://www.ots.at/presseaussendung/OTS_20211014_OTS0116/ferry-dusika-stadion-erfolg-fuer-kreislaufwirtschaftliches-rueckbauprojekt;BauKarussell mit seinen Partnern im Stadion am Werk
AT:K013;AT;BauKarussell;—;Job-TransFair gemeinnützige GmbH;Konsortialpartner;Mitgliedschaft in der Genossenschaft.;Projektübergreifend / institutionell;https://www.baukarussell.at/genossenschaft/;Geschaeftsfuehrer Job-TransFair GmbH ... weil wir dadurch die Chance sehen, unseren Transitarbeitskraeften sehr gute Chancen ... zu eroeffnen.
AT:K014;AT;BauKarussell;—;pulswerk GmbH;Konsortialpartner;Mitgliedschaft in der Genossenschaft.;Projektübergreifend / institutionell;https://www.ots.at/presseaussendung/OTS_20211014_OTS0116/ferry-dusika-stadion-erfolg-fuer-kreislaufwirtschaftliches-rueckbauprojekt;Das BauKarussell-Team setzt sich aus Partnern von pulswerk GmbH, Romm ZT und RepaNet
AT:K021;AT;Re-Use Austria;A→B;Ferry-Dusika-Stadion Rückbau;Rückbau;Rückbau.;Vorhabenspezifisch / Vorhaben;https://www.ots.at/presseaussendung/OTS_20211014_OTS0116/ferry-dusika-stadion-erfolg-fuer-kreislaufwirtschaftliches-rueckbauprojekt;Das BauKarussell-Team setzt sich aus Partnern von pulswerk GmbH, Romm ZT und RepaNet
AT:K023;AT;Ferry-Dusika-Stadion Rückbau;B→A;Job-TransFair gemeinnützige GmbH;Soziale Rückbauarbeit;Beschäftigte mit DRZ 25 Personen beim Rückbau.;Vorhabenspezifisch / Vorhaben;https://www.ots.at/presseaussendung/OTS_20211014_OTS0116/ferry-dusika-stadion-erfolg-fuer-kreislaufwirtschaftliches-rueckbauprojekt;Im Dusika-Stadion fanden durch die Zusammenarbeit mit Die KÜMMEREI (Trägerin: BFI Wien/Job-TransFair) und DRZ 25 Personen Beschäftigung.
AT:K024;AT;Ferry-Dusika-Stadion Rückbau;B→A;pulswerk GmbH;Rückbau;Rückbau.;Vorhabenspezifisch / Vorhaben;https://www.ots.at/presseaussendung/OTS_20211014_OTS0116/ferry-dusika-stadion-erfolg-fuer-kreislaufwirtschaftliches-rueckbauprojekt;Das BauKarussell-Team setzt sich aus Partnern von pulswerk GmbH, Romm ZT und RepaNet
AT:K029;AT;Ferry-Dusika-Stadion Rückbau;B→A;WSE Wiener Standortentwicklung GmbH;Betrieb;Projektsteuerung.;Vorhabenspezifisch / Vorhaben;https://www.ots.at/presseaussendung/OTS_20211014_OTS0116/ferry-dusika-stadion-erfolg-fuer-kreislaufwirtschaftliches-rueckbauprojekt;Umgesetzt wird das Projekt vom Bauprojektmanagement-Team der WSE.
BE:K003;BE;Chiro d’Itterbeek;B→A;Franck;Bauteillieferung;Lieferte Reuse-Ziegel.;Vorhabenspezifisch / Vorhaben;https://rotordb.org/en/projects/sanitary-block-itterbeek-chiro;The facade, for example, is entirely made of reusable bricks provided by Jan Franck.
BE:K005;BE;Chiro d’Itterbeek;B→A;RotorDC;Bauteillieferung;Lieferte Reuse-Bauteile.;Vorhabenspezifisch / Vorhaben;https://rotordb.org/en/projects/sanitary-block-itterbeek-chiro;The interior of the sanitary block is mainly made of reuse materials sold by RotorDC.
BE:K006;BE;BLAF Architecten;A→B;Maison DnA;Entwurf;Entwurf.;Vorhabenspezifisch / Vorhaben;https://www.archdaily.com/423660/dna-house-blaf-architecten;dnA House / BLAF Architecten (Architekt: BLAF Architecten)
BE:K012;BE;Maison Vignette;B→A;Franck;Bauteillieferung;Lieferte Reuse-Ziegel.;Vorhabenspezifisch / Vorhaben;https://opalis.eu/fr/projets/maison-vignette-karbon-architecture-et-urbanisme;Brique: Grote Boomse Steen, provenant de chez Franck
BE:K023;BE;Musée de Folklore de Mouscron;B→A;Bureau Bouwtechniek;Fachplanung;Tragwerksplanung.;Vorhabenspezifisch / Vorhaben;https://www.architectura.be/fr/actualite/un-nouvel-ecrin-pour-le-musee-de-folklore-de-mouscron;L'équipe formée par V+ (architecture), Projectiles (architecture, muséographie), Taktyk (paysage), Greisch, Daidalos Peutz et Bureau Bouwtechniek (bureaux d'études)
BE:K027;BE;Recypark Demets;B→A;51N4E;Entwurf;Entwurf.;Vorhabenspezifisch / Vorhaben;https://rotordb.org/en/projects/recypark-anderlecht;51N4E, Witteveen&Bos and Rotor joined forces and won the competition with a project that focused on reusing an existing structure
BE:K028;BE;Recypark Demets;B→A;Rotor;Entwurf;Entwurf.;Vorhabenspezifisch / Vorhaben;https://rotordb.org/en/projects/recypark-anderlecht;51N4E, Witteveen&Bos and Rotor joined forces and won the competition with a project that focused on reusing an existing structure
BE:K037;BE;Zinneke;B→A;Zinneke asbl;Bauherrschaft;Bauherrschaft.;Vorhabenspezifisch / Vorhaben;https://rotordb.org/en/projects/zinneke-feder-masui4ever;In 2015, Zinneke invited Rotor to join the long-term project for the renovation of their 4.000 m² new facilities at Place Masui.
BE:K041;BE;Zinneke;B→A;ERDF / FEDER Brüssel-Hauptstadt;Förderung;Förderung.;Vorhabenspezifisch / Vorhaben;https://rotordb.org/en/projects/zinneke-feder-masui4ever;This project was made possible thanks to an ERDF subvention from the Brussels-Capital Region.
BE:K042;BE;Zinneke;B→A;Rotor;Fachplanung;Fachplanung.;Vorhabenspezifisch / Vorhaben;https://rotordb.org/en/projects/zinneke-feder-masui4ever;In 2015, Zinneke invited Rotor to join the long-term project for the renovation of their 4.000 m² new facilities at Place Masui.
BE:K043;BE;Rotor;A→B;RotorDC;Gründung;Gründung als Spin-off.;Projektübergreifend / institutionell;https://rotordb.org/en/projects/oxy-centre-monnaie;Please check our spin-off RotorDC's website.
BE:K046;BE;Opalis;B→A;Brussels Environment;Trägerschaft;Unterstützte die Entwicklung.;Vorhabenspezifisch / Vorhaben;https://opalis.eu/en/about;Opalis was developed with the support of Brussels Environment.
BE:K072;BE;Embuild;—;Buildwise;Zusammenarbeit, Art unklar;Entwickelten das Tool Circulair Gebouwd gemeinsam.;Vorhabenspezifisch / Vorhaben;https://www.embuildvlaanderen.be/press-room/circulair-gebouwd/;Embuild Vlaanderen en Buildwise hebben op 6 december ... de nieuwe tool 'Circulair Gebouwd' voorgesteld.
BE:K073;BE;Buildwise;—;Vrije Universiteit Brussel (VUB) – Architectural Engineering;Konsortialpartner;Erarbeiteten gemeinsam einen Reuse-Umbau-Bericht.;Vorhabenspezifisch / Vorhaben;https://researchportal.vub.be/en/publications/aanbevelingen-veranderingsgericht-verbouwen-eindrapportage-deelop;The work was performed by VITO, Buildwise, UHasselt and VUB.
BE:K075;BE;BauMaB Kassel / Bauteilbörse Kassel;B→A;Stadt Kassel;Trägerschaft;Initiierte in Klimastrategie.;Vorhabenspezifisch / Vorhaben;https://baumab-kassel.de/konzept/;Das Projekt wurde im Rahmen der Klimaschutzstrategie der Stadt Kassel initiiert.
BE:K086;BE;OVAM (Openbare Vlaamse Afvalstoffenmaatschappij);A→B;Tracimat vzw;Regulatorische Anerkennung;Erkannte Tracimat als Sloopbeheerorganisation an.;Projektübergreifend / institutionell;https://ovam.vlaanderen.be/bouw-sloopopvolging;Voor de sloopopvolging worden de standaarddocumenten van Tracimat gebruikt.
CH:K001;CH;Ressourcerie Lausanne / Matériuum / R-UUL;B→A;Matériuum;Konzernbindung;Führung als Zweigbetrieb.;Projektübergreifend / institutionell;https://materiuum.ch/ressourcerie-lausanne-magasin-shop/;la Ressourcerie Matériuum Lausanne (RUUL) permet de stocker et de prolonger la durée de vie d'une grande quantité de matières
CH:K002;CH;Bauteilbörse Basel;—;Gruner ReUse;Gemeinsames Bauvorhaben;Inventarisierung und Vermarktung.;Vorhabenspezifisch / Vorhaben;https://www.gruner.ch/de/news/bauteile-aus-rueckbauten-jetzt-imeshop-von-grunerreuse-live;Nach dem Ausbau übernimmt die Bauteilbörse Basel die Lagerung und den Weiterverkauf über useagain.ch.
CH:K003;CH;Bauteilbörse Basel;B→A;useagain / Bauteilclick;Dienstleistungsbeziehung;Stellt Marktplatz für ihren Bauteilverkauf.;Vorhabenspezifisch / Leistung;https://www.gruner.ch/de/news/bauteile-aus-rueckbauten-jetzt-imeshop-von-grunerreuse-live;Nach dem Ausbau übernimmt die Bauteilbörse Basel die Lagerung und den Weiterverkauf über useagain.ch.
CH:K004;CH;Bauteilvermittlung Zürichsee-Oberland;B→A;Stiftung Chance BauTeile Zürich / Glattbrugg;Dienstleistungsbeziehung;Prüft, demontiert und transportiert.;Projektübergreifend / operativ;https://www.btvz.ch/portraet/;Fachleute der Stiftung Chance prüfen die Bauteile, demontieren sie und übernehmen den Transport.
CH:K006;CH;useagain / Bauteilclick;A→B;Bauteilladen Winterthur;Dienstleistungsbeziehung;Bauteilvermittlung.;Projektübergreifend / operativ;https://library-of-reuse.ch/pioneers/useagain;promotes direct exchange between various organisations, such as Bauteilbörse Basel, BauTeile Zürich and Bauteilladen Winterthur
CH:K007;CH;ELYS Kultur- und Gewerbezentrum Basel;A→B;Zirkular;Gründungsimpuls;Gab den Impuls zur Gründung.;Vorhabenspezifisch / Ereignis;https://zirkular.net/en/project/culture-commercial-center-elys;They received a lot of attention and were the trigger for the foundation of Zirkular by the involved planners.
CH:K008;CH;baubüro in situ;A→B;Grubenstrasse 29;Entwurf;Entwurf.;Vorhabenspezifisch / Vorhaben;https://www.bauwelt.de/rubriken/bauten/Werkhof-29-Zuerich-baubuero-in-situ-ag-4385137.html;Architekten: baubüro in situ ag
CH:K009;CH;baubüro in situ;A→B;K.118 Winterthur;Entwurf;Entwurf.;Vorhabenspezifisch / Vorhaben;https://circularmaterialsystems.com/de/case/06_k-118/;Architektur: Baubüro in situ
CH:K011;CH;baubüro in situ;—;RE-WIN;Zusammenarbeit, Art unklar;Unterstützten gemeinsam das Netzwerk.;Projektübergreifend / strategisch;https://re-win.ch/verein/ueber/;Zusammenarbeit mit Baubüro in situ
CH:K012;CH;baubüro in situ;—;Pascal Flammer Architekten;Gemeinsames Bauvorhaben;Wählten Reuse-Bauteile für Hobelwerk Haus D aus.;Vorhabenspezifisch / Vorhaben;https://www.espazium.ch/de/aktuelles/winterthur-hobelwerk-architektur-reuse-flammerarchitkten-nettonull;untersuchten in situ und PFA 60 Elemente, aus denen schlussendlich 21 für Erwerb und Einbau ausgewählt wurden
CH:K013;CH;Grubenstrasse 29;B→A;Modissa Immobilien AG;Bauherrschaft;Bauherrschaft.;Vorhabenspezifisch / Vorhaben;https://zirkular.net/de/projekt/grubenstrasse-29/;Auftraggeber (Client): Modissa Immobilien AG
CH:K015;CH;Grubenstrasse 29;B→A;Tschudin Rückbau und Demontagen GmbH;Rückbau;Rückbau.;Vorhabenspezifisch / Vorhaben;https://zirkular.net/de/projekt/grubenstrasse-29/;Material Suppliers (Wiederverwendete Bauteile): Tschudin Rückbau und Demontagen GmbH
CH:K016;CH;Grubenstrasse 29;B→A;Zirkular;Bauteilinventarisierung;Bauteilinventarisierung.;Vorhabenspezifisch / Vorhaben;https://zirkular.net/de/projekt/grubenstrasse-29/;Zirkular Projektteam: Marc Angst, Leonard Schönfelder
CH:K017;CH;Recyclingzentrum Juch-Areal;B→A;Entsorgung + Recycling Zürich (ERZ);Betrieb;Betrieb.;Vorhabenspezifisch / Vorhaben;https://www.stadt-zuerich.ch/de/planen-und-bauen/projekte-und-ausschreibungen/hochbauvorhaben/planung-ausfuehrung/recyclingzentrum-juch-areal.html;Eigentümervertretung Entsorgung + Recycling Zürich (ERZ)
CH:K018;CH;Recyclingzentrum Juch-Areal;B→A;Weber + Brönnimann AG;Fachplanung;Tragwerksplanung.;Vorhabenspezifisch / Vorhaben;https://www.stadt-zuerich.ch/de/planen-und-bauen/projekte-und-ausschreibungen/hochbauvorhaben/planung-ausfuehrung/recyclingzentrum-juch-areal.html;Bauingenieurwesen Weber + Brönnimann AG, Bern
CH:K019;CH;Recyclingzentrum Juch-Areal;B→A;manoa Landschaftsarchitekten;Entwurf;Entwurf.;Vorhabenspezifisch / Vorhaben;https://www.stadt-zuerich.ch/de/planen-und-bauen/projekte-und-ausschreibungen/hochbauvorhaben/planung-ausfuehrung/recyclingzentrum-juch-areal.html;Landschaftsarchitektur manoa Landschaftsarchitekten GmbH, Meilen
CH:K020;CH;Recyclingzentrum Juch-Areal;B→A;Graber Pulver;Entwurf;Entwurf.;Vorhabenspezifisch / Vorhaben;https://www.stadt-zuerich.ch/de/planen-und-bauen/projekte-und-ausschreibungen/hochbauvorhaben/planung-ausfuehrung/recyclingzentrum-juch-areal.html;Generalplanung und Architektur Graber Pulver Architekt:innen AG, Zürich
CH:K021;CH;K.118 Winterthur;B→A;Stiftung Abendrot / Vorsorgestiftung Abendrot;Bauherrschaft;Bauherrschaft.;Vorhabenspezifisch / Vorhaben;https://zirkular.net/en/project/building-k-118/;Client: Stiftung Abendrot
CH:K022;CH;K.118 Winterthur;B→A;Institut Konstruktives Entwerfen (IKE) / ZHAW;Forschungsbegleitung;Forschungsbegleitung.;Vorhabenspezifisch / Vorhaben;https://www.zhaw.ch/de/forschung/projekt/71771;mit dem Projekt K.118 den derzeit grössten Neubau der Schweiz, der zu grossen Teilen aus wiederverwendeten Bauteilen konzipiert ist
CH:K023;CH;K.118 Winterthur;B→A;Oberli Ingenieurbau AG;Fachplanung;Tragwerksplanung.;Vorhabenspezifisch / Vorhaben;https://www.archdaily.com/968958/k118-kopfbau-halle-118-hauburo-in-situ;Civil engineer: Oberli Ingenieurbau AG
CH:K024;CH;K.118 Winterthur;B→A;Josef Kolb AG;Fachplanung;Tragwerksplanung.;Vorhabenspezifisch / Vorhaben;https://www.archdaily.com/968958/k118-kopfbau-halle-118-hauburo-in-situ;Timber Engineering: Josef Kolb AG
CH:K025;CH;K.118 Winterthur;B→A;Wetter AG;Bauausführung;Bauausführung.;Vorhabenspezifisch / Vorhaben;https://www.archdaily.com/968958/k118-kopfbau-halle-118-hauburo-in-situ;Steel Construction: Wetter AG
CH:K026;CH;K.118 Winterthur;A→B;Zirkular;Gründungsimpuls;Gab den Impuls zur Gründung.;Vorhabenspezifisch / Ereignis;https://zirkular.net/de/projekt/k-118-kopfbau-halle-118/;Sie erhielten viel Aufmerksamkeit und waren Auslöser der Gründung von Zirkular durch die involvierten Planenden.
CH:K027;CH;Kindergarten Mööslistrasse;B→A;Amt für Hochbauten und Immobilien Stadt Zürich;Bauherrschaft;Bauherrschaft.;Vorhabenspezifisch / Vorhaben;https://www.stadt-zuerich.ch/de/planen-und-bauen/portfolio/bauten-anlagen/schulbauten/kindergarten-moeoeslistrasse.html;Bauherrschaft: Stadt Zürich, Eigentümervertretung: Immobilien Stadt Zürich, Bauherrenvertretung: Amt für Hochbauten
CH:K029;CH;Kindergarten Mööslistrasse;B→A;Ingenieurbureau Heierli AG;Fachplanung;Tragwerksplanung.;Vorhabenspezifisch / Vorhaben;https://www.stadt-zuerich.ch/de/planen-und-bauen/portfolio/bauten-anlagen/schulbauten/kindergarten-moeoeslistrasse.html;Bauingenieurwesen (Structural Engineering): Ingenieurbureau Heierli AG, Zürich
CH:K031;CH;Kindergarten Mööslistrasse;B→A;Schmidiger + Rosasco AG;Fachplanung;Fachplanung.;Vorhabenspezifisch / Vorhaben;https://www.stadt-zuerich.ch/de/planen-und-bauen/portfolio/bauten-anlagen/schulbauten/kindergarten-moeoeslistrasse.html;Elektroplanung (Electrical Planning): Schmidiger + Rosasco AG, Zürich
CH:K032;CH;Kindergarten Mööslistrasse;B→A;aik Architektur + Ingenieur Kollektiv;Fachplanung;Tragwerksplanung.;Vorhabenspezifisch / Vorhaben;https://www.stadt-zuerich.ch/de/planen-und-bauen/portfolio/bauten-anlagen/schulbauten/kindergarten-moeoeslistrasse.html;Bauphysik (Building Physics): aik, Architektur + Ingenieur Kollektiv, Zürich
CH:K033;CH;Kindergarten Mööslistrasse;B→A;Zirkular;Entwurf;Entwurf.;Vorhabenspezifisch / Vorhaben;https://www.stadt-zuerich.ch/de/planen-und-bauen/portfolio/bauten-anlagen/schulbauten/kindergarten-moeoeslistrasse.html;landscape architecture planning for the re-use concept was handled by Zirkular GmbH, Zürich
CH:K035;CH;Re:Crete footbridge;B→A;Structural Xploration Lab (SXL) / EPFL;Bauausführung;Bauausführung.;Vorhabenspezifisch / Vorhaben;https://www.epfl.ch/schools/enac/recrete/;the Sructural Xploration Lab (SXL) has built the RE:CRETE prototype, a footbridge built from 25 reused concrete blocks
CH:K036;CH;NEST Research and Innovation Platform / Empa–Eawag;A→B;UMAR Unit;Plattformzugehörigkeit;Umfasst UMAR als Forschungsunit.;Projektübergreifend / institutionell;https://www.db-bauzeitung.de/db/heizung-klima-lueftung/forschungsmodul/;In der NEST-Unit »UMAR« (Urban Mining & Recycling) wohnen und arbeiten seit Mai zwei Studenten, um sich regelmäßig mit den Wissenschaftlern der Empa
CH:K038;CH;Stiftung Habitat;A→B;LYSP8 Basel;Betrieb;Betrieb.;Vorhabenspezifisch / Vorhaben;https://www.stiftung-habitat.ch/sh/liegenschaften/haeuser-und-projekte/wohnhaus-weinlagerstrasse-33.html;Entstanden ist hier ein weiteres Wohnhaus der Stiftung Habitat.
CH:K039;CH;LYSP8 Basel;B→A;PIRMIN JUNG Schweiz AG;Fachplanung;Fachplanung.;Vorhabenspezifisch / Vorhaben;https://zirkular.net/en/project/lysp8/;Pirmin Jung (Fachplanung Holzbau)
CH:K040;CH;Zirkular;—;Studio Trachsler Hoffmann;Gemeinsames Bauvorhaben;Arbeiteten an Schärenmoosstrasse zusammen.;Vorhabenspezifisch / Vorhaben;https://zirkular.net/de/projekt/schaerenmoosstrasse/;Nach dem Wettbewerbsgewinn wurde Zirkular mit in das Projektteam geholt.
CH:K041;CH;Zirkular;A→B;RE-WIN;Gründung;Initiierten die erste Fenstersammlung.;Vorhabenspezifisch / Ereignis;https://re-win.ch/supporters/baubuero-in-situ-ag-und-zirkular-gmbh/;Das Baubüro in situ hat zusammen mit der Zirkular GmbH die erste Fenster-Sammelaktion gestartet und den ersten LKW Transport in die Ukraine bezahlt.
CH:K042;CH;Zirkular;A→B;Bauteilkatalog Immobilien Basel-Stadt;Dienstleistungsbeziehung;Katalogisierte Bauteile für Basler Wettbewerbe.;Vorhabenspezifisch / Vorhaben;https://zirkular.net/de/projekt/bauteilkatalog-immobilien-basel-stadt/;Im Rahmen der Projektwettbewerbe «Walkeweg» und «Schliengerweg» katalogisierte Zirkular die Re-Use-Bauteile
CH:K043;CH;UMAR Unit;B→A;Lindner SE;Bauteillieferung;Lieferte Reuse-Bauteile.;Vorhabenspezifisch / Vorhaben;https://www.lindner-group.com/de/referenzen/nest-unit-umar;Lindner realisierte dort speziell entwickelte Plafotherm® Heiz-/Kühldecken.
CH:K044;CH;Institut Konstruktives Entwerfen (IKE) / ZHAW;—;INEB – FHNW (Leitfaden Reuse Stahl/Stahlbeton);Konsortialpartner;Verbundpartnerschaft.;Vorhabenspezifisch / Vorhaben;https://www.fhnw.ch/de/die-fhnw/hochschulen/architektur-bau-geomatik/institute/ineb/ineb-forschung/ressourceneffizientes-und-zirkulaeres-bauen/leitfaden-reuse-stahl-und-stahlbetonbauteilen;Zwei Institute - INEB der FHNW und IKE der ZHAW - untersuchen im Rahmen eines Projekts die Wiederverwendung.
CH:K045;CH;ELEMENTA Walkeweg;B→A;Monotti Ingegneri;Fachplanung;Tragwerksplanung.;Vorhabenspezifisch / Vorhaben;https://media.bs.ch/original_file/8e80b99a92a09ee372ff54721421eb6497819e1f/bvd-jurybericht-walkeweg-komprimiert-1.pdf;Bauingenieurwesen: Monotti Ingegneri Consulenti SA
CH:K046;CH;Digvis GmbH;A→B;Bauteilkatalog Immobilien Basel-Stadt;Dienstleistungsbeziehung;Programmierte Basler.;Vorhabenspezifisch / Leistung;https://bauteile-ibs.ch/contact;Programmierung: digvis GmbH Industriestrasse 59 8152 Glattbrugg
DE:K001;DE;Abfallwirtschaftsbetriebe Münster;A→B;AWM Münster – zirkulärer Büroumbau;Bauherrschaft;Bauherrschaft.;Vorhabenspezifisch / Vorhaben;https://awm.stadt-muenster.de/aktuelles/newsdetail/moderne-arbeitswelt-aus-gebrauchten-materialien;In Zusammenarbeit mit dem Düsseldorfer Unternehmen Urselmann interior, das sich auf Innenausbau nach dem Prinzip cradle-to-cradle spezialisiert hat, ist auf 250 m2 eine moderne Arbeitswelt
DE:K002;DE;Berlin-Schildow Pilot;B→A;Claus Asam;Testbau;Errichtete mit Biele drei Testbauten aus Platten.;Vorhabenspezifisch / Vorhaben;https://taz.de/Die-Wiedergeburt-der-Platte/!493469/;Gemeinsam mit Claus Asam vom IEMB hat Hervé Biele aus den Platten in der AEG-Halle drei Testbauten errichtet.
DE:K005;DE;Claus Asam;A→B;Mehrow Pilot House;Projektleitung;Leitete und initiierte das Pilotprojekt.;Vorhabenspezifisch / Vorhaben;https://www.baulinks.de/webplugin/2005/1177.php4;sagt Dipl.-Ing. Claus Asam vom IEMB, der das Projekt leitete und maßgeblich mitinitiierte
DE:K009;DE;CRCLR House;B→A;LXSY Architektur;Entwurf;Entwurf.;Vorhabenspezifisch / Vorhaben;https://lxsy.de/projekte/impact-hub-berlin-at-crclr-house;Rund 70% der verwendeten Materialien und Produkte sind recycelt oder nachhaltig.
DE:K010;DE;ZRS Ingenieure;A→B;Impact Hub Berlin at CRCLR-House (Innenausbau);Fachplanung;Tragwerksplanung.;Vorhabenspezifisch / Vorhaben;https://www.zrs.berlin/en/project/crclr-house-2/;"polis AWARD 2023, 3rd prize, category „Ökologische Wirklichkeit"" for Impact Hub"
DE:K014;DE;Impact Hub Berlin at CRCLR-House (Innenausbau);B→A;Die Zusammenarbeiter;Entwurf;Entwurf.;Vorhabenspezifisch / Vorhaben;https://www.dbz.de/artikel/crclr-house-berlin-3945221.html;"Christian Schöningh ist Teil der TRNSFRM eG und mit „Die Zusammenarbeiter"" einer der planenden Architekten vor Ort."
DE:K015;DE;Impact Hub Berlin at CRCLR-House (Innenausbau);B→A;LXSY Architektur;Entwurf;Entwurf.;Vorhabenspezifisch / Vorhaben;https://lxsy.de/projekte/impact-hub-berlin-at-crclr-house;Rund 70% der verwendeten Materialien und Produkte sind recycelt oder nachhaltig.
DE:K016;DE;Plattenpalast Berlin;B→A;Wiewiorra Hopp Architekten;Entwurf;Entwurf.;Vorhabenspezifisch / Vorhaben;https://wwstudio.de/projects/plattenpalst;Forschungsprojekt der TU Berlin unter der Leitung von Claus Asam vom IEMB in Zusammenarbeit mit dem Berliner Architekturbüro wiewiorra hopp architekten
DE:K018;DE;Plattenvereinigung Berlin;B→A;TU Berlin Fachgebiet Bauphysik und Baukonstruktionen;Forschungsbegleitung;Forschungsbegleitung.;Vorhabenspezifisch / Vorhaben;https://www.tu.berlin/en/bauphysik/research/past-projects/projekt-plattenvereinigung;The building was developed in partnership with the Chair of Building Physics and Building Constructions at TU Berlin.
DE:K019;DE;Plattenvereinigung Berlin;B→A;Deutsche Bundesstiftung Umwelt (DBU);Förderung;Förderung.;Vorhabenspezifisch / Vorhaben;https://www.plattenvereinigung.de/project/;Plattenvereinigung wird durch die Deutsche Bundesstiftung Umwelt (DBU) als Projekt für „Berufsbildung und öffentlichen Diskurs zum Ressourcenschutz am Beispiel eines modellhaften mobilen Recyclinggebäudes
DE:K020;DE;Plattenvereinigung Berlin;B→A;Bundeszentrale für politische Bildung (bpb);Förderung;Förderung.;Vorhabenspezifisch / Vorhaben;https://www.plattenvereinigung.de/project/;Das vielfältige Programm wurde ebenso von der Bundeszentrale für politische Bildung (bpb) gefördert.
DE:K021;DE;Recyclinghaus Hannover;B→A;Gundlach GmbH & Co. KG Wohnungsunternehmen;Bauherrschaft;Bauherrschaft.;Vorhabenspezifisch / Vorhaben;https://www.aknds.de/architektur-baukultur/staatspreis-2020/engere-wahl-2020/recyclinghaus-hannover-kronsberg-hannover;Bauherrin (Client): Gundlach GmbH & Co. KG Wohnungsunternehmen, Hannover
DE:K023;DE;Recyclinghaus Hannover;B→A;H2A;Fachplanung;Tragwerksplanung.;Vorhabenspezifisch / Vorhaben;https://www.aknds.de/architektur-baukultur/staatspreis-2020/engere-wahl-2020/recyclinghaus-hannover-kronsberg-hannover;Bauphysik: H2A – v. Heeren Habibi Architekt und Ingenieur PartGmbB, Hannover
DE:K024;DE;Recyclinghaus Hannover;B→A;CITYFÖRSTER;Entwurf;Entwurf.;Vorhabenspezifisch / Vorhaben;https://www.aknds.de/architektur-baukultur/staatspreis-2020/engere-wahl-2020/recyclinghaus-hannover-kronsberg-hannover;Architekten (Design): CITYFÖRSTER architecture + urbanism, Hannover, Architekt Dipl.-Ing. Nils Nolting
DE:K025;DE;Jugendtreff Ingersheim;B→A;Gemeinde Ingersheim;Bauherrschaft;Bauherrschaft.;Vorhabenspezifisch / Vorhaben;https://klingelhoefer-kroetsch.de/projekte/jugendtreff-ingersheim/;Bauherr: Gemeinde Ingersheim
DE:K026;DE;AWM Münster – zirkulärer Büroumbau;B→A;Urselmann Interior;Bauausführung;Bauausführung.;Vorhabenspezifisch / Vorhaben;https://awm.stadt-muenster.de/aktuelles/newsdetail/moderne-arbeitswelt-aus-gebrauchten-materialien;In Zusammenarbeit mit dem Düsseldorfer Unternehmen Urselmann interior, das sich auf Innenausbau nach dem Prinzip cradle-to-cradle spezialisiert hat, ist auf 250 m2 eine moderne Arbeitswelt
DE:K027;DE;AWM Münster – zirkulärer Büroumbau;B→A;Petra Jablonická;Entwurf;Entwurf.;Vorhabenspezifisch / Vorhaben;https://www.jablonicka.com/work/95,6%25-circular-reconstruction-of-offices-for-awm-m%C3%BCnster-;Petra Jablonická (Architect) — 95,6% circular reconstruction of offices for AWM Münster
DE:K029;DE;AWM Münster – zirkulärer Büroumbau;B→A;Concular;Reuse-Konzept;Beschaffte Reuse-Material.;Vorhabenspezifisch / Vorhaben;https://concular.de/bueroetage-muenster/;hat urselmann interior eng mit Concular zusammengearbeit – sowohl bei der Beschaffung der zirkulären Materialien als auch bei der Auswertung
DE:K031;DE;Circular Structural Design;—;Concular;Konsortialpartner;Entwickelten Matching-Algorithmen im Green-AI-Hub.;Vorhabenspezifisch / Vorhaben;https://www.green-ai-hub.de/en/pilot-projects/pilotproject-concular;Together with its partner Circular Structural Design from Berlin, matching algorithms are being developed within the AI pilot project
DE:K033;DE;Professur Nachhaltiges Bauen / KIT;—;Baukreisel e.V.;Kooperationsvereinbarung;Starteten einen Ausbau-Stegreif am KIT.;Vorhabenspezifisch / Vorhaben;https://nb.ieb.kit.edu/index.php/ausbau-stegreif-konrad-kocher-schule-kitzingen/;Als freies Kollektiv für zirkuläres Bauen ruft der Baukreisel gemeinsam mit dem Lehrstuhl für Nachhaltiges Bauen am KIT einen Ausbau Stegreif aus.
DE:K034;DE;Urban Mining Index;B→A;Lehrstuhl TEAMhillebrandt / Bergische Universität Wuppertal;Trägerschaft;Entwickelte zur Software.;Projektübergreifend / institutionell;https://urban-mining-index.de/initiative/;"Die Bergische Universität Wuppertal hat den „UMI"" zu einer anwenderfreundlichen Software weiterentwickelt und im Urban Solar Decathlon 2021 eingesetzt."
DE:K035;DE;Concular;—;ALBA Berlin;Kooperationsvereinbarung;Betreiben Urban Mining Hub gemeinsam.;Vorhabenspezifisch / Vorhaben;https://www.alba.info/unternehmen/newsroom/pressemitteilungen/detail/urban-mining-hub-berlin-gekommen-um-zu-bleiben/;ALBA Berlin versteht sich in diesem Projekt als einer dieser starken Partner, der neben der benötigten Fläche auch effektive Logistikdienstleistungen anbietet.
DE:K036;DE;Concular;A→B;München Bauteilbörse (CirCoFin pilot);Betreiberschaft;Mitentwicklung.;Vorhabenspezifisch / Vorhaben;https://concular.de/regionale-knotenpunkte-fuer-ganz-deutschland/;Im Rahmen des europäischen CIRCOFIN-Projekts entwickelt Concular gemeinsam mit der Stadt München eine digitale und physische Bauteilbörse.
DE:K048;DE;Historische Bauelemente (Marwitz);—;Unternehmerverband Historische Baustoffe e.V. (UHB);Konsortialpartner;Nimmt als Mitglied am UHB teil.;Projektübergreifend / institutionell;https://www.historische-baustoffe.de/en/the-dealers/list-of-dealers/elias/;Historische Bauelemente - Olaf Elias e.K. ... Latest news about this member:
DE:K049;DE;Historische Baustoffe Ostalb (Söhnstetten);—;Unternehmerverband Historische Baustoffe e.V. (UHB);Konsortialpartner;Nimmt als Mitglied am UHB teil.;Projektübergreifend / institutionell;https://www.historische-baustoffe.de/en/the-dealers/list-of-dealers/hbostalb/;Historische Baustoffe Ostalb ... Latest news about this member: ... Members from this region: Baden-Wuerttemberg
DK:K001;DK;Resource Rows;B→A;Lendager;Entwurf;Entwurf.;Vorhabenspezifisch / Vorhaben;https://circularmaterialsystems.com/en/case/02_en_resource-rows/;In an intensive cooperation between the client and the team of Lendager Group, Resource Rows proves that ... upcycling ... is possible.
DK:K005;DK;Svanen;B→A;Tscherning;Rückbau;Rückbau.;Vorhabenspezifisch / Vorhaben;https://vaerdibyg.dk/case/svanen-i-gladsaxe-cirkulaer-nedrivning/;For entreprenoeren Tscherning har udfordringen vaeret, at man normalt kan nedrive meget med maskine
DK:K008;DK;Svanen;B→A;Lendager;Entwurf;Entwurf.;Vorhabenspezifisch / Vorhaben;https://www.troldtekt.com/references/children-and-youth/boernehuset-svanen;Architects: Lendager Arkitekter ApS / SWECO architects
DK:K010;DK;Tscherning;—;GreenDozer ApS;Zusammenarbeit, Art unklar;Vertieften ihre Zusammenarbeit.;Projektübergreifend / operativ;https://regnskaber.cvrapi.dk/34487362/amNsb3VkczovLzAzL2RkL2MxLzBjLzRlLzM1ZjUtNDdiNy1hYzYxLTU3NjA1MzRmMDQxYg.pdf;styrket samarbejdet med GreenDozer
DK:K012;DK;Thoravej 29 Copenhagen;B→A;DTU Byg – Sektion Materialer og Holdbarhed;Prüfung und Nachweis;Prüfung der Reuse-Bauteile.;Vorhabenspezifisch / Vorhaben;https://dac.dk/en/magazine/places/thoravej-29-what-can-be-reused-must-be-reused-376;A report from the Technical University of Denmark (DTU) on the Thoravej 29 project shows that compared to constructing an entirely new building, CO2 emissions
DK:K015;DK;TRÆ High-Rise;B→A;a:gain;Bauteillieferung;Lieferte Reuse-Bauteile.;Vorhabenspezifisch / Vorhaben;https://www.again.dk/da/project-references/trae;Leverede produkter til TRÆ
DK:K016;DK;TRÆ High-Rise;B→A;DOVISTA / KRONE;Bauteillieferung;Lieferte Reuse-Bauteile.;Vorhabenspezifisch / Vorhaben;https://dovista.com/krone-brandcase;KRONE supplied all the windows to the building, including the upcycled windows.
DK:K017;DK;TRÆ High-Rise;B→A;Artelia;Fachplanung;Tragwerksplanung.;Vorhabenspezifisch / Vorhaben;https://www.arteliagroup.com/fr/project/trae-a-wooden-tower-at-the-highest-level/;Artelia is the engineer on TRÆ.
DK:K018;DK;TRÆ High-Rise;B→A;Lendager;Entwurf;Entwurf.;Vorhabenspezifisch / Vorhaben;https://lendager.com/project/trae;TRAE ... a 78-meter beacon of circular construction, showing that large-scale architecture can combine reused materials
DK:K019;DK;a:gain;A→B;Upcycle Studios Copenhag…;Bauteillieferung;Lieferte einen Viddø-Fensterprototyp.;Vorhabenspezifisch / Vorhaben;https://www.again.dk/project-references/upcycle-studios;In Upcycle Studios, 75% of the windows came from public housing in North Jutland
DK:K024;DK;Circue;—;GreenDozer ApS;Kooperationsvereinbarung;Verknüpften mit Revit.;Projektübergreifend / operativ;https://www.strateginetvaerket.dk/case-circue-digital-platform-baner-vejen-for-cirkulaert-byggeri-og-baeredygtig-transformation/;Den digitale materialebørs gør det muligt at eksportere genbrugsmaterialer fra markedspladser som Genbyg, J Jensen og Greendozer ind i Revit
DK:K030;DK;GreenDozer ApS;B→A;Kingo (Kingo Karlsen A/S);Konzernbindung;Investition.;Projektübergreifend / institutionell;https://greendozer.com/nyt-samarbejde-fremmer-genbrug-af-byggematerialer;Senest har tre store nedrivningsvirksomheder, P. Olesen, Kingo og Tscherning, investeret i virksomheden
DK:K031;DK;GreenDozer ApS;B→A;P. Olesen / PO Genbrug;Konzernbindung;Investition.;Projektübergreifend / institutionell;https://greendozer.com/nyt-samarbejde-fremmer-genbrug-af-byggematerialer;Senest har tre store nedrivningsvirksomheder, P. Olesen, Kingo og Tscherning, investeret i virksomheden
FI:K001;FI;Härmälänranta;B→A;A-Kruunu;Bauherrschaft;Bauherrschaft.;Vorhabenspezifisch / Vorhaben;https://recreate-project.eu/tag/city-of-tampere/;The building was built by Skanska for the client, affordable rental housing company A-Kruunu
FI:K002;FI;Härmälänranta;B→A;Skanska Finland;Bauausführung;Bauausführung.;Vorhabenspezifisch / Vorhaben;https://recreate-project.eu/tag/city-of-tampere/;The building was built by Skanska for the client, affordable rental housing company A-Kruunu
FI:K003;FI;Härmälänranta;B→A;Consolis Parma;Aufarbeitung;Aufarbeitung der Reuse-Bauteile.;Vorhabenspezifisch / Vorhaben;https://recreate-project.eu/tag/precast-concrete;were quality controlled and factory refurbished in Consolis Parma's factory in Kangasala
FI:K004;FI;Härmälänranta;B→A;Ramboll Finland;Fachplanung;Tragwerksplanung.;Vorhabenspezifisch / Vorhaben;https://recreate-project.eu/tag/consolis-parma/;we at Ramboll developed designing the refurbishment of the reclaimed elements in collaboration with the factory
FI:K007;FI;Skanska Finland;—;Consolis Parma;Konsortialpartner;Arbeiteten im ReCreate-Verbund zusammen.;Vorhabenspezifisch / Vorhaben;https://recreate-project.eu/tag/precast-concrete;ReCreate's Finnish cluster is formed by Tampere University, Skanska, Consolis Parma, Ramboll Finland, Umacon, LIIKE architects, and the City of Tampere.
FI:K009;FI;Skanska Finland;—;Ramboll Finland;Konsortialpartner;Arbeiteten im ReCreate-Verbund zusammen.;Vorhabenspezifisch / Vorhaben;https://recreate-project.eu/tag/precast-concrete;ReCreate's Finnish cluster is formed by Tampere University, Skanska, Consolis Parma, Ramboll Finland, Umacon, LIIKE architects, and the City of Tampere.
FI:K010;FI;Skanska Finland;A→B;Lokomotion Technology Center;Bauausführung;Bauausführung.;Vorhabenspezifisch / Vorhaben;https://parma.fi/betonielementtien-uudelleenkayttoa-koeponnistettu-onnistuneesti-recreate-hankkeen-minipiloteissa/;In the ReCreate research project, companies have participated in Skanska's building projects, which serve as the study's minipilots.
FI:K011;FI;Skanska Finland;—;Tampereen kaupunki (City of Tampere);Konsortialpartner;Arbeiteten im ReCreate-Verbund zusammen.;Vorhabenspezifisch / Vorhaben;https://recreate-project.eu/tag/precast-concrete;ReCreate's Finnish cluster is formed by Tampere University, Skanska, Consolis Parma, Ramboll Finland, Umacon, LIIKE architects, and the City of Tampere.
FI:K013;FI;Consolis Parma;—;Ramboll Finland;Konsortialpartner;Bestimmte die Aufarbeitung Reuse-Bauteile.;Vorhabenspezifisch / Vorhaben;https://recreate-project.eu/tag/consolis-parma/;Consolis Parma used Ramboll's help determine suitable refurbishment measures
FI:K014;FI;Consolis Parma;A→B;Lokomotion Technology Center;Aufarbeitung;Aufarbeitung der Reuse-Bauteile.;Vorhabenspezifisch / Vorhaben;https://parma.fi/betonielementtien-uudelleenkayttoa-koeponnistettu-onnistuneesti-recreate-hankkeen-minipiloteissa/;In the ReCreate research project, companies have participated in Skanska's building projects, which serve as the study's minipilots.
FI:K015;FI;Consolis Parma;A→B;Melkinlaituri Primary School and Daycare Centre;Aufarbeitung;Aufarbeitung der Reuse-Bauteile.;Vorhabenspezifisch / Vorhaben;https://recreate-project.eu/tag/consolis-parma/;Slabs were transported to Consolis Parma's Nummela factory, where the refurbishment of the elements could begin
FI:K016;FI;Consolis Parma;—;Peikko Finland;Konsortialpartner;Erprobten demontierbare Betonverbindungen.;Vorhabenspezifisch / Vorhaben;https://www.peikko.com/blog/pilot-project-proves-that-the-dismount-and-reuse-of-concrete-elements-is-realistic-and-economical/;We implemented a pilot project at the end of 2021...to prove that the connecting technology between load-bearing structures enables easy dismantling and reassembly.
FI:K017;FI;Consolis Parma;—;Tampereen kaupunki (City of Tampere);Konsortialpartner;Arbeiteten im ReCreate-Verbund zusammen.;Vorhabenspezifisch / Vorhaben;https://recreate-project.eu/tag/precast-concrete;ReCreate's Finnish cluster is formed by Tampere University, Skanska, Consolis Parma, Ramboll Finland, Umacon, LIIKE architects, and the City of Tampere.
FI:K021;FI;Ramboll Finland;A→B;Lokomotion Technology Center;Fachplanung;Fachplanung.;Vorhabenspezifisch / Vorhaben;https://parma.fi/betonielementtien-uudelleenkayttoa-koeponnistettu-onnistuneesti-recreate-hankkeen-minipiloteissa/;In the ReCreate research project, companies have participated in Skanska's building projects, which serve as the study's minipilots.
FI:K022;FI;Ramboll Finland;A→B;Melkinlaituri Primary School and Daycare Centre;Prüfung und Nachweis;Prüfung der Reuse-Bauteile.;Vorhabenspezifisch / Vorhaben;https://recreate-project.eu/tag/consolis-parma/;Consolis Parma used Ramboll's help determine suitable refurbishment measures
FI:K024;FI;Ramboll Finland;—;Tampereen kaupunki (City of Tampere);Konsortialpartner;Arbeiteten im ReCreate-Verbund zusammen.;Vorhabenspezifisch / Vorhaben;https://recreate-project.eu/tag/precast-concrete;ReCreate's Finnish cluster is formed by Tampere University, Skanska, Consolis Parma, Ramboll Finland, Umacon, LIIKE architects, and the City of Tampere.
FI:K026;FI;Lokomotion Technology Center;B→A;ReCreate-Koordination / Faculty of Built Environment / Tampere University;Forschungsbegleitung;Forschungsbegleitung.;Vorhabenspezifisch / Vorhaben;https://recreate-project.eu/2026/02/24/second-reuse-mini-pilot-successful-in-finland/;The Finnish ReCreate cluster and Lokomotion Technology completed the second reuse mini-pilot.
FI:K027;FI;Melkinlaituri Primary School and Daycare Centre;B→A;Urban Environment Division / City of Helsinki;Bauherrschaft;Bauherrschaft.;Vorhabenspezifisch / Vorhaben;https://paatokset.hel.fi/fi/asia/hel-2024-003973;Melkinlaiturin peruskoulu ... Helsingin kaupunki
FI:K028;FI;Melkinlaituri Primary School and Daycare Centre;B→A;YIT;Bauausführung;Bauausführung.;Vorhabenspezifisch / Vorhaben;https://sustera.com/melkinlaituri-primary-school-and-day-care-centre-pilot-project-for-the-reuse-of-hollow-core-slabs/;YIT is delivering the Melkinlaituri school and day care centre for the City of Helsinki as a life-cycle project.
FI:K029;FI;Urban Environment Division / City of Helsinki;—;Kiilto Family;Gemeinsames Bauvorhaben;Erprobten wiederlösbare Fliesen.;Vorhabenspezifisch / Vorhaben;https://www.kiilto.fi/uutishuone/rakennusmateriaalit-jotka-elavat-useamman-kerran/;pilottihanke Forum Virium Helsingin ja Business Helsingin ARKI 135 kiertotaloushubin kanssa tarjoaa mahdollisuuden testata ja demonstroida teknologian toimivuutta
FI:K030;FI;ReCreate-Koordination / Faculty of Built Environment / Tampere University;—;SÄILÖ: Purusta säilöön ja kiertoon;Konsortialpartner;Verbundpartnerschaft.;Vorhabenspezifisch / Vorhaben;https://ekokumppanit.fi/hankkeet/sailo/;SÄILÖ-hanke toteutetaan yhteistyössä Oriveden kaupungin, Nokian kaupungin ja Tampereen yliopiston kanssa.
FI:K031;FI;ReCreate-Koordination / Faculty of Built Environment / Tampere University;—;Tampereen kaupunki (City of Tampere);Kooperationsvereinbarung;Stärken als Bildungs- und Wissenschaftsstandort.;Projektübergreifend / strategisch;https://www.tampere.fi/en/current/2026/02/19/strategic-partnership-between-tampere-universities-and-city-tampere;Strategic partnership between Tampere Universities and the City of Tampere
FI:K032;FI;Housing Design / Department of Architecture / Aalto University;—;VTT – Circularity in the Built Environment;Kooperationsvereinbarung;Forschen zur grünen und digitalen Transformation.;Projektübergreifend / strategisch;https://www.aalto.fi/en/corporate-collaboration/strategic-research-institute-partner-vtt;Aalto University and VTT have signed a strategic partnership agreement.
FI:K036;FI;Ekokumppanit (Kiertotalous Pirkanmaa);A→B;SÄILÖ: Purusta säilöön ja kiertoon;Trägerschaft;Trägt das federführend.;Vorhabenspezifisch / Vorhaben;https://ekokumppanit.fi/hankkeet/sailo/;Hankkeen päätoteuttajana toimii Ekokumppanien operoima Kiertotalous Pirkanmaa
FI:K038;FI;KIELO-Projektteam / Xamk;—;Mikkelin Kehitysyhtiö Miksei Oy;Konsortialpartner;Verbundpartnerschaft.;Vorhabenspezifisch / Vorhaben;https://mikseimikkeli.fi/hankkeet/kielo/;KIELO – Kiertotalousloikka rakennusmateriaalien uudelleenkäytön parantamiseksi Mikkelissä on Mikkelin kehitysyhtiö Miksei Oy:n ja Kaakkois-Suomen ammattikorkeakoulun yhteinen ryhmähanke.
FI:K039;FI;Mikkelin Kehitysyhtiö Miksei Oy;B→A;Purkupiha;Dienstleistungsbeziehung;Führte Rückbau im KIELO-Piloten aus.;Vorhabenspezifisch / Leistung;https://arkisto.mikseimikkeli.fi/hiilineutraalit-terasportaat-onnistunut-purkumateriaalien-uudelleenkayttokokeilu-mikkelissa/;Purkatyö toteutettiin yhteistyössä paikallisen rakennusliike OW-Yhtiöt Oy:n ja kohteen purku-urakoitsijaksi valikoituneen Purkupiha Oy:n kanssa.
FI:K040;FI;Purkutori.fi;B→A;Purkupiha;Betreiberschaft;Betreibt Marktplatz.;Projektübergreifend / institutionell;https://www.purkutori.fi/tietoja-meista;Purkutori.fi-palvelun tarjoaa Purkupiha Oy – yksi Suomen suurimmista purkuliikkeistä ja johtava suomalaisomisteinen rakennusten ja teollisuuden purkaja Suomessa.
FR:K006;FR;Cycle Up;—;ORAK;Kooperationsvereinbarung;Entwickelten eine Reuse-Lösung für Teppichfliesen.;Projektübergreifend / strategisch;https://site.cycle-up.fr/annonceur-plus-orak/;Aujourd'hui Orak propose, en partenariat avec Cycle Up, une solution globale pour dalles textiles neuves ou réemployées
FR:K008;FR;Cycle Up;—;TEXTIFLOOR;Kooperationsvereinbarung;Verbessern gemeinsam Bodenbelag-Reuse.;Projektübergreifend / strategisch;https://site.cycle-up.fr/textifloor-annonceurplus/;le partenariat Cycle Up X Textifloor a pour objectif de contribuer à l'amélioration de la chaine de valeur
FR:K010;FR;Réempro;A→B;CD2E;Mitgliedschaft;Mitgliedschaft im Netzwerk.;Projektübergreifend / institutionell;https://cd2e.com/portraits-adherents/reempro-cd2e-portraits-adherents/;Grâce à la notoriété du CD2E, nous avons pu bénéficier d'un grand réseau d'acteurs du réemploi et ainsi améliorer notre expertise sur le sujet.
FR:K015;FR;Circular Pavilion Paris;B→A;Encore Heureux;Entwurf;Entwurf.;Vorhabenspezifisch / Vorhaben;https://encoreheureux.org/en/projects/pavillon-circulaire;ENCORE HEUREUX ARCHITECTES (mandataires)
FR:K016;FR;Ferme du Rail Paris;B→A;Travail & Vie;Bauausführung;Bauausführung.;Vorhabenspezifisch / Vorhaben;https://www.ekopolis.fr/operations-batiment/la-ferme-du-rail;Dans les entreprises : Apijbat et Travail et Vie
FR:K017;FR;Ferme du Rail Paris;B→A;Réhabail;Bauherrschaft;Bauherrschaft.;Vorhabenspezifisch / Vorhaben;https://www.ekopolis.fr/operations-batiment/la-ferme-du-rail;La maîtrise d'ouvrage privée Réhabail a été un acteur moteur et volontaire dans la démarche de réemploi
FR:K018;FR;Ferme du Rail Paris;B→A;Pouget Consultants;Fachplanung;Fachplanung.;Vorhabenspezifisch / Vorhaben;https://grandhuit.eu/projet/ferme-du-rail/;Grand Huit avec Albert et cie (AMO), Scoping (BET TCE), Gamba (BET acoustique) et Toreana, Pouget (BE thermique), Mélanie Drevet paysagiste
FR:K020;FR;Ferme du Rail Paris;B→A;Albert & Co;Fachplanung;Fachplanung.;Vorhabenspezifisch / Vorhaben;https://grandhuit.eu/projet/ferme-du-rail/;rand huit avec albert et cie (amo), scoping (bet tce), gamba (bet acoustique) et toreana, pouget (be thermique), melanie drevet paysagi
FR:K021;FR;Grande Halle de Colombelles;B→A;Le WIP;Betrieb;Betrieb.;Vorhabenspezifisch / Vorhaben;https://www.ekopolis.fr/operations-batiment/grande-halle-de-colombelles;Le WIP, actuel exploitant du bâtiment, a été titulaire de ce lot Réemploi
FR:K022;FR;Maison des Canaux, Paris;B→A;Les Canaux;Betrieb;Betrieb.;Vorhabenspezifisch / Vorhaben;https://www.paris.fr/pages/les-canaux-une-maison-des-economies-solidaires-et-innovantes-4133;la Maison des Canaux, gérée par l'association Les Canaux
FR:K023;FR;Maison des Canaux, Paris;B→A;Ville de Paris;Bauherrschaft;Bauherrschaft.;Vorhabenspezifisch / Vorhaben;https://www.paris.fr/pages/l-economie-circulaire-au-coeur-du-chantier-de-la-maison-des-canaux-16966;La Ville de Paris a décidé d'en faire un chantier de travaux exemplaire, sur le plan environnemental, notamment en économie circulaire, et solidaire.
FR:K024;FR;Ville de Paris;A→B;Plateforme de réemploi des matériaux de voirie de la Ville de Paris;Betreiberschaft;Betreibt das Straßenbau-Depot.;Projektübergreifend / institutionell;https://www.paris.fr/pages/le-pave-parisien-a-l-epreuve-du-temps-7511;Tous les chantiers de voirie parisiens ont leur réserve de granit au cœur d'un immense dépôt de la Direction de la voirie et des déplacements à Bonneuil sur Marne.
FR:K025;FR;Résilience;B→A;Novaedia / Novædia;Betrieb;Betrieb.;Vorhabenspezifisch / Vorhaben;http://materiauxreemploi.com/visite-de-chantier-resilience-la-ferme-des-possibles-a-stains/;Le bâtiment accueillera en mars 2020 le siège social et les ateliers de Novaedia, coopérative à but d'insertion sociale
FR:K026;FR;Résilience;B→A;SOCOTEC;Prüfung und Nachweis;Prüfung der Reuse-Bauteile.;Vorhabenspezifisch / Vorhaben;https://topophile.net/faire/la-ferme-des-possibles-ou-de-la-serendipite/;contrôleur technique : SOCOTEC
FR:K027;FR;Résilience;B→A;Depuis 1920;Bauausführung;Bauausführung.;Vorhabenspezifisch / Vorhaben;http://materiauxreemploi.com/visite-de-chantier-resilience-la-ferme-des-possibles-a-stains/;Les châssis ont été déposés, transportés et retravaillés dans les ateliers de l'entreprise de menuiseries Depuis1920
FR:K028;FR;Résilience;B→A;Association Réavie;Bauteillieferung;Lieferte Reuse-Bauteile.;Vorhabenspezifisch / Vorhaben;http://materiauxreemploi.com/visite-de-chantier-resilience-la-ferme-des-possibles-a-stains/;L'association Réavie a préparé et livré des éléments tels que des WC, des luminaires, des poignées de portes, des mitigeurs
FR:K030;FR;Résilience;B→A;Archipel zéro;Entwurf;Entwurf.;Vorhabenspezifisch / Vorhaben;http://materiauxreemploi.com/visite-de-chantier-resilience-la-ferme-des-possibles-a-stains/;Conçu par l'agence d'architecture Frédéric Denise – Archipel Zéro, le projet illustre l'engagement de la maîtrise d'ouvrage
FR:K031;FR;La Fab Bordeaux;B→A;Collectif CANCAN;Dienstleistungsbeziehung;Arbeitete im Auftrag.;Vorhabenspezifisch / Leistung;https://www.collectifcancan.fr/project/promenade/;Commanditaire : La Fab
FR:K032;FR;Encore Heureux;A→B;REMIX / matériaux réemploi;Gründung;Mitgründung des Reuse-Büros.;Projektübergreifend / institutionell;https://encoreheureux.org/en/news/creation-d-un-bureau-d-etudes-dedie-au-reemploi;Encore Heureux Architectes et Morgan Moinet décident de fonder REMIX, un bureau d'études
FR:K033;FR;Mobius Réemploi;—;CSTB;Konsortialpartner;Arbeiteten im SPIROU-Verbund zusammen.;Vorhabenspezifisch / Vorhaben;https://www.cstb.fr/nos-offres/toutes-nos-offres/accompagner-developpement-reemploi;le projet de recherche SPIROU (Sécuriser les Pratiques Innovantes de Réemploi via une Offre Unifiée) co-financé par l'ADEME, le CSTB et ses partenaires Mobius réemploi, le Booster du Réemploi / A4MT et Qualiconsult
FR:K034;FR;CANCAN Architecture;—;REFAIR Bordeaux;Zusammenarbeit, Art unklar;Begleitete beim Reuse-Vorhaben.;Vorhabenspezifisch / Leistung;https://refair-bm.fr/le-reemploi-cest-la-base/;REFAIR accompagne CANCAN Architecture sur le réemploi.
FR:K035;FR;CSTB;—;Bellastock;Konsortialpartner;Arbeiteten im FCRBE-Verbund zusammen.;Vorhabenspezifisch / Vorhaben;https://lecho-circulaire.com/le-projet-fcrbe-facilite-le-reemploi-dans-la-construction/;Bellastock et le CSTB en France, Bruxelles-Environnement, Belgian Building Research Institute (BBRI) et la Confédération de la Construction en Belgique, la School of Architecture and Design de l'Université de Brighton et l'opérateur
FR:K038;FR;CSTB;—;Institut National de l'Économie Circulaire (INEC);Konsortialpartner;Arbeiteten im LIFE-Waste2Build-Verbund zusammen.;Vorhabenspezifisch / Vorhaben;https://www.cstb.fr/toutes-les-actualites/economie-circulaire-batiment;Le CSTB a rejoint le consortium ... avec l'Institut National de l'Économie Circulaire.
FR:K039;FR;CSTB;—;Booster du Réemploi (A4MT);Konsortialpartner;Arbeiteten im SPIROU-Verbund zusammen.;Vorhabenspezifisch / Vorhaben;https://www.cstb.fr/nos-offres/toutes-nos-offres/accompagner-developpement-reemploi;le projet de recherche SPIROU (Sécuriser les Pratiques Innovantes de Réemploi via une Offre Unifiée) co-financé par l'ADEME, le CSTB et ses partenaires Mobius réemploi, le Booster du Réemploi / A4MT et Qualiconsult
FR:K041;FR;Lascombes Matériaux Anciens;A→B;Lascombes Matériaux Anciens Sud-Ouest;Konzernbindung;Führt Sud- als Regionaldepot.;Projektübergreifend / institutionell;https://www.lascombes-sud-ouest.fr/p-infos-pratiques_fr.htm;Lascombes Sud-Ouest est le dépôt régional secondaire de l'entreprise.
FR:K044;FR;Booster du Réemploi (A4MT);—;CD2E;Kooperationsvereinbarung;Organisieren lokalen Reuse- gemeinsam.;Vorhabenspezifisch / Vorhaben;https://cd2e.com/domaines-dexpertise/economie-circulaire/booster-du-reemploi/;le CD2E et Action for Market Transformation – A4MT joignent leurs forces pour organiser un nouveau Booster du Réemploi local
GB:K002;GB;Gardiner & Theobald;A→B;BedZED;Fachplanung;Tragwerksplanung.;Vorhabenspezifisch / Vorhaben;https://en.wikipedia.org/wiki/BedZED;led by the Peabody Trust in partnership with Bill Dunster Architects, Ellis & Moore Consulting Engineers, BioRegional, Arup and the cost consultants Gardiner and Theobald
GB:K003;GB;Gardiner & Theobald;A→B;55 Great Suffolk Street;Fachplanung;Fachplanung.;Vorhabenspezifisch / Vorhaben;https://asbp.org.uk/case-studies/55-great-suffolk-street;Gardiner & Theobald (Project Manager – reclaimed steel initiative)
GB:K016;GB;CascadeUp;B→A;UCL Circular Economy Lab;Forschungsbegleitung;Forschungsbegleitung.;Vorhabenspezifisch / Vorhaben;https://www.ucl.ac.uk/circular-economy-lab/research/reusing-wood-demolition-mass-timber-products;The pilot, known as CascadeUp, brings our bio-based, circular economy research to life.
GB:K017;GB;CascadeUp;B→A;UK CLT;Bauteillieferung;Lieferte Reuse-Holz.;Vorhabenspezifisch / Vorhaben;https://ukclt.com/;This pilot modular building uses glulamST for its structural frame, and CLST as wall and floor panels.
GB:K026;GB;Whitby Wood;A→B;The Engineers Reuse Collective (TERC);Gründung;Gründung als Mitgründerin.;Projektübergreifend / institutionell;https://terc.org.uk/news_launch/;The group has been founded by Buro Happold, Civic Engineers, Elliott Wood, Heyne Tillett Steel, Webb Yates Engineers and Whitby Wood, and is supported by The Institution of Structural Engineers.
GB:K030;GB;Brighton Waste House;B→A;Studierende, Schulkinder und Freiwillige;Bauausführung;Bauausführung.;Vorhabenspezifisch / Vorhaben;https://www.brighton.ac.uk/mrm/building-the-future/index.aspx;70 students worked on the Waste House in their workshops and over 250 students helped in total
GB:K038;GB;Hastings Pier Visitor Centre;B→A;National Lottery Heritage Fund;Förderung;Förderung.;Vorhabenspezifisch / Vorhaben;http://drmmstudio.com/project/hastings-pier/;Funding: Heritage Lottery Fund (£11.4 million grant)
GB:K041;GB;Holbein Gardens, London;B→A;Heyne Tillett Steel / HTS;Fachplanung;Tragwerksplanung.;Vorhabenspezifisch / Vorhaben;https://asbp.org.uk/case-studies/holbein-gardens;Engineers and consultants: TFT (Sustainability Consultant) HTS (Structural Engineer)
GB:K042;GB;Holbein Gardens, London;B→A;Cleveland Steel & Tubes;Bauteillieferung;Lieferte Reuse-Stahl.;Vorhabenspezifisch / Vorhaben;https://terc.org.uk/54-2/;Steel supplier: Cleveland Steel & Tubes
GB:K044;GB;Holbein Gardens, London;B→A;TFT Consultants;Reuse-Konzept;Reuse-Konzept.;Vorhabenspezifisch / Vorhaben;https://asbp.org.uk/case-studies/holbein-gardens;Engineers and consultants: TFT (Sustainability Consultant)
GB:K046;GB;Heyne Tillett Steel / HTS;B→A;Cleveland Steel & Tubes;Lieferbeziehung;Liefert Reuse-Stahl.;Projektübergreifend / operativ;https://hts.uk.com/news-views/the-future-of-steel-reuse/;We work closely with Cleveland Steel & Tubes.
GB:K047;GB;Heyne Tillett Steel / HTS;A→B;The Engineers Reuse Collective (TERC);Gründung;Gründung als Mitgründerin.;Projektübergreifend / institutionell;https://hts.uk.com/news-views/introducing-the-engineers-reuse-collective/;Founding members include Heyne Tillett Steel.
GB:K048;GB;Cleveland Steel & Tubes;A→B;Timber Square London;Bauteillieferung;Lieferte Reuse-Stahl.;Vorhabenspezifisch / Vorhaben;https://timberdevelopment.uk/print-and-ink-buildings-timber-square/;125 tonnes of reused steel were sourced from Cleveland Steel & Tubes.
GB:K049;GB;Cleveland Steel & Tubes;A→B;55 Great Suffolk Street;Bauteillieferung;Lieferte Reuse-Stahl.;Vorhabenspezifisch / Vorhaben;https://asbp.org.uk/case-studies/55-great-suffolk-street;11.1 tonnes of steel were procured from Cleveland Steel & Tubes.
GB:K051;GB;Cleveland Steel & Tubes;A→B;Elliott Wood;Lieferbeziehung;Liefert Reuse-Stahl.;Vorhabenspezifisch / Leistung;https://www.elliottwood.co.uk/latest/180-piccadilly-londons-largest-steel-reuse-project;Sourced from Cleveland Steel Stock, 4% of the steel is reclaimed, and 1% is recovered
GB:K052;GB;House of Fraser;B→A;FORE Partnership;Bauherrschaft;Bauherrschaft.;Vorhabenspezifisch / Vorhaben;https://www.theconstructionindex.co.uk/news/view/london-office-project-reuses-90-year-old-department-store-steel;The deal to reuse steel from House of Fraser was conceived between Fore and its consultants, Civic Engineers
GB:K053;GB;House of Fraser;B→A;Willmott Dixon;Bauausführung;Bauausführung.;Vorhabenspezifisch / Vorhaben;https://www.willmottdixon.co.uk/now-or-never/case-studies/tower-bridge-court-sets-standard-for-reuse-of-building-materials;Collaboration between supply chain partners flagged the potential to reuse steel from the demolition of the House of Fraser building on Oxford Street
GB:K056;GB;House of Fraser;B→A;Webb Yates Engineers;Fachplanung;Tragwerksplanung.;Vorhabenspezifisch / Vorhaben;https://www.theconstructionindex.co.uk/news/view/london-office-project-reuses-90-year-old-department-store-steel;Webb Yates, the engineer appointed to TBC London, ensured there was a smooth transition for using the recycled materials in the Thames-side design
GB:K059;GB;House of Fraser;B→A;Civic Engineers;Fachplanung;Tragwerksplanung.;Vorhabenspezifisch / Vorhaben;https://www.building.co.uk/buildings/its-mandss-oxford-street-neighbour-and-its-being-refurbished-not-demolished/5129238.article;Structural engineer: Civic Engineers
GB:K060;GB;House of Fraser;B→A;Studio PDP;Entwurf;Entwurf.;Vorhabenspezifisch / Vorhaben;https://studiopdp.com/blog/oxford-streets-sleeping-giant-awakens;Studio PDP is leading the transformation of 318 Oxford Street.
GB:K061;GB;Webb Yates Engineers;A→B;The Engineers Reuse Collective (TERC);Gründung;Gründung als Mitgründerin.;Projektübergreifend / institutionell;https://hts.uk.com/news-views/introducing-the-engineers-reuse-collective/;Founding members include Webb Yates Engineers.
GB:K062;GB;Civic Engineers;—;Studio PDP;Gemeinsames Bauvorhaben;Planten 318 Oxford Street gemeinsam.;Vorhabenspezifisch / Vorhaben;https://studiopdp.com/blog/permission-granted-318-oxford-street;Structural and Facade Engineer: Civic Engineers
GB:K063;GB;Civic Engineers;A→B;The Engineers Reuse Collective (TERC);Gründung;Gründung als Mitgründerin.;Projektübergreifend / institutionell;https://hts.uk.com/news-views/introducing-the-engineers-reuse-collective/;Founding members include Civic Engineers.
GB:K068;GB;PLP Architecture London Studio Circular Fit-out;B→A;Method;Bauausführung;Führte Ausbauarbeiten aus.;Vorhabenspezifisch / Vorhaben;https://plparchitecture.com/plp-architecture-circular-studio-fit-out/;Contractor Method
GB:K071;GB;PLP Architecture London Studio Circular Fit-out;B→A;Grants of Shoreditch;Bauteillieferung;Lieferte Reuse-Marmor.;Vorhabenspezifisch / Vorhaben;https://plparchitecture.com/plp-architecture-circular-studio-fit-out/;Reclaimed Marble Grants of Shoreditch
GB:K072;GB;Method;—;PLP Architecture;Gemeinsames Bauvorhaben;Gemeinsames Bauvorhaben.;Vorhabenspezifisch / Vorhaben;https://plparchitecture.com/plp-architecture-circular-studio-fit-out/;Contractor Method
GB:K075;GB;Grants of Shoreditch;A→B;PLP Architecture;Lieferbeziehung;Lieferte Reuse-Marmor.;Vorhabenspezifisch / Leistung;https://plparchitecture.com/plp-architecture-circular-studio-fit-out/;Reclaimed Marble Grants of Shoreditch
GB:K078;GB;Roots in the Sky;B→A;AKT II;Fachplanung;Tragwerksplanung.;Vorhabenspezifisch / Vorhaben;https://www.architectsjournal.co.uk/news/developer-urban-mines-broadgate-steel-frame-for-southwark-retrofits;collaboration from AKT II, Gardiner & Theobald and Atelier Ten
GB:K083;GB;AKT II;A→B;55 Great Suffolk Street;Prüfung und Nachweis;Prüfung der Reuse-Bauteile.;Vorhabenspezifisch / Vorhaben;https://www.architectsjournal.co.uk/news/developer-urban-mines-broadgate-steel-frame-for-southwark-retrofits;AKT II was involved in assessing and repurposing the steel.
GB:K090;GB;Timber Square London;B→A;Opera Property & Asset Management;Fachplanung;Fachplanung.;Vorhabenspezifisch / Vorhaben;https://www.operapm.co.uk/place/our-projects/timber-square-southwark;Opera have led the procurement and management of the professional team, programming and contractor procurement strategy for the site
GB:K092;GB;Opera Property & Asset Management;A→B;55 Great Suffolk Street;Fachplanung;Fachplanung.;Vorhabenspezifisch / Vorhaben;https://asbp.org.uk/case-studies/55-great-suffolk-street;Opera (Project Manager – 55 Great Suffolk Street)
GB:K093;GB;Hawkins\Brown;A→B;55 Great Suffolk Street;Entwurf;Entwurf.;Vorhabenspezifisch / Vorhaben;https://www.hawkinsbrown.com/projects/55-great-suffolk-street/;Scope: Architecture
GB:K095;GB;The Engineers Reuse Collective (TERC);B→A;Elliott Wood;Gründung;Gründung als Mitgründerin.;Projektübergreifend / institutionell;https://hts.uk.com/news-views/introducing-the-engineers-reuse-collective/;Founding members include Elliott Wood.
NL:K007;NL;Lagemaat Heerde;A→B;lcp-circulair;Gründung;Gründung als Mitgründerin.;Projektübergreifend / institutionell;https://lcp-circulair.nl/;LCP circulair is een samenwerking tussen cepezed projects en Lagemaat
NL:K009;NL;cepezed;A→B;The Green House Utrecht;Entwurf;Entwurf.;Vorhabenspezifisch / Vorhaben;https://www.cepezed.com/recent/circulair-paviljoen-the-green-house-geopend/;The circular and highly sustainable design was made by cepezed in commission of consortium R Creators.
NL:K010;NL;cepezed;A→B;lcp-circulair;Gründung;Gründung als Mitgründerin.;Projektübergreifend / institutionell;https://iconrealestate.com/news/landmark-for-circular-innovation-circl-dismantling-to-commence/;Lcp circulair, a joint venture between cepezedprojects and Lagemaat.
NL:K011;NL;IMd Raadgevende Ingenieurs;A→B;BioPartner 5;Entwurf;Entwurf.;Vorhabenspezifisch / Vorhaben;https://www.staalmakers.nl/projecten/biopartner-5/;Constructief ontwerp: IMd Raadgevende Ingenieurs
NL:K012;NL;IMd Raadgevende Ingenieurs;A→B;Montessori Maassluis;Fachplanung;Tragwerksplanung.;Vorhabenspezifisch / Vorhaben;https://www.kraaijvanger.nl/nl/projecten/montessori-maassluis;Designteam: IMd Raadgevende Ingenieurs
NL:K014;NL;BioPartner 5;B→A;Popma ter Steege Architecten / PTSA;Entwurf;Entwurf.;Vorhabenspezifisch / Vorhaben;https://www.staalmakers.nl/projecten/biopartner-5/;Architectuur: Popma ter Steege Architecten
NL:K016;NL;BioPartner 5;B→A;Vic Obdam Staalbouw;Bauausführung;Bauausführung.;Vorhabenspezifisch / Vorhaben;https://www.staalmakers.nl/projecten/biopartner-5/;Staalbouw: Vic Obdam Staalbouw
NL:K025;NL;Jeugdkliniek Ithaka;B→A;Rothuizen Architecten / Taco Tuinhof;Entwurf;Entwurf.;Vorhabenspezifisch / Vorhaben;https://rothuizen-architecten.nl/project/circulair-gebouw-voor-kind-en-jeugdkliniek/;Architect - Partner Taco Tuinhof
NL:K027;NL;Jeugdkliniek Ithaka;B→A;ABT;Fachplanung;Fachplanung.;Vorhabenspezifisch / Vorhaben;https://luning.nl/projecten/zorgkliniek-emergis-kloetinge/;Houtconstructeur - ABT en Adviesbureau Lüning ontwierpen samen de hergebruikte houten draagconstructie voor de Emergis-kliniek.
NL:K029;NL;Jeugdkliniek Ithaka;B→A;Rijkswaterstaat;Bauteillieferung;Lieferte Reuse-Bauteile.;Vorhabenspezifisch / Vorhaben;https://www.burobas.nl/project/emergis-ithaka-circulariteit-duurzaamheid-healing-environment-ontwerp;Het kantoor van Rijkswaterstaat in Terneuzen...is afgebroken en zoveel mogelijk materialen zijn hergebruikt voor de nieuwbouw van deze kliniek.
NL:K031;NL;Jeugdkliniek Ithaka;B→A;DWT Groep;Bauausführung;Bauausführung.;Vorhabenspezifisch / Vorhaben;https://demakersvanmorgen.com/ithaka-kliniek-circulair-en-energieneutraal/;Aan DWT Groep werd gevraagd dit op te pakken.
NL:K032;NL;Liander;B→A;Alliander / Liander;Bauherrschaft;Bauherrschaft.;Vorhabenspezifisch / Vorhaben;https://www.rau.eu/portfolio/liander/;Client: Alliander - VolkerWessels
NL:K034;NL;Liander;B→A;Madaster / Materialpass-Kontext;Bauteilinventarisierung;Bauteilinventarisierung.;Vorhabenspezifisch / Vorhaben;https://milieudatabase.nl/en/latest/news/en-madaster-we-willen-aansluiten-bij-datgene-wat-er-al-is/;We hadden toen al enige ervaring opgedaan met het gemeentehuis in Brummen [2011-2013] en het Alliander-kantoor in Duiven [2011-2015].
NL:K035;NL;Liander;B→A;RAU;Bauherrschaft;Bauherrschaft.;Vorhabenspezifisch / Vorhaben;https://www.rau.eu/portfolio/liander/;Bij de bouw van het complex zijn grondstoffen en materialen hergebruikt en gedocumenteerd in een grondstoffenpaspoort.
NL:K036;NL;Montessori Maassluis;B→A;Kraaijvanger Architects;Entwurf;Entwurf.;Vorhabenspezifisch / Vorhaben;https://www.kraaijvanger.nl/en/news/de-handtekeningen-zijn-gezet-montessorischool-maassluis;Kraaijvanger Architects is collaborating on this project with the client Stichting Montessorischolen Monton, A. de Jong Groep, Anculus, Vintis Installatieadviseurs, VIA landscape, IMd Raadgevende Ingenieurs, and Van Dijk Maasland B.V.
NL:K051;NL;SUPERLOCAL Expogebouw;B→A;HEEMwonen;Bauherrschaft;Bauherrschaft.;Vorhabenspezifisch / Vorhaben;https://www.superlocal.eu/superlocal/expogebouw/;HEEMwonen, gemeente Kerkrade en IBA Parkstad hebben de ambitie en uitgangspunten van het concept bewaakt en gecoördineerd.
NL:K053;NL;SUPERLOCAL Expogebouw;B→A;IBA Parkstad;Reuse-Konzept;Reuse-Konzept.;Vorhabenspezifisch / Vorhaben;https://www.superlocal.eu/superlocal/expogebouw/;HEEMwonen, gemeente Kerkrade en IBA Parkstad hebben de ambitie en uitgangspunten van het concept bewaakt en gecoördineerd.
NL:K054;NL;SUPERLOCAL Expogebouw;B→A;Maurer United;Entwurf;Entwurf.;Vorhabenspezifisch / Vorhaben;https://www.superlocal.eu/superlocal/expogebouw/;De architect Maurer United is in zijn ontwerp gebonden aan deze herbruikbare elementen in plaats van nieuwe onderdelen.
NL:K056;NL;SUPERLOCAL Expogebouw;B→A;Dusseldorp;Bauteillieferung;Lieferte Reuse-Bauteile.;Vorhabenspezifisch / Vorhaben;https://www.superlocal.eu/superlocal/expogebouw/;Sloopbedrijf Dusseldorp is leverancier van de bouwmaterialen, die ze oogsten tijdens de sloop van de flat.
NL:K057;NL;SUPERLOCAL Expogebouw;B→A;Bouwbedrijven Jongen;Bauausführung;Bauausführung.;Vorhabenspezifisch / Vorhaben;https://www.superlocal.eu/superlocal/expogebouw/;De aannemer, Bouwbedrijven Jongen was afhankelijk van de staat en kwaliteit van de geoogste materialen.
NL:K058;NL;SUPERLOCAL Expogebouw;B→A;SURD Research Centre / Zuyd;Forschungsbegleitung;Forschungsbegleitung.;Vorhabenspezifisch / Vorhaben;https://www.kerkrade.nl/superlocal-bleijerheide;een partnerschap gevormd tussen 12 partijen: HEEMwonen, Dusseldorp infra, sloop en milieutechniek, Bouwbedrijven Jongen, WML, Waterschapsbedrijf Limburg, Zuyd Hogeschool
NL:K061;NL;The Green House Utrecht;B→A;Pieters;Fachplanung;Tragwerksplanung.;Vorhabenspezifisch / Vorhaben;https://www.cepezed.com/projects/the-green-house/;stability: pieters bouwtechniek
NL:K063;NL;The Green House Utrecht;B→A;Ballast Nedam;Bauausführung;Bauausführung.;Vorhabenspezifisch / Vorhaben;https://www.cepezed.com/projects/the-green-house/;main contractor: ballast nedam
NL:K065;NL;The Green House Utrecht;B→A;De Groot & Visser;Bauausführung;Bauausführung.;Vorhabenspezifisch / Vorhaben;https://www.cepezed.com/projects/the-green-house/;facades: de groot & visser
NL:K066;NL;ABN AMRO;A→B;Circl;Bauherrschaft;Entwickelte und baute Circl.;Vorhabenspezifisch / Vorhaben;https://www.duurzaamnieuws.nl/abn-amro-geeft-circulair-bouwen-gezicht-met-paviljoen-circl/;ABN AMRO heeft dit pand circulair ontwikkeld en gebouwd om de opgedane kennis te delen en klanten goed over circulariteit te kunnen adviseren.
NL:K068;NL;Villa Welpeloo Enschede;B→A;Superuse Studios / 2012Architecten;Entwurf;Entwurf.;Vorhabenspezifisch / Vorhaben;https://www.ellenmacarthurfoundation.org/circular-examples/finding-and-utilising-waste-materials-for-construction-purposes;Villa Welpeloo is a house and art studio designed and constructed in 2005 by Superuse Studios.
NL:K069;NL;Superuse Studios / 2012Architecten;—;New Horizon UM;Kooperationsvereinbarung;Führen Oogstkaart.nl nach Übernahme fort.;Vorhabenspezifisch / Ereignis;https://architectenweb.nl/nieuws/artikel.aspx?ID=47638;Om die vraag te beantwoorden ontwikkelde Superuse Studios tien jaar geleden het platform Oogstkaart.nl. Met de overname door New Horizon Urban Mining moet het platform doorgroeien tot het belangrijkste platform op dit gebied in Nederland.
NL:K070;NL;Woongroep Boschgaard;B→A;Bewohnerinitiative Boschgaard;Bauherrschaft;Bauherrschaft.;Vorhabenspezifisch / Vorhaben;https://www.crowdbuilding.com/d/initiatieven/boschgaard;het initiatief volledig bij de toekomstige bewoners vandaan komt
NL:K071;NL;Woongroep Boschgaard;B→A;Zayaz;Bauherrschaft;Bauherrschaft.;Vorhabenspezifisch / Vorhaben;https://www.zayaz.nl/boschgaard;Zayaz ondersteunt en faciliteert hen hierin. En blijft eigenaar van het gebouw
NO:K001;NO;Loopfront;A→B;Regionalt ombruksnettverk for byggematerialer (Oslo-Trondheim);Gründung;Gründung des Reuse-Netzes.;Projektübergreifend / institutionell;https://www.multiconsult.no/etablerer-nettverk-for-mer-ombruk-av-byggematerialer/;Loopfront og Multiconsult etablerer nå nettverk for ombruk av byggematerialer.
NO:K002;NO;KA13;B→A;Entra AS;Bauherrschaft;Bauherrschaft.;Vorhabenspezifisch / Vorhaben;https://www.futurebuilt.no/forbildeprosjekter/kristian-augusts-gate-13-oslo;Developer: Entra
NO:K003;NO;KA13;B→A;MAD arkitekter / Mad as;Entwurf;Entwurf.;Vorhabenspezifisch / Vorhaben;https://www.futurebuilt.no/forbildeprosjekter/kristian-augusts-gate-13-oslo;Architect: Mad
NO:K004;NO;KA13;B→A;FutureBuilt;Bauausführung;Bauausführung.;Vorhabenspezifisch / Vorhaben;https://www.futurebuilt.no/forbildeprosjekter/kristian-augusts-gate-13-oslo;Kristian Augusts gate relates to FutureBuilt's criteria for circular buildings.
NO:K005;NO;KA13;B→A;Asplan Viak;Entwurf;Entwurf.;Vorhabenspezifisch / Vorhaben;https://www.futurebuilt.no/forbildeprosjekter/kristian-augusts-gate-13-oslo;Landscape Architect: Asplan Viak / Environmental Consultant: Asplan Viak AS
NO:K006;NO;KA13;B→A;Insenti;Reuse-Konzept;Reuse-Konzept.;Vorhabenspezifisch / Vorhaben;https://insenti.no/prosjekt/kristian-augusts-gate-13-ka13/;Insenti er engasjert av Entra som byggherrens representant med byggeledelse, prosjektledelse, prosjekteringsgruppeledelse, miljørådgiving og ombrukskoordinering.
NO:K007;NO;KA13;B→A;Scenario Interiørarkitekter;Entwurf;Entwurf.;Vorhabenspezifisch / Vorhaben;https://www.scenario.no/prosjekter/ka13-tullinlokka;Her har Scenario hatt ansvar for interiøret i kontorbyggets åtte etasjer.
NO:K011;NO;Asker kommune – Ombruk;A→B;Regionalt ombruksnettverk for byggematerialer (Oslo-Trondheim);Mitgliedschaft;Mitgliedschaft im Reuse-Netz.;Projektübergreifend / institutionell;https://www.multiconsult.no/etablerer-nettverk-for-mer-ombruk-av-byggematerialer/;deltar med bygg som skal kartlegges, blant annet Oslo Areal, Omsorgsbygg Oslo KF, Asker kommune, Trondheim kommune, TOBB, NTNU og SINTEF
NO:K012;NO;Asker kommune – Ombruk;B→A;Sirken;Dienstleistungsbeziehung;Erprobte Reuse-Container.;Vorhabenspezifisch / Vorhaben;https://www.asker.kommune.no/klima-og-natur/siste-nytt-om-klima-og-natur/tre-ar-med-sirkulare-fremskritt/;Kommunen tester ut Sirken, en selvbetjent butikk i kontainer, som gjør materialer fra rivingsprosjekter, og overskudd fra byggeprosjekter tilgjengelige.
NO:K013;NO;Bodø Kommune;—;Nordlandsforskning AS;Kooperationsvereinbarung;Erforschen Bürgerbeteiligung in gemeinsam.;Vorhabenspezifisch / Vorhaben;https://www.an.no/bodo-en-barekraftig-og-samskapende-by/o/5-4-1367256;Bodø kommune i samarbeid med Nordlandsforskning, Nord universitet, Nordland fylkeskommune, Bodø/Glimt og Bodø Røde Kors utforske hvordan det kan gjøres.
NO:K015;NO;Multiconsult;A→B;Regionalt ombruksnettverk for byggematerialer (Oslo-Trondheim);Gründung;Gründung des Reuse-Netzes.;Projektübergreifend / institutionell;https://www.multiconsult.no/etablerer-nettverk-for-mer-ombruk-av-byggematerialer/;Loopfront og Multiconsult etablerer nå nettverk for ombruk av byggematerialer.
NO:K018;NO;Regionalt ombruksnettverk for byggematerialer (Oslo-Trondheim);B→A;TOBB;Mitgliedschaft;Mitgliedschaft im Reuse-Netz.;Projektübergreifend / institutionell;https://www.multiconsult.no/etablerer-nettverk-for-mer-ombruk-av-byggematerialer/;deltar med bygg som skal kartlegges, blant annet Oslo Areal, Omsorgsbygg Oslo KF, Asker kommune, Trondheim kommune, TOBB, NTNU og SINTEF
NO:K019;NO;Regionalt ombruksnettverk for byggematerialer (Oslo-Trondheim);B→A;Trondheim kommune;Mitgliedschaft;Mitgliedschaft im Reuse-Netz.;Projektübergreifend / institutionell;https://www.multiconsult.no/etablerer-nettverk-for-mer-ombruk-av-byggematerialer/;deltar med bygg som skal kartlegges, blant annet Oslo Areal, Omsorgsbygg Oslo KF, Asker kommune, Trondheim kommune, TOBB, NTNU og SINTEF
NO:K021;NO;TOBB;—;Rehub;Konsortialpartner;Arbeiteten im Vendom-Verbund zusammen.;Vorhabenspezifisch / Vorhaben;https://tobb.no/itobb/tobb-med-i-vendom-veien-mot-en-sirkulaer-byggenaering/;Partnere i Vendom: ... Rehub ... TOBB ...
NO:K027;NO;OMBYGG;A→B;Sirkulær Ressurssentral;Betreiberschaft;Betreibt Reuse-Handel Ressourcenzentrale.;Projektübergreifend / institutionell;https://www.ressurssentral.no/;I teltet tilbyr driftsselskapet Ombygg ombruksvarer av høy kvalitet og utleie av lagerplass til ombruksvarer.
SE:K001;SE;Åhlin & Ekeroth;A→B;Bygghubben;Konzernbindung;Ist Miteigentümerin von Bygghubben.;Projektübergreifend / institutionell;https://ahlin-ekeroth.se/bygghubben-i-nytt-samarbete-med-k-bygg/;Bygghubben, som Åhlin & Ekeroth är delägare i och en av initiativtagarna till
SE:K002;SE;Akademiska Hus;—;Bjerking;Konsortialpartner;Arbeiteten im Återhus-Verbund zusammen.;Vorhabenspezifisch / Vorhaben;https://www.akademiskahus.se/om-oss/aktuellt/Nyheter/2023/december/samverkan-for-aterbruk-av-lastbarande-konstruktionsdelar/;14 parter ingår i projektkonsortium: RISE, Akademiska Hus, Bjerking, Codesign, Förbo, Heidelberg Materials-Precast Contiga, KTH, Magnolia Bostad, NCC, Palats
SE:K003;SE;Akademiska Hus;—;Handslag för cirkulärt byggande;Konsortialpartner;Mitgliedschaft.;Projektübergreifend / institutionell;https://www.businessregiongoteborg.se/naringslivsutveckling/hallbar-utveckling/goteborgs-plattform-klimatneutralt-byggande/handslag-cirkulart-byggande;Akademiska Hus
SE:K005;SE;Akademiska Hus;—;Wiklunds Åkeri;Konsortialpartner;Arbeiteten im KRETS-Verbund zusammen.;Projektübergreifend / strategisch;https://www.wiklunds.se/affarsomraden/cirkulart-byggande/;Bland medlemmarna finns Vasakronan, Castellum, Wiklunds, Alecta Fastigheter, Akademiska Hus samt Uppsala klimatprotokoll
SE:K006;SE;Akademiska Hus;—;Palats;Konsortialpartner;Arbeiteten im Återhus-Verbund zusammen.;Vorhabenspezifisch / Vorhaben;https://www.akademiskahus.se/om-oss/aktuellt/Nyheter/2023/december/samverkan-for-aterbruk-av-lastbarande-konstruktionsdelar/;14 parter ingår i projektkonsortium: RISE, Akademiska Hus, Bjerking, Codesign, Förbo, Heidelberg Materials-Precast Contiga, KTH, Magnolia Bostad, NCC, Palats
SE:K007;SE;Anthesis;—;NCC;Konsortialpartner;Arbeiteten im Återhus-Verbund zusammen.;Vorhabenspezifisch / Vorhaben;https://www.svenskbyggtidning.se/2021/04/27/aterhus-att-bygga-hus-av-hus/;Partners: NCC, RISE, Stockholms stad, Vasakronan, Fabege, Atrium Ljungberg, Contiga, Zengun, Anthesis, Svensk Betong, Ramboll och KTH
SE:K011;SE;Byggåterbruket (Umeå);B→A;Umeå kommun;Trägerschaft;Trägt das Reuse-Zentrum.;Projektübergreifend / institutionell;https://www.umea.se/download/18.1de870d7195cb1f57ec433c/1743065440894/KSHU_2025-01-28_protokoll.pdf;Byggåterbruket startade genom ett politiskt initiativ och är en del av Umeå kommun.
SE:K014;SE;Bygghubben;B→A;Teknikbyggarna;Konzernbindung;Ist Miteigentümerin von Bygghubben.;Projektübergreifend / institutionell;https://teknikbyggarna.se/hallbarhet/;Vi är stolta delägare i ByggHubben, ett företag som främjar återbruk inom byggbranschen.
SE:K015;SE;Bygghubben;B→A;Wilzéns;Konzernbindung;Ist Miteigentümerin und Mitgründerin von Bygghubben.;Projektübergreifend / institutionell;https://wilzens.se/hallbarhet/;Under 2023 har Wilzéns blivit delägare i och en av grundarna till Bygghubben
SE:K016;SE;Codesign Sweden AB;—;RISE (Research Institutes of Sweden);Konsortialpartner;Arbeiteten im Återhus-Verbund zusammen.;Vorhabenspezifisch / Vorhaben;https://www.mynewsdesk.com/se/codesign/pressreleases/aaterhus-att-bygga-hus-av-hus-faar-vidare-finansiering-fraan-vinnova-3092349;Innovationsprojektet Återhus leds av Codesign i samarbete med NCC, RISE och Stockholms stad
SE:K017;SE;Contiga;—;Fabege;Konsortialpartner;Arbeiteten im Återhus-Verbund zusammen.;Vorhabenspezifisch / Vorhaben;https://branschaktuellt.se/byggindustrin/62133-stora-aktorer-i-samverkan-om-aterhus/;Medverkar gör även Stockholm stad, Vasakronan, Fabege, Atrium Ljungberg, Contiga, Zengun, Anthesis, Svensk Betong, Ramboll och KTH.
SE:K018;SE;Contiga;—;Zengun;Konsortialpartner;Arbeiteten im Återhus-Verbund zusammen.;Vorhabenspezifisch / Vorhaben;https://www.fabege.se/om-fabege/pressrum/nyheter/2022/hallbarhetshuset/;Samverkansparter i projektet Återhus: ... Contiga ... Zengun.
SE:K019;SE;Fabege;—;Reboost;Konsortialpartner;Trat bei und übergab eigenen Reuse-Hub.;Projektübergreifend / institutionell;https://www.fabege.se/kunskap-och-inspiration/nyheter/2026/fabege-overlater-aterbrukshubb-till-ragn-sells-och-blir-medlem-i-reboost/;ansluter Fabege som ny medlem i Ragn-Sells Reboost
SE:K022;SE;Handslag för cirkulärt byggande;—;Vasakronan;Konsortialpartner;Mitgliedschaft.;Projektübergreifend / institutionell;https://www.businessregiongoteborg.se/naringslivsutveckling/hallbar-utveckling/goteborgs-plattform-klimatneutralt-byggande/handslag-cirkulart-byggande;Vasakronan blev Årets Återbrukare 2026 för att i snart ett decennium ha visat vägen mot cirkulärt byggande och drivit på branschens omställning.
SE:K023;SE;Helsingborgshem;—;ReCreate Sweden / KTH Architecture, Technique and Theory;Konsortialpartnerschaft;Arbeiteten im schwedischen ReCreate-Pilot zusammen.;Vorhabenspezifisch / Vorhaben;https://www.kth.se/om/nyheter/centrala-nyheter/gammal-betong-far-nytt-liv-1.1077230;I den svenska piloten är Helsingborgshem huvudsaklig partner ... och KTH deltar.
SE:K024;SE;Helsingborgshem;—;Strängbetong;Konsortialpartner;Arbeiteten im ReCreate-Verbund zusammen.;Vorhabenspezifisch / Vorhaben;https://www.mynewsdesk.com/se/helsingborgshem/pressreleases/aaterbruk-av-prefabricerade-betongelement-i-nya-byggnader-stort-internationellt-projekt-ska-utveckla-nya-loesningar-3102159;I ReCreate ingår även Consoliskoncernen som tillverkar prefabricerad betong, i Sverige representerad av Consolis Strängbetong.
SE:K025;SE;ReCreate Sweden / KTH Architecture, Technique and Theory;—;NCC;Konsortialpartner;Arbeiteten im Återhus-Verbund zusammen.;Vorhabenspezifisch / Vorhaben;https://www.svenskbyggtidning.se/2021/04/27/aterhus-att-bygga-hus-av-hus/;Partners: NCC, RISE, Stockholms stad, Vasakronan, Fabege, Atrium Ljungberg, Contiga, Zengun, Anthesis, Svensk Betong, Ramboll och KTH
SE:K026;SE;Ragn-Sells;A→B;Reboost;Betreiberschaft;Betreibt Reuse-Dienst.;Projektübergreifend / institutionell;https://www.ragnsells.se/vara-tjanster/integrerade-losningar/reboost/;Ragn-Sells vill bidra till en mer cirkulär byggbransch och erbjuder en medlemsbaserad tjänst för kvalitetssäkrade återbrukade produkter.
SE:K027;SE;Serviceförvaltningen und Miljöförvaltningen / Stockholms stad;—;Vasakronan;Konsortialpartner;Arbeiteten im Återhus-Verbund zusammen.;Vorhabenspezifisch / Vorhaben;https://branschaktuellt.se/byggindustrin/62133-stora-aktorer-i-samverkan-om-aterhus/;Medverkar gör även Stockholm stad, Vasakronan, Fabege, Atrium Ljungberg
SE:K028;SE;Svensk Betong;—;NCC;Konsortialpartner;Arbeiteten im Återhus-Verbund zusammen.;Vorhabenspezifisch / Vorhaben;https://www.svenskbyggtidning.se/2021/04/27/aterhus-att-bygga-hus-av-hus/;Partners: NCC, RISE, Stockholms stad, Vasakronan, Fabege, Atrium Ljungberg, Contiga, Zengun, Anthesis, Svensk Betong, Ramboll och KTH
SE:K029;SE;Vasakronan;—;Wiklunds Åkeri;Konsortialpartner;Arbeiteten im KRETS-Verbund zusammen.;Projektübergreifend / strategisch;https://www.wiklunds.se/affarsomraden/cirkulart-byggande/;Bland medlemmarna finns Vasakronan, Castellum, Wiklunds, Alecta Fastigheter, Akademiska Hus samt Uppsala klimatprotokoll
SE:K030;SE;Zengun;—;NCC;Konsortialpartner;Arbeiteten im Återhus-Verbund zusammen.;Vorhabenspezifisch / Vorhaben;https://www.svenskbyggtidning.se/2021/04/27/aterhus-att-bygga-hus-av-hus/;Partners: NCC, RISE, Stockholms stad, Vasakronan, Fabege, Atrium Ljungberg, Contiga, Zengun, Anthesis, Svensk Betong, Ramboll och KTH
SE:K031;SE;Kv Återbruket, Litteraturgatan/Selma stad, Göteborg;B→A;Liljewall Arkitekter;Entwurf;Entwarf Kv.;Vorhabenspezifisch / Vorhaben;https://www.liljewall.se/projekt/kv-aterbruket/;Kv Återbruket ‹ Liljewall Arkitekter – Göteborg, Stockholm & Malmö (eigene Projektseite)
SE:K032;SE;Kv Återbruket, Litteraturgatan/Selma stad, Göteborg;B→A;NCC;Bauausführung;Führte die Bauarbeiten an Kv aus.;Vorhabenspezifisch / Vorhaben;https://www.ncc.se/vara-projekt/hyresratter-kvarteret-aterbruket-goteborg/;Hyresrätter Kvarteret Återbruket, Göteborg / NCC (eigene Projektseite, NCC als ausführendes Bauunternehmen)
SE:K033;SE;NCC;—;RISE (Research Institutes of Sweden);Konsortialpartner;Arbeiteten im Återhus-Verbund zusammen.;Vorhabenspezifisch / Vorhaben;https://www.svenskbyggtidning.se/2021/04/27/aterhus-att-bygga-hus-av-hus/;Partners: NCC, RISE, Stockholms stad, Vasakronan, Fabege, Atrium Ljungberg, Contiga, Zengun, Anthesis, Svensk Betong, Ramboll och KTH
