bauteilgruppe_id,bauteilgruppe_name,projekt_id,projekt_name,projekt_staedte,projekt_laender,receiver_staedte,donor_staedte,wiederverwendungsort,reuse_status
bg_holz_fassade_botanique,/ rückgewonnene Holzfass…,p_institut_de_botanique_ulg_liege,Institut de Botanique…,Liège / Lüttich,Belgien,,,In_situ,reuse
bg_stahl_mehrere_lycee_profiles_canopy,"11,8 t Stahlprofile als…",p_lycee_michel_lucius_conversion_luxembourg,Lycée Michel Lucius…,Luxembourg-Limpertsberg,Luxemburg,,,Im_selben_Gebaeude_versetzt,reuse
bg_stahl_mehrere_lycee_metal_ceiling_panels,12 Metall-Deckenpaneele,p_lycee_michel_lucius_conversion_luxembourg,Lycée Michel Lucius…,Luxembourg-Limpertsberg,Luxemburg,,,Im_selben_Gebaeude_versetzt,reuse
bg_stahlbeton_mehrere_plattenpalast_wbs70_wand_deckenelemente,13 WBS70-Wand- und…,p_plattenpalast_berlin,Plattenpalast Berlin,Berlin,Deutschland,,,Extern_importiert,reuse
bg_keramik_mehrere_maison_vignette_terracotta_floor_tiles,"13,5 m² wiederverwendete…",p_maison_vignette_auderghem,Maison Vignette,Auderghem / Brüssel,Belgien,,,,reuse
bg_beton_boden_lycee_paving_slabs,135 m² wiederverwendete…,p_lycee_michel_lucius_conversion_luxembourg,Lycée Michel Lucius…,Luxembourg-Limpertsberg,Luxemburg,,,Im_selben_Gebaeude_versetzt,reuse
bg_holz_mehrere_circular_pavilion_doors_facade,180 Holztueren als…,p_circular_pavilion_paris,Circular Pavilion Paris,Paris,Frankreich,,,Extern_importiert,reuse
bg_stahl_mehrere_hof_1930s_beams_to_tbc,1930er Stahlträger vom…,p_house_of_fraser_318_oxford_street_tbc_london_reuse_chain,House of Fraser,London,Vereinigtes Königreich,,,Extern_importiert,reuse
bg_stahl_mehrere_juch_hagenholz_stahlstruktur,1:1 versetzte Stahlstruk…,p_juch_areal_recyclingzentrum_zuerich,Juch-Areal Recyclingzent…,Zürich,Schweiz,,,Extern_importiert,reuse
bg_glas_mehrere_elys_restposten_windows,200 Fenster aus Lagerres…,p_elys_kultur_gewerbehaus_basel,ELYS Kultur- und…,Basel,Schweiz,,,Extern_importiert,reuse
bg_stahlbeton_wand_mehrow_wbs70_slabs,22 wiederverwendete…,p_mehrow_pilot_house,Mehrow Pilot House,"Mehrow, Brandenburg",Deutschland,,,Extern_importiert,reuse
bg_beton_mehrere_recrete_betonbloecke_bogensegmente,25 Betonblöcke,p_recrete_footbridge_reused_concrete_blocks,Re:Crete footbridge,,Schweiz,,,Extern_importiert,reuse
bg_stahlbeton_mehrere_mehrow_wbs70_floor_slabs,27 wiederverwen… (Mehrow),p_mehrow_pilot_house,Mehrow Pilot House,"Mehrow, Brandenburg",Deutschland,,,Extern_importiert,reuse
bg_stahlbeton_mehrere_lokomotion_hollow_core_slabs,27 wiederve… (Lokomotion),p_lokomotion_technology_centre_mini_pilot_tampere,Lokomotion Technology…,Tampere,Finnland,,,Extern_importiert,reuse
bg_ziegel_mehrere_maison_vignette_facade_claustra,3.000 wiederverwendete…,p_maison_vignette_auderghem,Maison Vignette,Auderghem / Brüssel,Belgien,,,,reuse
bg_holz_mehrere_europa_restored_window_frames,3.750 restaurierte…,p_europa_building_brussels,Europa Building Brussels,Brüssel,Belgien,,,Extern_importiert,reuse
bg_beton_mehrere_lycee_precast_channels,38 Fertigbetonelemente…,p_lycee_michel_lucius_conversion_luxembourg,Lycée Michel Lucius…,Luxembourg-Limpertsberg,Luxemburg,,,Im_selben_Gebaeude_versetzt,reuse
bg_daemmstoff_mehrere_lycee_gypsum_acoustic_panels,419 m² Gips-Akustikpanee…,p_lycee_michel_lucius_conversion_luxembourg,Lycée Michel Lucius…,Luxembourg-Limpertsberg,Luxemburg,,,Im_selben_Gebaeude_versetzt,reuse
bg_stahl_mehrere_lycee_floor_sheet_metal_facade,61 m² Bodenblech als…,p_lycee_michel_lucius_conversion_luxembourg,Lycée Michel Lucius…,Luxembourg-Limpertsberg,Luxemburg,,,Im_selben_Gebaeude_versetzt,reuse
bg_stahlbeton_mehrere_melkinlaituri_hollow_core_slabs,64 reused hollow-core…,p_melkinlaituri_primary_school_daycare_centre_helsinki,Melkinlaituri Primary…,Helsinki,Finnland,,,Extern_importiert,reuse
bg_stahl_mehrere_boulder_wide_flange_members,89 salvaged wide-flange…,p_boulder_fire_station_3,Boulder FS-3,"Boulder, Colorado",USA,,,Extern_importiert,reuse
bg_ziegel_fassade_biopartner_5_abbruchschutt_gruene,Abbruchschutt,p_biopartner_5_leiden_oegstgeest,BioPartner 5,Leiden;Oegstgeest,Niederlande,,,,reuse
bg_ziegel_wand_recyclinghaus_abbruchziegel_innenwaende,Abbruchziegel in…,p_recyclinghaus_hannover,Recyclinghaus Hannover,Hannover,Deutschland,,,Extern_importiert,reuse
bg_mehrere_mehrere_moeoeslistrasse_akustikelemente,Akustikelemente,p_kindergarten_moeoeslistrasse_manegg_zuerich,Kindergarten Mööslistras…,Zürich,Schweiz,,,Extern_importiert,reuse
bg_keramik_mehrere_kamikatsu_old_tiles,Alte Fliesen als Mosaik-,p_kamikatsu_zero_waste_center_hotel_why,Kamikatsu Zero Waste…,"Kamikatsu, Tokushima Prefecture",Japan,,,Extern_importiert,reuse
bg_mehrere_mehrere_kamikatsu_old_town_hall_wall_parts,Alte Rathauswandteile…,p_kamikatsu_zero_waste_center_hotel_why,Kamikatsu Zero Waste…,"Kamikatsu, Tokushima Prefecture",Japan,,,Auf_demselben_Standort_versetzt,reuse
bg_mehrere_mehrere_kamikatsu_shoji_glass_doors,Alte Shoji-Schirme und…,p_kamikatsu_zero_waste_center_hotel_why,Kamikatsu Zero Waste…,"Kamikatsu, Tokushima Prefecture",Japan,,,Extern_importiert,reuse
bg_holz_mehrere_elys_frame,Altholz aus Rückbauten,p_elys_kultur_gewerbehaus_basel,ELYS Kultur- und…,Basel,Schweiz,,,Extern_importiert,reuse
bg_aluminium_fassade_trae_high_rise_aarhus_fassadenplatten,Aluminium-Fassadenplatten,p_trae_high_rise_aarhus,TRÆ High-Rise,Aarhus,Dänemark,,,,reuse
bg_mehrere_mehrere_boschgaard_alu_fassade,Aluminium-Fassadensystem,p_woongroep_boschgaard_den_bosch,Woongroep Boschgaard…,s-Hertogenbosch,Niederlande,,,Extern_importiert,reuse
bg_aluminium_fassade_elys_trapezoidal_sheet,Aluminium-Trapezblech…,p_elys_kultur_gewerbehaus_basel,ELYS Kultur- und…,Basel,Schweiz,,,Extern_importiert,reuse
bg_glas_mehrere_recyclinghaus_aluminiumfenster,Aluminiumfenster mit…,p_recyclinghaus_hannover,Recyclinghaus Hannover,Hannover,Deutschland,,,Extern_importiert,reuse
bg_mehrere_mehrere_ithaka_kozijnen_fenster,Außenkozijnen,p_jeugdkliniek_ithaka_emergis_kloetinge,Jeugdkliniek Ithaka,Kloetinge,Niederlande,,,Extern_importiert,reuse
bg_mehrere_mehrere_grande_halle_external_window_joinery,Außenschreinerei,p_grande_halle_de_colombelles,Grande Halle de Colombel…,Colombelles,Frankreich,,,Extern_importiert,reuse
bg_stahl_treppe_grubenstrasse_outer,Außentreppe (Gruben.),p_grubenstrasse_29_werkhof_29_zuerich,Grubenstrasse 29,Zürich,Schweiz,,,Extern_importiert,reuse
bg_stahl_treppe_moeoeslistrasse_aussentreppe,Außentreppe (Möösli.),p_kindergarten_moeoeslistrasse_manegg_zuerich,Kindergarten Mööslistras…,Zürich,Schweiz,,,Extern_importiert,reuse
bg_holz_tuer_chiro_external,Außentüren,p_chiro_d_itterbeek_dilbeek,Chiro d’Itterbeek,Dilbeek / Itterbeek,Belgien,,,Extern_importiert,reuse
bg_holz_fassade_ithaka_azobe_shingles,Azobé-Hartholz-Shingles…,p_jeugdkliniek_ithaka_emergis_kloetinge,Jeugdkliniek Ithaka,Kloetinge,Niederlande,,,Extern_importiert,reuse
bg_holz_mehrere_beware_local_timber,BE-WARE Altholz,,,,,,,,reuse
bg_lehm_mehrere_btc_ziegel_mur_trombe_resilience,BTC-Ziegel Mur Trombe…,p_resilience_la_ferme_des_possibles_stains,Résilience,Stains,Frankreich,,,Extern_importiert,reuse
bg_stahl_gelaender_bluecity_oelplattform,Balustraden,p_bluecity_offices_rotterdam,BlueCity Offices…,Rotterdam,Niederlande,,,,reuse
bg_stahl_technik_villa_welpeloo_enschede_bau_montagelift_als_innenlift,Bau-/Montagelift als…,p_villa_welpeloo_enschede,Villa Welpeloo Enschede,Enschede,Niederlande,,,Im_selben_Gebaeude_versetzt,reuse
bg_mehrere_mehrere_bestandsfundamente_und_erste_geschosse_blackfriars,Bestandsfundamente und…,p_roots_in_the_sky_blackfriars_crown_court,Roots in the Sky,London,Vereinigtes Königreich,,,In_situ,reuse
bg_mehrere_mehrere_svanen_beton_recycling_zuschlag,Beton als Recycling-Zusc…,p_svanen_kindergarten_gladsaxe,Svanen,Gladsaxe,Dänemark,,,Auf_demselben_Standort_versetzt,reuse
bg_stahlbeton_mehrere_juch_schellinghalle_pilzstuetzen,Beton-Pilzstützen und…,p_juch_areal_recyclingzentrum_zuerich,Juch-Areal Recyclingzent…,Zürich,Schweiz,,,Extern_importiert,reuse
bg_beton_mehrere_brighton_betonbloecke,Betonblöcke,p_brighton_waste_house_brighton,Brighton Waste House,Brighton,Vereinigtes Königreich,,,Extern_importiert,reuse
bg_beton_wand_bluecity_betonbloecke_trennwaende,Betonblöcke als Trennwän…,p_bluecity_offices_rotterdam,BlueCity Offices…,Rotterdam,Niederlande,,,,reuse
bg_beton_fassade_ccn_parapets,Betonbruestungen,p_circular_centre_netherlands_prinsenhof_a_reuse_pilot,Circular Centre Netherla…,Arnhem;Heerde,Niederlande,,,Gelagert_oder_Unbekannt,reuse
bg_beton_mehrere_bestandverplanzung_betonfertigteil_paneele,Betonfertigteil-Paneele…,p_bestandverplanzung_pavilion_muenchen,Bestandverplanzung…,München,Deutschland,,,Extern_importiert,reuse
bg_beton_mehrere_juch_kerenzerberg_betonplatten,Betonplatten aus dem…,p_juch_areal_recyclingzentrum_zuerich,Juch-Areal Recyclingzent…,Zürich,Schweiz,,,Extern_importiert,reuse
bg_stahl_fassade_grubenstrasse_blue_sheets,Blaue Stahlblechfassade,p_grubenstrasse_29_werkhof_29_zuerich,Grubenstrasse 29,Zürich,Schweiz,,,Extern_importiert,reuse
bg_naturstein_mehrere_multi_blaustein_facade_slabs,Blaustein-Fassadenblöcke…,p_multi_brussels_reuse_in_multi,Multi Brussels,Brüssel,Belgien,,,,reuse
bg_mehrere_mehrere_maison_des_canaux_floor_wall_finishes,Boden- und Wandbeläge,p_maison_des_canaux_paris,"Maison des Canaux, Paris",Paris,Frankreich,,,,reuse
bg_keramik_boden_chiro_tiles,Bodenfliesen,p_chiro_d_itterbeek_dilbeek,Chiro d’Itterbeek,Dilbeek / Itterbeek,Belgien,,,Extern_importiert,reuse
bg_stahl_traeger_boulder_hospital_stockpile,Boulder Community…,p_boulder_fire_station_3,Boulder FS-3,"Boulder, Colorado",USA,,,,reuse
bg_mehrere_tuer_moeoeslistrasse_brandschutztueren_lavater,Brandschutztüren aus…,p_kindergarten_moeoeslistrasse_manegg_zuerich,Kindergarten Mööslistras…,Zürich,Schweiz,,,Extern_importiert,reuse
bg_holz_mehrere_brettschichtholzbogen_recypark_demets,Brettschichtholzbögen…,p_recypark_demets_anderlecht,Recypark Demets,Brüssel / Anderlecht,Belgien,,,,reuse
bg_mehrere_mehrere_ka13_office_fronts_doors_facade,Bürofronten,p_ka13_kristian_augusts_gate_13_oslo,KA13,Oslo,Norwegen,,,Im_selben_Gebaeude_versetzt,reuse
bg_holz_mehrere_cascadeup_clst_floor_panels,CLST-Bodenpaneele,p_cascadeup_london_secondary_timber_glulam_demonstrator,CascadeUp,London,Vereinigtes Königreich,,,,reuse
bg_holz_decke_holbein_new_clt_floors,CLT-Decken der Erweiteru…,p_holbein_gardens_london,"Holbein Gardens, London",London,Vereinigtes Königreich,,,,reuse
bg_mehrere_mehrere_kamikatsu_donated_facade_windows,Ca. 700 gespendete…,p_kamikatsu_zero_waste_center_hotel_why,Kamikatsu Zero Waste…,"Kamikatsu, Tokushima Prefecture",Japan,,,Extern_importiert,reuse
bg_stahl_mehrere_awm_cable_trays_shelves_lights,Cable trays as shelves…,p_awm_muenster_circular_office,AWM Münster – zirkulärer…,Münster,Deutschland,,,Extern_importiert,reuse
bg_mehrere_ausbau_circl_restored_furniture,Circl ABN-Möbel,p_circl_abn_amro,Circl,Amsterdam,Niederlande,,,,reuse
bg_mehrere_fenster_circl_conference_windows,Circl Bürofenster,p_circl_abn_amro,Circl,Amsterdam,Niederlande,,,,reuse
bg_holz_boden_circl_window_frame_floor,Circl Fenster→Boden,p_circl_abn_amro,Circl,Amsterdam,Niederlande,,,,reuse
bg_daemmstoff_daemmung_circl_jeans_insulation,Circl Jeans-Dämmung,p_circl_abn_amro,Circl,Amsterdam,Niederlande,,,,reuse
bg_textil_wand_circl_clothing_felt,Circl Textilfilz-Wand,p_circl_abn_amro,Circl,Amsterdam,Niederlande,,,,reuse
bg_mehrere_dach_grubenstrasse_sheets,Dachbleche,p_grubenstrasse_29_werkhof_29_zuerich,Grubenstrasse 29,Zürich,Schweiz,,,,reuse
bg_stahl_mehrere_christ_pavilion_roof_structure,Dachtragwerk Christusraum,p_christ_pavilion_volkenroda,Christus-Pavillon,Volkenroda / Koerner,Deutschland,,,Extern_importiert,reuse
bg_ziegel_dach_chiro_tiles,Dachziegel (Chiro),p_chiro_d_itterbeek_dilbeek,Chiro d’Itterbeek,Dilbeek / Itterbeek,Belgien,,,Extern_importiert,reuse
bg_keramik_mehrere_svanen_dachziegel,Dachziegel (Svanen),p_svanen_kindergarten_gladsaxe,Svanen,Gladsaxe,Dänemark,,,Auf_demselben_Standort_versetzt,reuse
bg_mehrere_decke_plattenvereinigung_deckenelemente,Deckenelemente,p_plattenvereinigung_berlin,Plattenvereinigung Berlin,Berlin,Deutschland,,,Extern_importiert,reuse
bg_stahl_technik_timber_square_demontable_plant,Demontierbare TGA-/Plant…,p_timber_square_london,Timber Square London,London,Vereinigtes Königreich,,,,reuse
bg_textil_daemmung_brighton_denim,Denim jeans als Dämm-/Ho…,p_brighton_waste_house_brighton,Brighton Waste House,Brighton,Vereinigtes Königreich,,,Extern_importiert,reuse
bg_holz_mehrere_upcycle_dinesen_offcuts,Dinesen-Offcuts als…,p_upcycle_studios_copenhagen,Upcycle Studios Copenhag…,Kopenhagen,Dänemark,,,,reuse
bg_holz_fenster_doppeltverglaste_holzfenster_resilience,Doppeltverglaste…,p_resilience_la_ferme_des_possibles_stains,Résilience,Stains,Frankreich,,,Extern_importiert,reuse
bg_glas_fenster_upcycle_studios_copenhagen_doppelverglaste,Doppelverglaste Fenster,p_upcycle_studios_copenhagen,Upcycle Studios Copenhag…,Kopenhagen,Dänemark,,,,reuse
bg_mehrere_mehrere_superlocal_beton_wohnungsteile,Drei Beton-Wohnungsteile,p_superlocal_expogebouw_bleijerheide,SUPERLOCAL Expogebouw,Bleijerheide / Kerkrade,Niederlande,,,Auf_demselben_Standort_versetzt,reuse
bg_stahlbeton_mehrere_groeditz_dresden_type_precast_components,Dresden-type precast…,p_association_house_groeditz,Vereinshaus Gröditz,Gröditz,Deutschland,,,Extern_importiert,reuse
bg_stahl_mehrere_drill_stem_pipe_dachtragwerk_saxum,Drill-Stem-Pipe Dachtrag…,p_saxum_vineyard_equipment_barn_paso_robles,Saxum Vineyard Equipment…,Paso Robles / Templeton Gap,USA,,,Extern_importiert,reuse
bg_stahl_stuetze_drill_stem_pipe_stutzen_saxum,Drill-Stem-Pipe Stützen…,p_saxum_vineyard_equipment_barn_paso_robles,Saxum Vineyard Equipment…,Paso Robles / Templeton Gap,USA,,,Extern_importiert,reuse
bg_daemmstoff_daemmung_grubenstrasse_plates,Dämmplatten,p_grubenstrasse_29_werkhof_29_zuerich,Grubenstrasse 29,Zürich,Schweiz,,,Im_selben_Gebaeude_versetzt,reuse
bg_mineralisch_stuetze_elementa_baufeld_c,ELEMENTA Baufeld C,p_elementa_walkeweg,ELEMENTA Walkeweg,Basel,Schweiz,,,Extern_importiert,reuse
bg_mineralisch_wand_elementa_baufeld_d,ELEMENTA Baufeld D,p_elementa_walkeweg,ELEMENTA Walkeweg,Basel,Schweiz,,,Extern_importiert,reuse
bg_holz_mehrere_circular_pavilion_exhibition_panels,Ehemalige Ausstellungspa…,p_circular_pavilion_paris,Circular Pavilion Paris,Paris,Frankreich,,,Extern_importiert,reuse
bg_holz_boden_zinneke_feder_eichenparkett_azobe,Eichenparkett und…,p_zinneke_feder_masui4ever_brussels,Zinneke,Brüssel,Belgien,,,Extern_importiert,reuse
bg_holz_mehrere_einfachverglaste_holzfenster_resilience,Einfachverglaste…,p_resilience_la_ferme_des_possibles_stains,Résilience,Stains,Frankreich,,,Extern_importiert,reuse
bg_stahl_mehrere_k118_external_stair,Externe Stahltreppe,p_k118_kopfbau_halle_118_winterthur,K.118 Winterthur,Winterthur,Schweiz,,,,reuse
bg_faserzement_fassade_recyclinghaus_faserzement,Faserzement-/Eternitplat…,p_recyclinghaus_hannover,Recyclinghaus Hannover,Hannover,Deutschland,,,Extern_importiert,reuse
bg_ziegel_mehrere_thoravej_fassade_zu_boden,Fassaden-/Ziegelüberschu…,p_thoravej_29_copenhagen,Thoravej 29 Copenhagen,Kopenhagen,Dänemark,,,Auf_demselben_Standort_versetzt,reuse
bg_ziegel_mehrere_chiro_facade,Fassadenziegel (Chiro),p_chiro_d_itterbeek_dilbeek,Chiro d’Itterbeek,Dilbeek / Itterbeek,Belgien,,,Extern_importiert,reuse
bg_ziegel_mehrere_lo_reninge_facade,Fassadenziegel (Lo-R.),p_lo_reninge_town_hall_facade,Lo-Reninge Town Hall…,Lo-Reninge,Belgien,,,,reuse
bg_ziegel_mehrere_musef_facade,Fassadenziegel aus acht…,p_musee_de_folklore_mouscron,Musée de Folklore Vie…,Mouscron,Belgien,,,Extern_importiert,reuse
bg_stahl_fassade_brent_cross_new_support_members,Façade support members,p_brent_cross_town_primary_substation_london,Brent Cross Town…,London,Vereinigtes Königreich,,,,reuse
bg_mehrere_mehrere_plattenpalast_palast_fenster,Fenster und Rahmen aus…,p_plattenpalast_berlin,Plattenpalast Berlin,Berlin,Deutschland,,,Extern_importiert,reuse
bg_mehrere_mehrere_grubenstrasse_windows_doors,Fenster und Türen,p_grubenstrasse_29_werkhof_29_zuerich,Grubenstrasse 29,Zürich,Schweiz,,,Extern_importiert,reuse
bg_mehrere_fenster_zinneke_feder_masui4ever_brussels_fensterrahmen,Fensterrahmen (Zinneke),p_zinneke_feder_masui4ever_brussels,Zinneke,Brüssel,Belgien,,,Extern_importiert,reuse
bg_mehrere_mehrere_superlocal_fenster_kozijnen,Fensterrahm… (Superlocal),p_superlocal_expogebouw_bleijerheide,SUPERLOCAL Expogebouw,Bleijerheide / Kerkrade,Niederlande,,,Auf_demselben_Standort_versetzt,reuse
bg_mehrere_mehrere_maison_des_canaux_fixed_builtins,Feste Einbauten,p_maison_des_canaux_paris,"Maison des Canaux, Paris",Paris,Frankreich,,,,reuse
bg_mehrere_mehrere_plp_feste_fitout_komponenten,Feste Fit-out-Komponente…,p_plp_london_hq_circular_studio_fitout,PLP London HQ circular…,London,Vereinigtes Königreich,,,Im_selben_Gebaeude_versetzt,reuse
bg_mehrere_mehrere_superlocal_feste_kueche_installationen,Feste Küche und Installa…,p_superlocal_expogebouw_bleijerheide,SUPERLOCAL Expogebouw,Bleijerheide / Kerkrade,Niederlande,,,,reuse
bg_mehrere_mehrere_bedzed_fixed_secondary_components,Fixed secondary componen…,p_bedzed_london_hackbridge,BedZED,London,Vereinigtes Königreich,,,Extern_importiert,reuse
bg_holz_wand_awm_cladding_old_chairs,Fixed wall cladding…,p_awm_muenster_circular_office,AWM Münster – zirkulärer…,Münster,Deutschland,,,Extern_importiert,reuse
bg_keramik_boden_verbiest_charleroi,Fliesen aus Charleroi,p_verbiest_karreveld_brussels,Verbiest + Karreveld,Brüssel,Belgien,,,Extern_importiert,reuse
bg_ziegel_mehrere_gjg_curved_shell,Gekrümmte strukturell…,p_gjg_house_gentbrugge,gjG House,Gentbrugge / Ghent,Belgien,,,Extern_importiert,reuse
bg_beton_fundament_peoples_pavilion_elements,Geliehene Betonpfähle,p_peoples_pavilion_eindhoven,People’s Pavilion…,Eindhoven,Niederlande,,,,reuse
bg_mehrere_fassade_peoples_pavilion_borrowed_elements,Geliehene Fassadenelemen…,p_peoples_pavilion_eindhoven,People’s Pavilion…,Eindhoven,Niederlande,,,,reuse
bg_holz_traeger_peoples_pavilion,Geliehene Holzträger,p_peoples_pavilion_eindhoven,People’s Pavilion…,Eindhoven,Niederlande,,,,reuse
bg_glas_dach_peoples_pavilion,Geliehenes Glasdach,p_peoples_pavilion_eindhoven,People’s Pavilion…,Eindhoven,Niederlande,,,,reuse
bg_stahl_gelaender_grubenstrasse_railings,Geländer,p_grubenstrasse_29_werkhof_29_zuerich,Grubenstrasse 29,Zürich,Schweiz,,,Extern_importiert,reuse
bg_stahl_gelaender_verbiest_charleroi,Geländer aus Charleroi,p_verbiest_karreveld_brussels,Verbiest + Karreveld,Brüssel,Belgien,,,Extern_importiert,reuse
bg_mehrere_mehrere_christ_pavilion_complete_ensemble,Gesamtes transloziertes…,p_christ_pavilion_volkenroda,Christus-Pavillon,Volkenroda / Koerner,Deutschland,,,Extern_importiert,reuse
bg_holz_fassade_hastings_outbuilding_cladding,Gespaltene längere…,p_hastings_pier_visitor_centre,Hastings Pier Visitor…,Hastings,Vereinigtes Königreich,,,,reuse
bg_stahl_mehrere_elys_gratings_and_garage_door,Gitterroste,p_elys_kultur_gewerbehaus_basel,ELYS Kultur- und…,Basel,Schweiz,,,Extern_importiert,reuse
bg_mehrere_boden_kamikatsu_glass_ceramic_terrazzo,Glas- und Keramikscherbe…,p_kamikatsu_zero_waste_center_hotel_why,Kamikatsu Zero Waste…,"Kamikatsu, Tokushima Prefecture",Japan,,,Extern_importiert,reuse
bg_glas_mehrere_awm_partitions_doors,Glass partitions and…,p_awm_muenster_circular_office,AWM Münster – zirkulärer…,Münster,Deutschland,,,Extern_importiert,reuse
bg_holz_stuetze_boulder_glulam,Glulam Columns im…,p_boulder_fire_station_3,Boulder FS-3,"Boulder, Colorado",USA,,,,reuse
bg_holz_mehrere_cascadeup_glulamst_frame,GlulamST-Tragwerksrahmen,p_cascadeup_london_secondary_timber_glulam_demonstrator,CascadeUp,London,Vereinigtes Königreich,,,,reuse
bg_naturstein_boden_multi_granite_natural_tiles,Granit- und Natursteinpl…,p_multi_brussels_reuse_in_multi,Multi Brussels,Brüssel,Belgien,,,,reuse
bg_naturstein_mehrere_ferme_granite_kerbstones_retaining_wall,Granitbordsteine als…,p_ferme_du_rail_paris,Ferme du Rail Paris,Paris,Frankreich,,,,reuse
bg_naturstein_boden_granitpflaster_resilience,Granitpflaster Résilience,p_resilience_la_ferme_des_possibles_stains,Résilience,Stains,Frankreich,,,Extern_importiert,reuse
bg_gusseisen_technik_gussradiatoren_resilience,Gussradiatoren Résilience,p_resilience_la_ferme_des_possibles_stains,Résilience,Stains,Frankreich,,,Extern_importiert,reuse
bg_holz_mehrere_boschgaard_hsb_balken_ausbau,HSB-Holz Balken und…,p_woongroep_boschgaard_den_bosch,Woongroep Boschgaard…,s-Hertogenbosch,Niederlande,,,,reuse
bg_mehrere_technik_superlocal_tga_heizkoerper_aluminiumrohre,Heizkörper und Aluminium…,p_superlocal_expogebouw_bleijerheide,SUPERLOCAL Expogebouw,Bleijerheide / Kerkrade,Niederlande,,,,reuse
bg_mehrere_technik_grubenstrasse_radiators_sanitary,Heizkörper und Sanitärap…,p_grubenstrasse_29_werkhof_29_zuerich,Grubenstrasse 29,Zürich,Schweiz,,,Extern_importiert,reuse
bg_stahlbeton_decke_ccn_hollow_core_slabs,Hohlkoerperdecken,p_circular_centre_netherlands_prinsenhof_a_reuse_pilot,Circular Centre Netherla…,Arnhem;Heerde,Niederlande,,,Auf_demselben_Standort_versetzt,reuse
bg_stahlbeton_decke_ka13_hollow_core_slabs,Hohlkörperdecken aus…,p_ka13_kristian_augusts_gate_13_oslo,KA13,Oslo,Norwegen,,,Extern_importiert,reuse
bg_stahlbeton_decke_harmalanranta_hollow_core_slabs,Hohlkörp… (Harmalanranta),p_harmalanranta_a_kruunu_recreate_mini_pilot_tampere,Härmälänranta,Tampere,Finnland,,,Extern_importiert,reuse
bg_holz_mehrere_brighton_sperrholz,Holz und Sperrholz aus…,p_brighton_waste_house_brighton,Brighton Waste House,Brighton,Vereinigtes Königreich,,,Extern_importiert,reuse
bg_mehrere_mehrere_crclr_wood_aluminium_windows,Holz-Alu-Fenster,p_crclr_house_impact_hub_berlin,CRCLR House,Berlin,Deutschland,,,Extern_importiert,reuse
bg_holz_mehrere_svanen_dachbinder,Holz-Dachbinder,p_svanen_kindergarten_gladsaxe,Svanen,Gladsaxe,Dänemark,,,Auf_demselben_Standort_versetzt,reuse
bg_holz_mehrere_boschgaard_dachspanten,Holz-Dachspanten,p_woongroep_boschgaard_den_bosch,Woongroep Boschgaard…,s-Hertogenbosch,Niederlande,,,Extern_importiert,reuse
bg_holz_boden_trae_aarhus_holzboden_gellerup,Holzböden aus alten…,p_trae_high_rise_aarhus,TRÆ High-Rise,Aarhus,Dänemark,,,,reuse
bg_holz_fassade_villa_welpeloo_enschede_holzfassade_aus_kabeltrommeln,Holzfassade aus Kabeltro…,p_villa_welpeloo_enschede,Villa Welpeloo Enschede,Enschede,Niederlande,,,Extern_importiert,reuse
bg_holz_fenster_chiro,Holzfenster,p_chiro_d_itterbeek_dilbeek,Chiro d’Itterbeek,Dilbeek / Itterbeek,Belgien,,,Extern_importiert,reuse
bg_mehrere_boden_ithaka_holzfussboeden_klinker,Holzfußböden und…,p_jeugdkliniek_ithaka_emergis_kloetinge,Jeugdkliniek Ithaka,Kloetinge,Niederlande,,,Extern_importiert,reuse
bg_holz_mehrere_crclr_recycled_gallery_interior,Holzgalerie (Crclr),p_crclr_house_impact_hub_berlin,CRCLR House,Berlin,Deutschland,,,Extern_importiert,reuse
bg_holz_mehrere_impact_gallery,Holzgalerie (Impact),p_impact_hub_berlin_crclr_fitout,Impact Hub Berlin,Berlin,Deutschland,,,Im_selben_Gebaeude_versetzt,reuse
bg_holz_mehrere_impact_offcuts_phone_booths,Holzlatten aus Tischlere…,p_impact_hub_berlin_crclr_fitout,Impact Hub Berlin,Berlin,Deutschland,,,Extern_importiert,reuse
bg_holz_mehrere_recyclinghaus_saunabank_holzleisten,Holzleisten aus alten…,p_recyclinghaus_hannover,Recyclinghaus Hannover,Hannover,Deutschland,,,Extern_importiert,reuse
bg_holz_mehrere_grande_halle_purlins_access_parts,Holzpfetten,p_grande_halle_de_colombelles,Grande Halle de Colombel…,Colombelles,Frankreich,,,Extern_importiert,reuse
bg_holz_mehrere_svanen_sparren,Holzrafters,p_svanen_kindergarten_gladsaxe,Svanen,Gladsaxe,Dänemark,,,Auf_demselben_Standort_versetzt,reuse
bg_holz_mehrere_circular_pavilion_structure,Holzstruktur aus…,p_circular_pavilion_paris,Circular Pavilion Paris,Paris,Frankreich,,,Extern_importiert,reuse
bg_holz_mehrere_ithaka_holztraeger_balken,Holzträger,p_jeugdkliniek_ithaka_emergis_kloetinge,Jeugdkliniek Ithaka,Kloetinge,Niederlande,,,Extern_importiert,reuse
bg_stahlbeton_mehrere_plauen_iw73_6_precast_components,IW73/6 precast concrete…,p_association_house_plauen,Vereinshaus Plauen,Plauen,Deutschland,,,Extern_importiert,reuse
bg_holz_ausbau_ingersheim_clt_secondary,Ingersheim CLT-Ausbau,p_jugendtreff_ingersheim,Jugendtreff Ingersheim,Ingersheim,Deutschland,,,Extern_importiert,reuse
bg_holz_mehrere_ingersheim_clt_structure,Ingersheim CLT-Bau,p_jugendtreff_ingersheim,Jugendtreff Ingersheim,Ingersheim,Deutschland,,,Extern_importiert,reuse
bg_mehrere_mehrere_ithaka_innentueren_beschlaege,Innentüren mit Hang-…,p_jeugdkliniek_ithaka_emergis_kloetinge,Jeugdkliniek Ithaka,Kloetinge,Niederlande,,,Extern_importiert,reuse
bg_holz_wand_biopartner_5_innenwaende_trennwaende,Innenwände und Trennwände,p_biopartner_5_leiden_oegstgeest,BioPartner 5,Leiden;Oegstgeest,Niederlande,,,,reuse
bg_holz_mehrere_maison_dna_new_inner_box_context,Innere Holzrahmenbox…,p_maison_dna_asse,Maison DnA,Asse,Belgien,,,Extern_importiert,reuse
bg_stahlbeton_mehrere_big_dig_house_inverset_panels,Inverset-Stahlbetonpanee…,p_big_dig_house_lexington_massachusetts,Big Dig House,"Lexington, Massachusetts",USA,,,Extern_importiert,reuse
bg_mehrere_mehrere_verbiest_karreveld_decken_leuchten,Karreveld abgehängte…,p_verbiest_karreveld_brussels,Verbiest + Karreveld,Brüssel,Belgien,,,Extern_importiert,reuse
bg_mehrere_mehrere_verbiest_karreveld_innenwand_modular,Karreveld modulares…,p_verbiest_karreveld_brussels,Verbiest + Karreveld,Brüssel,Belgien,,,Extern_importiert,reuse
bg_stahl_technik_zinneke_feder_lueftung,Kompletter Lüftungsverbu…,p_zinneke_feder_masui4ever_brussels,Zinneke,Brüssel,Belgien,,,Extern_importiert,reuse
bg_mehrere_mehrere_christ_pavilion_cloister_glass_facade,Kreuzgang,p_christ_pavilion_volkenroda,Christus-Pavillon,Volkenroda / Koerner,Deutschland,,,Extern_importiert,reuse
bg_mehrere_mehrere_thoravej_kunststofffenster_bestand,Kunststofffenster im…,p_thoravej_29_copenhagen,Thoravej 29 Copenhagen,Kopenhagen,Dänemark,,,In_situ,reuse
bg_unbekannt_technik_chiro_luminaires,Leuchten,p_chiro_d_itterbeek_dilbeek,Chiro d’Itterbeek,Dilbeek / Itterbeek,Belgien,,,Extern_importiert,reuse
bg_mehrere_technik_leuchten_resilience,Leuchten Résilience,p_resilience_la_ferme_des_possibles_stains,Résilience,Stains,Frankreich,,,Extern_importiert,reuse
bg_mehrere_decke_harmalanranta_shelter_deck_zone,Luftschutzraum-Deckenber…,p_harmalanranta_a_kruunu_recreate_mini_pilot_tampere,Härmälänranta,Tampere,Finnland,,,Extern_importiert,reuse
bg_mehrere_fassade_lysp8_external_mix,LysP8 Fassade-Mix,p_lysp8_basel,LYSP8 Basel,Basel,Schweiz,,,Extern_importiert,reuse
bg_metall_boden_lysp8_grating_steps,LysP8 Gitterrost,p_lysp8_basel,LYSP8 Basel,Basel,Schweiz,,,Extern_importiert,reuse
bg_holz_ausbau_lysp8_kitchens,LysP8 Küchen ZH-Wohns.,p_lysp8_basel,LYSP8 Basel,Basel,Schweiz,,,Extern_importiert,reuse
bg_mehrere_ausbau_lysp8_doors_tiles,LysP8 Türen+Fliesen,p_lysp8_basel,LYSP8 Basel,Basel,Schweiz,,,Extern_importiert,reuse
bg_naturstein_mehrere_plp_marble_feste_oberflaechen,Marble,p_plp_london_hq_circular_studio_fitout,PLP London HQ circular…,London,Vereinigtes Königreich,,,Extern_importiert,reuse
bg_mehrere_mehrere_christ_pavilion_marble_glass_wall,Marmor-Glas-Wand…,p_christ_pavilion_volkenroda,Christus-Pavillon,Volkenroda / Koerner,Deutschland,,,Extern_importiert,reuse
bg_mehrere_ausbau_plp_materialbibliothek_oberflaechen,Materialbibliothek-Oberf…,p_plp_london_hq_circular_studio_fitout,PLP London HQ circular…,London,Vereinigtes Königreich,,,Im_selben_Gebaeude_versetzt,reuse
bg_metall_ausbau_medunicampus_bike_workshop,MedUni Fahrradwerkst.,p_meduni_campus_mariannengasse,MedUni Campus Wien,Wien,Österreich,,,,reuse
bg_mehrere_technik_medunicampus_paternoster,MedUni Paternoster,p_meduni_campus_mariannengasse,MedUni Campus Wien,Wien,Österreich,,,,reuse
bg_metall_ausbau_medunicampus_heavy_shelves,MedUni Schwerlastreg.,p_meduni_campus_mariannengasse,MedUni Campus Wien,Wien,Österreich,,,,reuse
bg_holz_wand_medunicampus_doors_as_cladding,MedUni Türen→Wand,p_meduni_campus_mariannengasse,MedUni Campus Wien,Wien,Österreich,,,,reuse
bg_holz_mehrere_recyclinghaus_messebauplatten_innenausbau,Messebauplatten als…,p_recyclinghaus_hannover,Recyclinghaus Hannover,Hannover,Deutschland,,,Extern_importiert,reuse
bg_stahl_traeger_grande_halle_metal,Metallträger,p_grande_halle_de_colombelles,Grande Halle de Colombel…,Colombelles,Frankreich,,,Extern_importiert,reuse
bg_daemmstoff_daemmung_circular_pavilion_mineral_wool,Mineral-/Steinwolle als…,p_circular_pavilion_paris,Circular Pavilion Paris,Paris,Frankreich,,,Extern_importiert,reuse
bg_daemmstoff_daemmung_grande_halle_mineral_wool,Mineralwolle-Dämmung,p_grande_halle_de_colombelles,Grande Halle de Colombel…,Colombelles,Frankreich,,,Extern_importiert,reuse
bg_mehrere_mehrere_k118_floor_finishes_bricks_panels,Naturstein-/Granitplatten,p_k118_kopfbau_halle_118_winterthur,K.118 Winterthur,Winterthur,Schweiz,,,,reuse
bg_stahl_mehrere_green_house_demontables_stahltragwerk,Neues demontierbares…,p_the_green_house_utrecht,The Green House Utrecht,Utrecht,Niederlande,,,,reuse
bg_stahl_stuetze_christ_pavilion_cross,Neun kreuzfoermige…,p_christ_pavilion_volkenroda,Christus-Pavillon,Volkenroda / Koerner,Deutschland,,,Extern_importiert,reuse
bg_beton_mehrere_plattenvereinigung_betonfertigteile,Ost- und westdeutsche…,p_plattenvereinigung_berlin,Plattenvereinigung Berlin,Berlin,Deutschland,,,Extern_importiert,reuse
bg_stahlbeton_decke_broethen_p2_deckenplatten,P2-Deckenplatten,p_broethen_twin_house_hoyerswerda,Broethen Twin-House,Hoyerswerda / Broethen,Deutschland,,,Extern_importiert,reuse
bg_stahlbeton_wand_broethen_p2_wandplatten,P2-Wandplatten,p_broethen_twin_house_hoyerswerda,Broethen Twin-House,Hoyerswerda / Broethen,Deutschland,,,Extern_importiert,reuse
bg_naturstein_boden_biopartner_5_pflaster_bodenmaterial,Pflaster-,p_biopartner_5_leiden_oegstgeest,BioPartner 5,Leiden;Oegstgeest,Niederlande,,,,reuse
bg_mehrere_boden_green_house_pflasterklinker,Pflasterklinker Erdgesch…,p_the_green_house_utrecht,The Green House Utrecht,Utrecht,Niederlande,,,,reuse
bg_kunststoff_daemmung_welpeloo_polystyrol_restplatten,Polystyrol-Dämmplatten…,p_villa_welpeloo_enschede,Villa Welpeloo Enschede,Enschede,Niederlande,,,Extern_importiert,reuse
bg_holz_mehrere_green_house_preused_holzdecke,Pre-used wood Geschossde…,p_the_green_house_utrecht,The Green House Utrecht,Utrecht,Niederlande,,,,reuse
bg_stahlbeton_mehrere_ccn_prefab_facade_elements,Prefab-Fassadenelemente,p_circular_centre_netherlands_prinsenhof_a_reuse_pilot,Circular Centre Netherla…,Arnhem;Heerde,Niederlande,,,Auf_demselben_Standort_versetzt,reuse
bg_kunststoff_fassade_peoples_pavilion_pretty_plastic_shingles,Pretty Plastic Schindeln…,p_peoples_pavilion_eindhoven,People’s Pavilion…,Eindhoven,Niederlande,,,,reuse
bg_glas_mehrere_recyclinghaus_profilbauglas,Profilbauglas aus alter…,p_recyclinghaus_hannover,Recyclinghaus Hannover,Hannover,Deutschland,,,Extern_importiert,reuse
bg_mehrere_mehrere_reusehoefe_yard_logistics,RE-USE Höfe Logistik,,,,,,,,reuse
bg_holz_fenster_reusehoefe_ukraine_windows,RE-WIN Ukraine-Fenster,,,,,,,,reuse
bg_mehrere_technik_grande_halle_radiators,Radiatoren (Grande Halle),p_grande_halle_de_colombelles,Grande Halle de Colombel…,Colombelles,Frankreich,,,Extern_importiert,reuse
bg_mehrere_technik_ka13_tga_sanitary_radiators,Radiatoren (Ka13),p_ka13_kristian_augusts_gate_13_oslo,KA13,Oslo,Norwegen,,,Im_selben_Gebaeude_versetzt,reuse
bg_mehrere_mehrere_big_dig_house_ramp_pier_roadway_components,"Ramp-, Pier- und…",p_big_dig_house_lexington_massachusetts,Big Dig House,"Lexington, Massachusetts",USA,,,Extern_importiert,reuse
bg_glas_mehrere_green_house_rauchglas_fassade,Rauchglas-Fassadenpaneele,p_the_green_house_utrecht,The Green House Utrecht,Utrecht,Niederlande,,,,reuse
bg_textil_mehrere_impact_recycled_felt_panels,Recycelte Filzpaneele…,p_impact_hub_berlin_crclr_fitout,Impact Hub Berlin,Berlin,Deutschland,,,Extern_importiert,reuse
bg_mehrere_mehrere_upcycle_recyclingbeton_metro,Recyclingbeton aus…,p_upcycle_studios_copenhagen,Upcycle Studios Copenhag…,Kopenhagen,Dänemark,,,,reuse
bg_recyclingbeton_mehrere_recyclinghaus_fundament,Recyclingbeton in…,p_recyclinghaus_hannover,Recyclinghaus Hannover,Hannover,Deutschland,,,Extern_importiert,reuse
bg_mdf_ausbau_impact_red_mdf_reception,Red MDF boards als…,p_impact_hub_berlin_crclr_fitout,Impact Hub Berlin,Berlin,Deutschland,,,Extern_importiert,reuse
bg_stahl_mehrere_hof_self_columns,Refabrizierte Stahlstütz…,p_house_of_fraser_318_oxford_street_tbc_london_reuse_chain,House of Fraser,London,Vereinigtes Königreich,,,Im_selben_Gebaeude_versetzt,reuse
bg_stahl_mehrere_tbc_repurposed_cleveland,Repurposed Cleveland…,p_house_of_fraser_318_oxford_street_tbc_london_reuse_chain,House of Fraser,London,Vereinigtes Königreich,,,Extern_importiert,reuse
bg_holz_fassade_elys_reuse_system,Reuse-Fassade als…,p_elys_kultur_gewerbehaus_basel,ELYS Kultur- und…,Basel,Schweiz,,,In_situ,reuse
bg_mehrere_mehrere_moeoeslistrasse_sanitaer_kueche,Sanitärapparate und…,p_kindergarten_moeoeslistrasse_manegg_zuerich,Kindergarten Mööslistras…,Zürich,Schweiz,,,Extern_importiert,reuse
bg_mehrere_technik_chiro_sanitary_fixtures,Sanitärobjekte (Chiro),p_chiro_d_itterbeek_dilbeek,Chiro d’Itterbeek,Dilbeek / Itterbeek,Belgien,,,Extern_importiert,reuse
bg_keramik_technik_crclr_sanitary_objects,Sanitärobjekte (Crclr),p_crclr_house_impact_hub_berlin,CRCLR House,Berlin,Deutschland,,,Extern_importiert,reuse
bg_keramik_technik_sanitarobjekte_resilience,Sanitärobjekte Résilience,p_resilience_la_ferme_des_possibles_stains,Résilience,Stains,Frankreich,,,Extern_importiert,reuse
bg_keramik_technik_biopartner_5_sanitaerobjekte,Sanitärobje… (Biopartner),p_biopartner_5_leiden_oegstgeest,BioPartner 5,Leiden;Oegstgeest,Niederlande,,,,reuse
bg_mehrere_technik_grande_halle_sanitary_objects,Sanitärob… (Grande Halle),p_grande_halle_de_colombelles,Grande Halle de Colombel…,Colombelles,Frankreich,,,Extern_importiert,reuse
bg_mehrere_mehrere_maison_des_canaux_sanitary_parts,Sanitärteile,p_maison_des_canaux_paris,"Maison des Canaux, Paris",Paris,Frankreich,,,,reuse
bg_mdf_mehrere_impact_black_mdf_panels,Schwarze MDF-Platten…,p_impact_hub_berlin_crclr_fitout,Impact Hub Berlin,Berlin,Deutschland,,,Extern_importiert,reuse
bg_beton_mehrere_christ_pavilion_fair_faced_parts,Sichtbetonteile des…,p_christ_pavilion_volkenroda,Christus-Pavillon,Volkenroda / Koerner,Deutschland,,,Extern_importiert,reuse
bg_holz_wand_bedzed_studs,Softwood wall studs,p_bedzed_london_hackbridge,BedZED,London,Vereinigtes Königreich,,,Extern_importiert,reuse
bg_stahl_ausbau_bluecity,Stahl im Büroausbau,p_bluecity_offices_rotterdam,BlueCity Offices…,Rotterdam,Niederlande,,,,reuse
bg_stahl_mehrere_ka13,Stahl in Bestand und…,p_ka13_kristian_augusts_gate_13_oslo,KA13,Oslo,Norwegen,,,Extern_importiert,reuse
bg_mehrere_mehrere_gjg_steel_wood_infill_structure,Stahl-/Holz-Infill-Struk…,p_gjg_house_gentbrugge,gjG House,Gentbrugge / Ghent,Belgien,,,,reuse
bg_stahl_treppe_zinneke_feder_masui4ever_brussels_treppen,Stahl-Treppen,p_zinneke_feder_masui4ever_brussels,Zinneke,Brüssel,Belgien,,,Extern_importiert,reuse
bg_stahl_mehrere_chiro_u_lintels,Stahl-U-Profile als…,p_chiro_d_itterbeek_dilbeek,Chiro d’Itterbeek,Dilbeek / Itterbeek,Belgien,,,Extern_importiert,reuse
bg_stahl_mehrere_grubenstrasse_access_structures,Stahlbauteile für…,p_grubenstrasse_29_werkhof_29_zuerich,Grubenstrasse 29,Zürich,Schweiz,,,Extern_importiert,reuse
bg_stahlbeton_mehrere_haus_hos_floor_elements,Stahlbeton-Deckenelemente,p_haus_hos_mehrfamilienhaus_muehlhausen,Haus HOS,"Mühlhausen, Thüringen;Leinefelde",Deutschland,,,Extern_importiert,reuse
bg_stahlbeton_treppe_haus_hos,Stahlbeton-Treppen,p_haus_hos_mehrfamilienhaus_muehlhausen,Haus HOS,"Mühlhausen, Thüringen;Leinefelde",Deutschland,,,Extern_importiert,reuse
bg_stahlbeton_wand_haus_hos_elements,Stahlbeton-Wandelemente,p_haus_hos_mehrfamilienhaus_muehlhausen,Haus HOS,"Mühlhausen, Thüringen;Leinefelde",Deutschland,,,Extern_importiert,reuse
bg_stahl_mehrere_crclr_trusses_greenhouse,Stahlfachwerktraeger…,p_crclr_house_impact_hub_berlin,CRCLR House,Berlin,Deutschland,,,Gelagert_oder_Unbekannt,reuse
bg_stahl_fassade_svanen_stahlfassadenelemente,Stahlfassadenelemente,p_svanen_kindergarten_gladsaxe,Svanen,Gladsaxe,Dänemark,,,Auf_demselben_Standort_versetzt,reuse
bg_stahl_mehrere_lycee_facade_panels_railing,Stahlfassadenpaneele…,p_lycee_michel_lucius_conversion_luxembourg,Lycée Michel Lucius…,Luxembourg-Limpertsberg,Luxemburg,,,Im_selben_Gebaeude_versetzt,reuse
bg_mehrere_mehrere_moeoeslistrasse_stahlpergola_beschattung,Stahlpergola,p_kindergarten_moeoeslistrasse_manegg_zuerich,Kindergarten Mööslistras…,Zürich,Schweiz,,,Extern_importiert,reuse
bg_stahl_mehrere_crclr_roof_to_stair_stringers,Stahlpfetten,p_crclr_house_impact_hub_berlin,CRCLR House,Berlin,Deutschland,,,Im_selben_Gebaeude_versetzt,reuse
bg_stahl_mehrere_biopartner_5_stuetzen_rahmen,Stahlträger (Biopartner),p_biopartner_5_leiden_oegstgeest,BioPartner 5,Leiden;Oegstgeest,Niederlande,,,,reuse
bg_stahl_mehrere_geplante_stahltrager_roots,Stahlträger (Geplante),p_roots_in_the_sky_blackfriars_crown_court,Roots in the Sky,London,Vereinigtes Königreich,,,Extern_importiert,reuse
bg_stahl_mehrere_moeoeslistrasse_stuetzen,Stahlträger (Möösli.),p_kindergarten_moeoeslistrasse_manegg_zuerich,Kindergarten Mööslistras…,Zürich,Schweiz,,,Extern_importiert,reuse
bg_stahl_traeger_timber_square,Stahlträger (Timber),p_timber_square_london,Timber Square London,London,Vereinigtes Königreich,,,Extern_importiert,reuse
bg_stahl_mehrere_timber_square_reception_girder,Stahlträger als Empfangs…,p_timber_square_london,Timber Square London,London,Vereinigtes Königreich,,,,reuse
bg_stahl_traeger_zinneke_feder_stuerze,Stahlträger als Stürze,p_zinneke_feder_masui4ever_brussels,Zinneke,Brüssel,Belgien,,,Extern_importiert,reuse
bg_stahl_mehrere_welpeloo_paternoster_textilmaschine,Stahlträger aus Paternos…,p_villa_welpeloo_enschede,Villa Welpeloo Enschede,Enschede,Niederlande,,,Extern_importiert,reuse
bg_stahl_mehrere_k118_structure,Stahlträger und Stützen…,p_k118_kopfbau_halle_118_winterthur,K.118 Winterthur,Winterthur,Schweiz,,,,reuse
bg_stahl_mehrere_big_dig_house,Stahlträger un… (Big Dig),p_big_dig_house_lexington_massachusetts,Big Dig House,"Lexington, Massachusetts",USA,,,Extern_importiert,reuse
bg_stahl_mehrere_holbein_structural,Stahlträger un… (Holbein),p_holbein_gardens_london,"Holbein Gardens, London",London,Vereinigtes Königreich,,,Extern_importiert,reuse
bg_stahl_mehrere_55gss_external_core,Steel profiles for…,p_55_great_suffolk_street_london,55 Great Suffolk Street,London,Vereinigtes Königreich,,,,reuse
bg_naturstein_boden_ferme_slabs_fill,Stein- und Bürofußbodenp…,p_ferme_du_rail_paris,Ferme du Rail Paris,Paris,Frankreich,,,,reuse
bg_naturstein_wand_verbiest_charleroi,Steine aus Charleroi,p_verbiest_karreveld_brussels,Verbiest + Karreveld,Brüssel,Belgien,,,Extern_importiert,reuse
bg_daemmstoff_daemmung_zinneke_feder_steinwolle,Steinwolle-Dämmplatten,p_zinneke_feder_masui4ever_brussels,Zinneke,Brüssel,Belgien,,,Extern_importiert,reuse
bg_daemmstoff_mehrere_elys_stone_wool_restock_insulation,Steinwolledämmung aus…,p_elys_kultur_gewerbehaus_basel,ELYS Kultur- und…,Basel,Schweiz,,,Extern_importiert,reuse
bg_ziegel_mehrere_holbein_stone,Stone / brickwork,p_holbein_gardens_london,"Holbein Gardens, London",London,Vereinigtes Königreich,,,,reuse
bg_stahl_mehrere_bedzed_structural,Structural steel frame…,p_bedzed_london_hackbridge,BedZED,London,Vereinigtes Königreich,,,Extern_importiert,reuse
bg_beton_wand_chiro_surplus_blocks,Surplus-Betonblöcke,p_chiro_d_itterbeek_dilbeek,Chiro d’Itterbeek,Dilbeek / Itterbeek,Belgien,,,Extern_importiert,reuse
bg_daemmstoff_daemmung_chiro_surplus_floor_wall,Surplus-Dämmung Boden/Wa…,p_chiro_d_itterbeek_dilbeek,Chiro d’Itterbeek,Dilbeek / Itterbeek,Belgien,,,Extern_importiert,reuse
bg_holz_mehrere_chiro_surplus_roof_frame,Surplus-Holzrahmen,p_chiro_d_itterbeek_dilbeek,Chiro d’Itterbeek,Dilbeek / Itterbeek,Belgien,,,Extern_importiert,reuse
bg_mehrere_mehrere_thoravej_tt_decken_zu_treppen,TT-/Betondecken zu…,p_thoravej_29_copenhagen,Thoravej 29 Copenhagen,Kopenhagen,Dänemark,,,Im_selben_Gebaeude_versetzt,reuse
bg_holz_mehrere_beware_tulium_trusses,TULIUM Altholz-Träger,,,,,,,,planned
bg_mehrere_technik_ithaka_tga_beleuchtung_installationen,Technische Bauteile,p_jeugdkliniek_ithaka_emergis_kloetinge,Jeugdkliniek Ithaka,Kloetinge,Niederlande,,,Extern_importiert,reuse
bg_mehrere_mehrere_brighton_teppichfliesen_fassade,Teppichfliesen als…,p_brighton_waste_house_brighton,Brighton Waste House,Brighton,Vereinigtes Königreich,,,Extern_importiert,reuse
bg_holz_boden_circular_pavilion_terrace_decking,Terrassen-Caillebotis…,p_circular_pavilion_paris,Circular Pavilion Paris,Paris,Frankreich,,,Extern_importiert,reuse
bg_mehrere_mehrere_plp_terrazzo_arbeits_kuechenflaechen,Terrazzo-/Spolia-Arbeits…,p_plp_london_hq_circular_studio_fitout,PLP London HQ circular…,London,Vereinigtes Königreich,,,Im_selben_Gebaeude_versetzt,reuse
bg_mehrere_treppe_plattenvereinigung_treppenelemente,Treppenelemente,p_plattenvereinigung_berlin,Plattenvereinigung Berlin,Berlin,Deutschland,,,Extern_importiert,reuse
bg_daemmstoff_mehrere_trae_high_rise_aarhus_troldtekt_akustikplatten,Troldtekt-Akustikplatten,p_trae_high_rise_aarhus,TRÆ High-Rise,Aarhus,Dänemark,,,,reuse
bg_holz_fassade_hastings_hardwood_cladding,Tropische Hartholz-Deckb…,p_hastings_pier_visitor_centre,Hastings Pier Visitor…,Hastings,Vereinigtes Königreich,,,,reuse
bg_mehrere_mehrere_maison_des_canaux_doors,Türen / Raumabschlüsse,p_maison_des_canaux_paris,"Maison des Canaux, Paris",Paris,Frankreich,,,,reuse
bg_holz_tuer_grande_halle_fire,Türen und Brandschutztür…,p_grande_halle_de_colombelles,Grande Halle de Colombel…,Colombelles,Frankreich,,,Extern_importiert,reuse
bg_mehrere_mehrere_boschgaard_tueren_innenausbau,Türen und Innenausbau,p_woongroep_boschgaard_den_bosch,Woongroep Boschgaard…,s-Hertogenbosch,Niederlande,,,,reuse
bg_holz_mehrere_thoravej_tueren_zu_tischplatten,Türen zu Tischplatten,p_thoravej_29_copenhagen,Thoravej 29 Copenhagen,Kopenhagen,Dänemark,,,Im_selben_Gebaeude_versetzt,reuse
bg_mehrere_mehrere_impact_crclr_doors_windows_sanitary,"Türen, Fenster und…",p_impact_hub_berlin_crclr_fitout,Impact Hub Berlin,Berlin,Deutschland,,,Extern_importiert,reuse
bg_verbundstoff_decke_umar_lindner_ceiling,UMAR Lindner-Decke,p_umar_unit,UMAR Unit,Dübendorf,Schweiz,,,In_situ,reuse
bg_daemmstoff_daemmung_umar_mycelium,UMAR Pilzmyzel-Dämm.,p_umar_unit,UMAR Unit,Dübendorf,Schweiz,,,,reuse
bg_mineralisch_wand_umar_recycled_bricks,UMAR Recyclingziegel,p_umar_unit,UMAR Unit,Dübendorf,Schweiz,,,In_situ,reuse
bg_metall_tuer_umar_wabbes_handles,UMAR Wabbes Türgriffe,p_umar_unit,UMAR Unit,Dübendorf,Schweiz,,,In_situ,reuse
bg_glas_fenster_trae_high_rise_aarhus_upcycled_elements,Upcycled window elements,p_trae_high_rise_aarhus,TRÆ High-Rise,Aarhus,Dänemark,,,,reuse
bg_keramik_mehrere_verbiest_karreveld_dach_terrasse,Verbiest Dach- und…,p_verbiest_karreveld_brussels,Verbiest + Karreveld,Brüssel,Belgien,,,Extern_importiert,reuse
bg_keramik_mehrere_verbiest_hanzinelle_fliesen,Verbiest dekorative…,p_verbiest_karreveld_brussels,Verbiest + Karreveld,Brüssel,Belgien,,,Extern_importiert,reuse
bg_unbekannt_technik_circular_pavilion_lights,Vier grosse Leuchten…,p_circular_pavilion_paris,Circular Pavilion Paris,Paris,Frankreich,,,Extern_importiert,reuse
bg_kunststoff_technik_brighton_vinylbanner_dampfbremse,Vinylbanner als Dampfbre…,p_brighton_waste_house_brighton,Brighton Waste House,Brighton,Vereinigtes Königreich,,,Extern_importiert,reuse
bg_mehrere_fassade_crclr_curtain_wall_sheet_glass,Vorhangfassadenelemente,p_crclr_house_impact_hub_berlin,CRCLR House,Berlin,Deutschland,,,Extern_importiert,reuse
bg_stahlbeton_mehrere_groeditz_wbs70_precast_panels,WBS70 precast panels,p_association_house_groeditz,Vereinshaus Gröditz,Gröditz,Deutschland,,,Extern_importiert,reuse
bg_kunststoff_wand_awm_wc_partitions,WC partitions,p_awm_muenster_circular_office,AWM Münster – zirkulärer…,Münster,Deutschland,,,Extern_importiert,reuse
bg_beton_mehrere_plattenvereinigung_wand_fassadenelemente,Wand- und Fassadenelemen…,p_plattenvereinigung_berlin,Plattenvereinigung Berlin,Berlin,Deutschland,,,Extern_importiert,reuse
bg_keramik_wand_chiro_tiles,Wandfliesen,p_chiro_d_itterbeek_dilbeek,Chiro d’Itterbeek,Dilbeek / Itterbeek,Belgien,,,Extern_importiert,reuse
bg_mehrere_mehrere_recyclinghaus_sanitaer_feste_einbauten,Waschbecken,p_recyclinghaus_hannover,Recyclinghaus Hannover,Hannover,Deutschland,,,Extern_importiert,reuse
bg_mehrere_mehrere_moeoeslistrasse_bestand_werkhof,Werkhofstruktur und…,p_kindergarten_moeoeslistrasse_manegg_zuerich,Kindergarten Mööslistras…,Zürich,Schweiz,,,In_situ,reuse
bg_stahl_mehrere_wetternde_offcut_tore_saxum,Wetternde Stahl-Offcut-T…,p_saxum_vineyard_equipment_barn_paso_robles,Saxum Vineyard Equipment…,Paso Robles / Templeton Gap,USA,,,Extern_importiert,reuse
bg_stahl_technik_multi_reinstalled_elevator_motors,Wieder eingebaute…,p_multi_brussels_reuse_in_multi,Multi Brussels,Brüssel,Belgien,,,,reuse
bg_holz_ausbau_ferme_fixed_cupboards,Wiederverwendetes Holz…,p_ferme_du_rail_paris,Ferme du Rail Paris,Paris,Frankreich,,,,reuse
bg_stahl_fassade_recyclinghaus_wellblech,Wiederverwendetes…,p_recyclinghaus_hannover,Recyclinghaus Hannover,Hannover,Deutschland,,,Extern_importiert,reuse
bg_unbekannt_fassade_trae_aarhus_windturbine_sonnenschutz,Windturbinenflügel als…,p_trae_high_rise_aarhus,TRÆ High-Rise,Aarhus,Dänemark,,,,reuse
bg_holz_ausbau_awm_fixed_builtins,Wood for fixed built-ins,p_awm_muenster_circular_office,AWM Münster – zirkulärer…,Münster,Deutschland,,,Extern_importiert,reuse
bg_kunststoff_daemmung_brighton_zahnbuersten_medienabfall_infill,Zahnbürsten und Medienab…,p_brighton_waste_house_brighton,Brighton Waste House,Brighton,Vereinigtes Königreich,,,Extern_importiert,reuse
bg_ziegel_mehrere_svanen,Ziegel,p_svanen_kindergarten_gladsaxe,Svanen,Gladsaxe,Dänemark,,,Auf_demselben_Standort_versetzt,reuse
bg_ziegel_mehrere_impact_reception,Ziegel im Empfang,p_impact_hub_berlin_crclr_fitout,Impact Hub Berlin,Berlin,Deutschland,,,Extern_importiert,reuse
bg_ziegel_mehrere_resource_rows_ziegelfassade,Ziegelfassadenmodule,p_resource_rows_copenhagen,Resource Rows,Kopenhagen,Dänemark,,,,reuse
bg_ziegel_mehrere_maison_dna_outer_walls,Ziegelwände als äußere…,p_maison_dna_asse,Maison DnA,Asse,Belgien,,,Extern_importiert,reuse
bg_stahlbeton_mehrere_schildow_zugeschnittene_wbs70_betonfertigteile,Zugeschnittene WBS70-Sta…,p_berlin_schildow_pilot_house,Berlin-Schildow Pilot,Schildow,Deutschland,,,Extern_importiert,reuse
bg_aluminium_profile_multi_facade_h_profiles,bg_reuse_aluminium_profile_multi_facade_h_profiles,p_multi_brussels_reuse_in_multi,Multi Brussels,Brüssel,Belgien,,,,
bg_aluminium_technik_meduni_cable_ducts_grids_candidate,bg_reuse_aluminium_technik_meduni_cable_ducts_grids_candidate,p_meduni_campus_mariannengasse,MedUni Campus Wien,Wien,Österreich,,,Gelagert_oder_Unbekannt,
bg_asphalt_liander_existing_roofs,bg_reuse_asphalt_liander_existing_roofs,p_liander_alliander_hq_duiven,Liander,Duiven,Niederlande,,,,
bg_ausbau_wand_meduni_toilet_partitions_candidate,bg_reuse_ausbau_wand_meduni_toilet_partitions_candidate,p_meduni_campus_mariannengasse,MedUni Campus Wien,Wien,Österreich,,,Extern_importiert,
bg_bestand_liander_existing_constructions,bg_reuse_bestand_liander_existing_constructions,p_liander_alliander_hq_duiven,Liander,Duiven,Niederlande,,,,
bg_beton_innenwand_bluecity_original_concrete_blocks,bg_reuse_beton_innenwand_bluecity_original_concrete_blocks,p_bluecity_offices_rotterdam,BlueCity Offices…,Rotterdam,Niederlande,,,,
bg_beton_liander_demolished_concrete,bg_reuse_beton_liander_demolished_concrete,p_liander_alliander_hq_duiven,Liander,Duiven,Niederlande,,,,
bg_beton_tragwerk_upcycle_studios_recycled_concrete,bg_reuse_beton_tragwerk_upcycle_studios_recycled_concrete,p_upcycle_studios_copenhagen,Upcycle Studios Copenhag…,Kopenhagen,Dänemark,,,,
bg_boden_meduni_double_floors_candidate,bg_reuse_boden_meduni_double_floors_candidate,p_meduni_campus_mariannengasse,MedUni Campus Wien,Wien,Österreich,,,Gelagert_oder_Unbekannt,
bg_daemmstoff_daemmung_umar_repurposed_insulation,bg_reuse_daemmstoff_daemmung_umar_repurposed_insulation,p_umar_unit,UMAR Unit,Dübendorf,Schweiz,,,In_situ,
bg_decke_liander_existing_ceiling_plates,bg_reuse_decke_liander_existing_ceiling_plates,p_liander_alliander_hq_duiven,Liander,Duiven,Niederlande,,,,
bg_fliesen_boden_wand_meduni_tiles_candidate,bg_reuse_fliesen_boden_wand_meduni_tiles_candidate,p_meduni_campus_mariannengasse,MedUni Campus Wien,Wien,Österreich,,,Extern_importiert,
bg_glas_fenster_k118_zurich_windows_candidate,bg_reuse_glas_fenster_k118_zurich_windows_candidate,p_k118_kopfbau_halle_118_winterthur,K.118 Winterthur,Winterthur,Schweiz,,,Extern_importiert,
bg_glas_fenster_upcycle_studios_repurposed_double_glazing,bg_reuse_glas_fenster_upcycle_studios_repurposed_double_glazing,p_upcycle_studios_copenhagen,Upcycle Studios Copenhag…,Kopenhagen,Dänemark,,,,
bg_glas_innenwand_bluecity_reused_window_frames,bg_reuse_glas_innenwand_bluecity_reused_window_frames,p_bluecity_offices_rotterdam,BlueCity Offices…,Rotterdam,Niederlande,,,,
bg_holz_ausbau_canaux_archive_furniture_acoustic_desks,bg_reuse_holz_ausbau_canaux_archive_furniture_acoustic_desks,p_maison_des_canaux_paris,"Maison des Canaux, Paris",Paris,Frankreich,,,,
bg_holz_ausbau_upcycle_studios_discarded_flooring_boards,bg_reuse_holz_ausbau_upcycle_studios_discarded_flooring_boards,p_upcycle_studios_copenhagen,Upcycle Studios Copenhag…,Kopenhagen,Dänemark,,,,
bg_holz_aussenraum_canaux_landing_doors_decking_lattice,bg_reuse_holz_aussenraum_canaux_landing_doors_decking_lattice,p_maison_des_canaux_paris,"Maison des Canaux, Paris",Paris,Frankreich,,,Extern_importiert,
bg_holz_boden_canaux_refurbished_wooden_floor,bg_reuse_holz_boden_canaux_refurbished_wooden_floor,p_maison_des_canaux_paris,"Maison des Canaux, Paris",Paris,Frankreich,,,,
bg_holz_boden_k118_parquet_candidate,bg_reuse_holz_boden_k118_parquet_candidate,p_k118_kopfbau_halle_118_winterthur,K.118 Winterthur,Winterthur,Schweiz,,,Extern_importiert,
bg_holz_boden_meduni_parquet_candidate,bg_reuse_holz_boden_meduni_parquet_candidate,p_meduni_campus_mariannengasse,MedUni Campus Wien,Wien,Österreich,,,Extern_importiert,
bg_holz_dach_k118_aarau_roof_elements_candidate,bg_reuse_holz_dach_k118_aarau_roof_elements_candidate,p_k118_kopfbau_halle_118_winterthur,K.118 Winterthur,Winterthur,Schweiz,,,Extern_importiert,
bg_holz_fassade_hastings_pier_rescued_tropical_hardwood,bg_reuse_holz_fassade_hastings_pier_rescued_tropical_hardwood,p_hastings_pier_visitor_centre,Hastings Pier Visitor…,Hastings,Vereinigtes Königreich,,,,
bg_holz_fassade_liander_waste_wood_facades,bg_reuse_holz_fassade_liander_waste_wood_facades,p_liander_alliander_hq_duiven,Liander,Duiven,Niederlande,,,,
bg_holz_mehrere_grubenstrasse_old_roof_purlins,bg_reuse_holz_mehrere_grubenstrasse_old_roof_purlins,p_grubenstrasse_29_werkhof_29_zuerich,Grubenstrasse 29,Zürich,Schweiz,,,Im_selben_Gebaeude_versetzt,
bg_holz_mehrere_resource_rows_metro_wastewood_candidate,bg_reuse_holz_mehrere_resource_rows_metro_wastewood_candidate,p_resource_rows_copenhagen,Resource Rows,Kopenhagen,Dänemark,,,,
bg_holz_moebel_hastings_pier_deck_furniture,bg_reuse_holz_moebel_hastings_pier_deck_furniture,p_hastings_pier_visitor_centre,Hastings Pier Visitor…,Hastings,Vereinigtes Königreich,,,,
bg_holz_papier_ferme_du_rail_recycled_fibre_wall_panels,bg_reuse_holz_papier_ferme_du_rail_recycled_fibre_wall_panels,p_ferme_du_rail_paris,Ferme du Rail Paris,Paris,Frankreich,,,,
bg_holz_tragwerk_cascadeup_glulamst_frame,bg_reuse_holz_tragwerk_cascadeup_glulamst_frame,p_cascadeup_london_secondary_timber_glulam_demonstrator,CascadeUp,London,Vereinigtes Königreich,,,,
bg_holz_treppe_meduni_oak_handrails_candidate,bg_reuse_holz_treppe_meduni_oak_handrails_candidate,p_meduni_campus_mariannengasse,MedUni Campus Wien,Wien,Österreich,,,Extern_importiert,
bg_holz_tueren_k118_uster_doors_candidate,bg_reuse_holz_tueren_k118_uster_doors_candidate,p_k118_kopfbau_halle_118_winterthur,K.118 Winterthur,Winterthur,Schweiz,,,Extern_importiert,
bg_holz_tueren_meduni_doors_candidate,bg_reuse_holz_tueren_meduni_doors_candidate,p_meduni_campus_mariannengasse,MedUni Campus Wien,Wien,Österreich,,,Extern_importiert,
bg_holz_wand_decke_cascadeup_clst_panels,bg_reuse_holz_wand_decke_cascadeup_clst_panels,p_cascadeup_london_secondary_timber_glulam_demonstrator,CascadeUp,London,Vereinigtes Königreich,,,,
bg_keramik_fliese_canaux_terracotta_wall_covering,bg_reuse_keramik_fliese_canaux_terracotta_wall_covering,p_maison_des_canaux_paris,"Maison des Canaux, Paris",Paris,Frankreich,,,Gelagert_oder_Unbekannt,
bg_keramik_fliese_ferme_du_rail_reused_tiles,bg_reuse_keramik_fliese_ferme_du_rail_reused_tiles,p_ferme_du_rail_paris,Ferme du Rail Paris,Paris,Frankreich,,,,
bg_leuchten_canaux_lighting_fixtures_parchment,bg_reuse_leuchten_canaux_lighting_fixtures_parchment,p_maison_des_canaux_paris,"Maison des Canaux, Paris",Paris,Frankreich,,,,
bg_mehrere_ausbau_biopartner5_furniture_doors_candidate,bg_reuse_mehrere_ausbau_biopartner5_furniture_doors_candidate,p_biopartner_5_leiden_oegstgeest,BioPartner 5,Leiden;Oegstgeest,Niederlande,,,,
bg_mehrere_maison_vignette_reclaimed_recycled_package,bg_reuse_mehrere_maison_vignette_reclaimed_recycled_package,p_maison_vignette_auderghem,Maison Vignette,Auderghem / Brüssel,Belgien,,,,
bg_mehrere_mehrere_meduni_component_catalogue,bg_reuse_mehrere_mehrere_meduni_component_catalogue,p_meduni_campus_mariannengasse,MedUni Campus Wien,Wien,Österreich,,,Extern_importiert,
bg_mehrere_mehrere_svanen_clock_dome_washbasins,bg_reuse_mehrere_mehrere_svanen_clock_dome_washbasins,p_svanen_kindergarten_gladsaxe,Svanen,Gladsaxe,Dänemark,,,Auf_demselben_Standort_versetzt,
bg_mehrere_technik_k118_pv_candidate,bg_reuse_mehrere_technik_k118_pv_candidate,p_k118_kopfbau_halle_118_winterthur,K.118 Winterthur,Winterthur,Schweiz,,,Extern_importiert,
bg_metall_fassade_k118_red_sheets_candidate,bg_reuse_metall_fassade_k118_red_sheets_candidate,p_k118_kopfbau_halle_118_winterthur,K.118 Winterthur,Winterthur,Schweiz,,,Extern_importiert,
bg_metall_fassade_schaerenmoos_fassade_absturz,bg_reuse_metall_fassade_schaerenmoos_fassade_absturz,p_schaerenmoosstrasse_zuerich,Schärenmoosstr. ZH,Zürich,Schweiz,,,,
bg_metall_ferme_du_rail_reused_metallic_elements,bg_reuse_metall_ferme_du_rail_reused_metallic_elements,p_ferme_du_rail_paris,Ferme du Rail Paris,Paris,Frankreich,,,,
bg_metall_gelaender_bluecity_oil_platform_balustrades,bg_reuse_metall_gelaender_bluecity_oil_platform_balustrades,p_bluecity_offices_rotterdam,BlueCity Offices…,Rotterdam,Niederlande,,,,
bg_metall_technik_meduni_copper_cables_candidate,bg_reuse_metall_technik_meduni_copper_cables_candidate,p_meduni_campus_mariannengasse,MedUni Campus Wien,Wien,Österreich,,,Gelagert_oder_Unbekannt,
bg_metall_treppe_meduni_jugendstil_handrails_candidate,bg_reuse_metall_treppe_meduni_jugendstil_handrails_candidate,p_meduni_campus_mariannengasse,MedUni Campus Wien,Wien,Österreich,,,Extern_importiert,
bg_moebel_canaux_reclaimed_furniture,bg_reuse_moebel_canaux_reclaimed_furniture,p_maison_des_canaux_paris,"Maison des Canaux, Paris",Paris,Frankreich,,,,
bg_moebel_lager_meduni_heavy_shelves_candidate,bg_reuse_moebel_lager_meduni_heavy_shelves_candidate,p_meduni_campus_mariannengasse,MedUni Campus Wien,Wien,Österreich,,,Extern_importiert,
bg_moebel_sitze_meduni_cinema_seats_candidate,bg_reuse_moebel_sitze_meduni_cinema_seats_candidate,p_meduni_campus_mariannengasse,MedUni Campus Wien,Wien,Österreich,,,Extern_importiert,
bg_moebel_stuehle_meduni_folding_chairs_candidate,bg_reuse_moebel_stuehle_meduni_folding_chairs_candidate,p_meduni_campus_mariannengasse,MedUni Campus Wien,Wien,Österreich,,,Extern_importiert,
bg_naturstein_boden_k118_granite_candidate,bg_reuse_naturstein_boden_k118_granite_candidate,p_k118_kopfbau_halle_118_winterthur,K.118 Winterthur,Winterthur,Schweiz,,,Extern_importiert,
bg_naturstein_fassade_k118_granit_orion_candidate,bg_reuse_naturstein_fassade_k118_granit_orion_candidate,p_k118_kopfbau_halle_118_winterthur,K.118 Winterthur,Winterthur,Schweiz,,,,
bg_papier_daemmung_lo_reninge_recycled_paper_insulation,bg_reuse_papier_daemmung_lo_reninge_recycled_paper_insulation,p_lo_reninge_town_hall_facade,Lo-Reninge Town Hall…,Lo-Reninge,Belgien,,,,
bg_sanitaer_liander_existing_toilets,bg_reuse_sanitaer_liander_existing_toilets,p_liander_alliander_hq_duiven,Liander,Duiven,Niederlande,,,,
bg_stahl_erschliessung_k118_aussentreppe_orion_candidate,bg_reuse_stahl_erschliessung_k118_aussentreppe_orion_candidate,p_k118_kopfbau_halle_118_winterthur,K.118 Winterthur,Winterthur,Schweiz,,,,
bg_stahl_mehrere_k118_kopfbau_halle_118_winterthur_stahltraeger_candidate,bg_reuse_stahl_mehrere_k118_kopfbau_halle_118_winterthur_stahltraeger_candidate,p_k118_kopfbau_halle_118_winterthur,K.118 Winterthur,Winterthur,Schweiz,,,,
bg_stahl_mehrere_schaerenmoos_dachpergolen,bg_reuse_stahl_mehrere_schaerenmoos_dachpergolen,p_schaerenmoosstrasse_zuerich,Schärenmoosstr. ZH,Zürich,Schweiz,,,,
bg_stahl_mehrere_schaerenmoos_laubengang_balkone,bg_reuse_stahl_mehrere_schaerenmoos_laubengang_balkone,p_schaerenmoosstrasse_zuerich,Schärenmoosstr. ZH,Zürich,Schweiz,,,Extern_importiert,
bg_stahl_tragwerk_bluecity_reused_steel,bg_reuse_stahl_tragwerk_bluecity_reused_steel,p_bluecity_offices_rotterdam,BlueCity Offices…,Rotterdam,Niederlande,,,,
bg_stahl_tragwerk_brent_cross_oil_pipeline_tubulars,bg_reuse_stahl_tragwerk_brent_cross_oil_pipeline_tubulars,p_brent_cross_town_primary_substation_london,Brent Cross Town…,London,Vereinigtes Königreich,,,,
bg_stahl_tragwerk_k118_basel_steel_beams_candidate,bg_reuse_stahl_tragwerk_k118_basel_steel_beams_candidate,p_k118_kopfbau_halle_118_winterthur,K.118 Winterthur,Winterthur,Schweiz,,,Extern_importiert,
bg_stahl_tragwerk_liander_extension_steel,bg_reuse_stahl_tragwerk_liander_extension_steel,p_liander_alliander_hq_duiven,Liander,Duiven,Niederlande,,,,
bg_stahl_treppe_k118_orion_stair_candidate,bg_reuse_stahl_treppe_k118_orion_stair_candidate,p_k118_kopfbau_halle_118_winterthur,K.118 Winterthur,Winterthur,Schweiz,,,Extern_importiert,
bg_stein_boden_multi_bruges_bluestone_flagstones,bg_reuse_stein_boden_multi_bruges_bluestone_flagstones,p_multi_brussels_reuse_in_multi,Multi Brussels,Brüssel,Belgien,,,,
bg_stein_boden_multi_generale_granite_flooring,bg_reuse_stein_boden_multi_generale_granite_flooring,p_multi_brussels_reuse_in_multi,Multi Brussels,Brüssel,Belgien,,,,
bg_stein_boden_multi_paris_granite_terrace,bg_reuse_stein_boden_multi_paris_granite_terrace,p_multi_brussels_reuse_in_multi,Multi Brussels,Brüssel,Belgien,,,,
bg_stein_ferme_du_rail_reused_stones,bg_reuse_stein_ferme_du_rail_reused_stones,p_ferme_du_rail_paris,Ferme du Rail Paris,Paris,Frankreich,,,,
bg_stein_multi_bluestone_blocks_plinth,bg_reuse_stein_multi_bluestone_blocks_plinth,p_multi_brussels_reuse_in_multi,Multi Brussels,Brüssel,Belgien,,,,
bg_technik_aufzug_meduni_paternoster_candidate,bg_reuse_technik_aufzug_meduni_paternoster_candidate,p_meduni_campus_mariannengasse,MedUni Campus Wien,Wien,Österreich,,,Extern_importiert,
bg_technik_ausbau_k118_fixtures_candidate,bg_reuse_technik_ausbau_k118_fixtures_candidate,p_k118_kopfbau_halle_118_winterthur,K.118 Winterthur,Winterthur,Schweiz,,,Extern_importiert,
bg_technik_ausbau_meduni_projector_screen_candidate,bg_reuse_technik_ausbau_meduni_projector_screen_candidate,p_meduni_campus_mariannengasse,MedUni Campus Wien,Wien,Österreich,,,Extern_importiert,
bg_technik_ausbau_meduni_vintage_clocks_candidate,bg_reuse_technik_ausbau_meduni_vintage_clocks_candidate,p_meduni_campus_mariannengasse,MedUni Campus Wien,Wien,Österreich,,,Extern_importiert,
bg_technik_multi_elevator_engines,bg_reuse_technik_multi_elevator_engines,p_multi_brussels_reuse_in_multi,Multi Brussels,Brüssel,Belgien,,,,
bg_textil_daemmung_ferme_du_rail_recycled_clothing_insulation,bg_reuse_textil_daemmung_ferme_du_rail_recycled_clothing_insulation,p_ferme_du_rail_paris,Ferme du Rail Paris,Paris,Frankreich,,,,
bg_tuer_moebel_liander_doors_to_furniture,bg_reuse_tuer_moebel_liander_doors_to_furniture,p_liander_alliander_hq_duiven,Liander,Duiven,Niederlande,,,,
bg_ziegel_fassade_lo_reninge_reclaimed_yellow_brick,bg_reuse_ziegel_fassade_lo_reninge_reclaimed_yellow_brick,p_lo_reninge_town_hall_facade,Lo-Reninge Town Hall…,Lo-Reninge,Belgien,,,,
bg_ziegel_fassade_maison_vignette_reused_facing_bricks,bg_reuse_ziegel_fassade_maison_vignette_reused_facing_bricks,p_maison_vignette_auderghem,Maison Vignette,Auderghem / Brüssel,Belgien,,,,
