id,fallstudie,entity_type,frage
55_Great_Suffolk_Street_London__Werkzeug_unbekannt,55_Great_Suffolk_Street_London,Werkzeug,Werkzeug unbekannt — Quelle/Wert recherchieren
55_Great_Suffolk_Street_London__Werkzeug_unbekannt,55_Great_Suffolk_Street_London,Werkzeug,Werkzeug unbekannt — Quelle/Wert recherchieren
55_Great_Suffolk_Street_London__Schadstoff_unbekannt,55_Great_Suffolk_Street_London,Schadstoff,Schadstoff unbekannt — Quelle/Wert recherchieren
Association_house_Groeditz__Pruefung_unbekannt,Association_house_Groeditz,Pruefung,Pruefung unbekannt — Quelle/Wert recherchieren
Association_house_Groeditz__Wirtschaft_unbekannt,Association_house_Groeditz,Wirtschaft,Wirtschaft unbekannt — Quelle/Wert recherchieren
Association_house_Plauen__Aufbereitungsmethode_unbekannt,Association_house_Plauen,Aufbereitungsmethode,Aufbereitungsmethode unbekannt — Quelle/Wert recherchieren
Association_house_Plauen__Pruefung_unbekannt,Association_house_Plauen,Pruefung,Pruefung unbekannt — Quelle/Wert recherchieren
Association_house_Plauen__Norm_Recht_unbekannt,Association_house_Plauen,Norm_Recht,Norm_Recht unbekannt — Quelle/Wert recherchieren
Association_house_Plauen__Wirtschaft_unbekannt,Association_house_Plauen,Wirtschaft,Wirtschaft unbekannt — Quelle/Wert recherchieren
BedZED_London_Hackbridge__Werkzeug_unbekannt,BedZED_London_Hackbridge,Werkzeug,Werkzeug unbekannt — Quelle/Wert recherchieren
Berlin_Schildow_Pilot_House__Norm_Recht_unbekannt,Berlin_Schildow_Pilot_House,Norm_Recht,Norm_Recht unbekannt — Quelle/Wert recherchieren
Berlin_Schildow_Pilot_House_2__Norm_Recht_unbekannt,Berlin_Schildow_Pilot_House_2,Norm_Recht,Norm_Recht unbekannt — Quelle/Wert recherchieren
Bestandverplanzung_Pavilion_Muenchen__Pruefung_unbekannt,Bestandverplanzung_Pavilion_Muenchen,Pruefung,Pruefung unbekannt — Quelle/Wert recherchieren
Bestandverplanzung_Pavilion_Muenchen__Norm_Recht_unbekannt,Bestandverplanzung_Pavilion_Muenchen,Norm_Recht,Norm_Recht unbekannt — Quelle/Wert recherchieren
Big_Dig_House_Lexington_Massachusetts__Verbindung_unbekannt,Big_Dig_House_Lexington_Massachusetts,Verbindung,Verbindung unbekannt — Quelle/Wert recherchieren
Big_Dig_House_Lexington_Massachusetts__Pruefung_unbekannt,Big_Dig_House_Lexington_Massachusetts,Pruefung,Pruefung unbekannt — Quelle/Wert recherchieren
Big_Dig_House_Lexington_Massachusetts__Norm_Recht_unbekannt,Big_Dig_House_Lexington_Massachusetts,Norm_Recht,Norm_Recht unbekannt — Quelle/Wert recherchieren
Big_Dig_House_Lexington_Massachusetts__Schadstoff_unbekannt,Big_Dig_House_Lexington_Massachusetts,Schadstoff,Schadstoff unbekannt — Quelle/Wert recherchieren
Big_Dig_House_Lexington_Massachusetts__Werkzeug_unbekannt,Big_Dig_House_Lexington_Massachusetts,Werkzeug,Werkzeug unbekannt — Quelle/Wert recherchieren
Big_Dig_House_Lexington_Massachusetts__Werkzeug_unbekannt,Big_Dig_House_Lexington_Massachusetts,Werkzeug,Werkzeug unbekannt — Quelle/Wert recherchieren
BioPartner_5_Leiden_Oegstgeest__Wirtschaft_unbekannt,BioPartner_5_Leiden_Oegstgeest,Wirtschaft,Wirtschaft unbekannt — Quelle/Wert recherchieren
Boulder_Fire_Station_3__Schadstoff_unbekannt,Boulder_Fire_Station_3,Schadstoff,Schadstoff unbekannt — Quelle/Wert recherchieren
Boulder_Fire_Station_3__Norm_Recht_unbekannt,Boulder_Fire_Station_3,Norm_Recht,Norm_Recht unbekannt — Quelle/Wert recherchieren
Brent_Cross_Town_Primary_Substation_London__Werkzeug_unbekannt,Brent_Cross_Town_Primary_Substation_London,Werkzeug,Werkzeug unbekannt — Quelle/Wert recherchieren
Brent_Cross_Town_Primary_Substation_London__Schadstoff_unbekannt,Brent_Cross_Town_Primary_Substation_London,Schadstoff,Schadstoff unbekannt — Quelle/Wert recherchieren
Brighton_Waste_House_Brighton__Norm_Recht_unbekannt,Brighton_Waste_House_Brighton,Norm_Recht,Norm_Recht unbekannt — Quelle/Wert recherchieren
Brighton_Waste_House_Brighton__Werkzeug_unbekannt,Brighton_Waste_House_Brighton,Werkzeug,Werkzeug unbekannt — Quelle/Wert recherchieren
Broethen_Twin_House_Hoyerswerda__Akteur_unbekannt,Broethen_Twin_House_Hoyerswerda,Akteur,Akteur unbekannt — Quelle/Wert recherchieren
Broethen_Twin_House_Hoyerswerda__Architekt_unbekannt,Broethen_Twin_House_Hoyerswerda,Architekt,Architekt unbekannt — Quelle/Wert recherchieren
Broethen_Twin_House_Hoyerswerda__Tragwerksplaner_unbekannt,Broethen_Twin_House_Hoyerswerda,Tragwerksplaner,Tragwerksplaner unbekannt — Quelle/Wert recherchieren
Broethen_Twin_House_Hoyerswerda__Bauherr_unbekannt,Broethen_Twin_House_Hoyerswerda,Bauherr,Bauherr unbekannt — Quelle/Wert recherchieren
Broethen_Twin_House_Hoyerswerda__Pruefung_unbekannt,Broethen_Twin_House_Hoyerswerda,Pruefung,Pruefung unbekannt — Quelle/Wert recherchieren
Broethen_Twin_House_Hoyerswerda__Norm_Recht_unbekannt,Broethen_Twin_House_Hoyerswerda,Norm_Recht,Norm_Recht unbekannt — Quelle/Wert recherchieren
Ferme_du_Rail_Paris__Norm_Recht_unbekannt,Ferme_du_Rail_Paris,Norm_Recht,Norm_Recht unbekannt — Quelle/Wert recherchieren
gjG_House_Gentbrugge__Pruefung_unbekannt,gjG_House_Gentbrugge,Pruefung,Pruefung unbekannt — Quelle/Wert recherchieren
gjG_House_Gentbrugge__Wirtschaft_unbekannt,gjG_House_Gentbrugge,Wirtschaft,Wirtschaft unbekannt — Quelle/Wert recherchieren
Grande_Halle_de_Colombelles__Werkzeug_unbekannt,Grande_Halle_de_Colombelles,Werkzeug,Werkzeug unbekannt — Quelle/Wert recherchieren
Grubenstrasse_29_Werkhof_29_Zuerich__Schadstoff_unbekannt,Grubenstrasse_29_Werkhof_29_Zuerich,Schadstoff,Schadstoff unbekannt — Quelle/Wert recherchieren
Grubenstrasse_29_Werkhof_29_Zuerich__Software_Tool_unbekannt,Grubenstrasse_29_Werkhof_29_Zuerich,Software/Tool,Software/Tool unbekannt — Quelle/Wert recherchieren
Haus_HOS_Mehrfamilienhaus_Muehlhausen__Norm_Recht_unbekannt,Haus_HOS_Mehrfamilienhaus_Muehlhausen,Norm_Recht,Norm_Recht unbekannt — Quelle/Wert recherchieren
House_of_Fraser_318_Oxford_Street_TBC_London_reuse_chain__Wirtschaft_unbekannt,House_of_Fraser_318_Oxford_Street_TBC_London_reuse_chain,Wirtschaft,Wirtschaft unbekannt — Quelle/Wert recherchieren
House_of_Fraser_318_Oxford_Street_TBC_London_reuse_chain__Schadstoff_unbekannt,House_of_Fraser_318_Oxford_Street_TBC_London_reuse_chain,Schadstoff,Schadstoff unbekannt — Quelle/Wert recherchieren
Institut_de_Botanique_ULg_Liege__Pruefung_unbekannt,Institut_de_Botanique_ULg_Liege,Pruefung,Pruefung unbekannt — Quelle/Wert recherchieren
Institut_de_Botanique_ULg_Liege__Norm_Recht_unbekannt,Institut_de_Botanique_ULg_Liege,Norm_Recht,Norm_Recht unbekannt — Quelle/Wert recherchieren
Institut_de_Botanique_ULg_Liege__Kennwert_unbekannt,Institut_de_Botanique_ULg_Liege,Kennwert,Kennwert unbekannt — Quelle/Wert recherchieren
KA13_Kristian_Augusts_gate_13_Oslo__Tragwerksplaner_unbekannt,KA13_Kristian_Augusts_gate_13_Oslo,Tragwerksplaner,Tragwerksplaner unbekannt — Quelle/Wert recherchieren
Kindergarten_Moeoeslistrasse_Manegg_Zuerich__Norm_Recht_unbekannt,Kindergarten_Moeoeslistrasse_Manegg_Zuerich,Norm_Recht,Norm_Recht unbekannt — Quelle/Wert recherchieren
Liander_Alliander_HQ_Duiven__Wirtschaft_unbekannt,Liander_Alliander_HQ_Duiven,Wirtschaft,Wirtschaft unbekannt — Quelle/Wert recherchieren
Lo_Reninge_Town_Hall_Facade__Pruefung_unbekannt,Lo_Reninge_Town_Hall_Facade,Pruefung,Pruefung unbekannt — Quelle/Wert recherchieren
Lo_Reninge_Town_Hall_Facade__Wirtschaft_unbekannt,Lo_Reninge_Town_Hall_Facade,Wirtschaft,Wirtschaft unbekannt — Quelle/Wert recherchieren
Maison_des_Canaux_Paris__Architekt_unbekannt,Maison_des_Canaux_Paris,Architekt,Architekt unbekannt — Quelle/Wert recherchieren
Maison_des_Canaux_Paris__Bauteilboerse_unbekannt,Maison_des_Canaux_Paris,Bauteilboerse,Bauteilboerse unbekannt — Quelle/Wert recherchieren
Maison_des_Canaux_Paris__Wirtschaft_unbekannt,Maison_des_Canaux_Paris,Wirtschaft,Wirtschaft unbekannt — Quelle/Wert recherchieren
Maison_des_Canaux_Paris__Kennwert_unbekannt,Maison_des_Canaux_Paris,Kennwert,Kennwert unbekannt — Quelle/Wert recherchieren
Maison_DnA_Asse__Verbindung_unbekannt,Maison_DnA_Asse,Verbindung,Verbindung unbekannt — Quelle/Wert recherchieren
Maison_DnA_Asse__Pruefung_unbekannt,Maison_DnA_Asse,Pruefung,Pruefung unbekannt — Quelle/Wert recherchieren
Maison_DnA_Asse__Wirtschaft_unbekannt,Maison_DnA_Asse,Wirtschaft,Wirtschaft unbekannt — Quelle/Wert recherchieren
Maison_Vignette_Auderghem__Pruefung_unbekannt,Maison_Vignette_Auderghem,Pruefung,Pruefung unbekannt — Quelle/Wert recherchieren
Maison_Vignette_Auderghem__Wirtschaft_unbekannt,Maison_Vignette_Auderghem,Wirtschaft,Wirtschaft unbekannt — Quelle/Wert recherchieren
Mehrow_Pilot_House__Norm_Recht_unbekannt,Mehrow_Pilot_House,Norm_Recht,Norm_Recht unbekannt — Quelle/Wert recherchieren
Montessori_Maassluis__Pruefung_unbekannt,Montessori_Maassluis,Pruefung,Pruefung unbekannt — Quelle/Wert recherchieren
Montessori_Maassluis__Norm_Recht_unbekannt,Montessori_Maassluis,Norm_Recht,Norm_Recht unbekannt — Quelle/Wert recherchieren
Montessori_Maassluis__Schadstoff_unbekannt,Montessori_Maassluis,Schadstoff,Schadstoff unbekannt — Quelle/Wert recherchieren
Montessori_Maassluis__Bauteilboerse_unbekannt,Montessori_Maassluis,Bauteilboerse,Bauteilboerse unbekannt — Quelle/Wert recherchieren
Montessori_Maassluis__Software_Tool_unbekannt,Montessori_Maassluis,Software/Tool,Software/Tool unbekannt — Quelle/Wert recherchieren
Recyclinghaus_Hannover__Pruefung_unbekannt,Recyclinghaus_Hannover,Pruefung,Pruefung unbekannt — Quelle/Wert recherchieren
Recyclinghaus_Hannover__Software_Tool_unbekannt,Recyclinghaus_Hannover,Software/Tool,Software/Tool unbekannt — Quelle/Wert recherchieren
Resilience_La_Ferme_des_Possibles_Stains__Schadstoff_unbekannt,Resilience_La_Ferme_des_Possibles_Stains,Schadstoff,Schadstoff unbekannt — Quelle/Wert recherchieren
Resource_Rows_Copenhagen__Bauherr_unbekannt,Resource_Rows_Copenhagen,Bauherr,Bauherr unbekannt — Quelle/Wert recherchieren
Saxum_Vineyard_Equipment_Barn_Paso_Robles__Wirtschaft_unbekannt,Saxum_Vineyard_Equipment_Barn_Paso_Robles,Wirtschaft,Wirtschaft unbekannt — Quelle/Wert recherchieren
Svanen_Kindergarten_Gladsaxe__Foerderprogramm_unbekannt,Svanen_Kindergarten_Gladsaxe,Foerderprogramm,Foerderprogramm unbekannt — Quelle/Wert recherchieren
The_Green_House_Utrecht__Foerderprogramm_unbekannt,The_Green_House_Utrecht,Foerderprogramm,Foerderprogramm unbekannt — Quelle/Wert recherchieren
Timber_Square_London__Wirtschaft_unbekannt,Timber_Square_London,Wirtschaft,Wirtschaft unbekannt — Quelle/Wert recherchieren
Upcycle_Studios_Copenhagen__Pruefung_unbekannt,Upcycle_Studios_Copenhagen,Pruefung,Pruefung unbekannt — Quelle/Wert recherchieren
Upcycle_Studios_Copenhagen__Norm_Recht_unbekannt,Upcycle_Studios_Copenhagen,Norm_Recht,Norm_Recht unbekannt — Quelle/Wert recherchieren
Upcycle_Studios_Copenhagen__Norm_Recht_unbekannt,Upcycle_Studios_Copenhagen,Norm_Recht,Norm_Recht unbekannt — Quelle/Wert recherchieren
Upcycle_Studios_Copenhagen__Werkzeug_unbekannt,Upcycle_Studios_Copenhagen,Werkzeug,Werkzeug unbekannt — Quelle/Wert recherchieren
Verbiest_Karreveld_Brussels__Pruefung_unbekannt,Verbiest_Karreveld_Brussels,Pruefung,Pruefung unbekannt — Quelle/Wert recherchieren
Villa_Welpeloo_Enschede__Wirtschaft_unbekannt,Villa_Welpeloo_Enschede,Wirtschaft,Wirtschaft unbekannt — Quelle/Wert recherchieren
Villa_Welpeloo_Enschede__Norm_Recht_unbekannt,Villa_Welpeloo_Enschede,Norm_Recht,Norm_Recht unbekannt — Quelle/Wert recherchieren
Woongroep_Boschgaard_Den_Bosch__Schadstoff_unbekannt,Woongroep_Boschgaard_Den_Bosch,Schadstoff,Schadstoff unbekannt — Quelle/Wert recherchieren
Woongroep_Boschgaard_Den_Bosch__Pruefung_unbekannt,Woongroep_Boschgaard_Den_Bosch,Pruefung,Pruefung unbekannt — Quelle/Wert recherchieren
Woongroep_Boschgaard_Den_Bosch__Norm_Recht_unbekannt,Woongroep_Boschgaard_Den_Bosch,Norm_Recht,Norm_Recht unbekannt — Quelle/Wert recherchieren
Woongroep_Boschgaard_Den_Bosch__Werkzeug_unbekannt,Woongroep_Boschgaard_Den_Bosch,Werkzeug,Werkzeug unbekannt — Quelle/Wert recherchieren
Zinneke_Feder_Masui4ever_Brussels__Werkzeug_unbekannt,Zinneke_Feder_Masui4ever_Brussels,Werkzeug,Werkzeug unbekannt — Quelle/Wert recherchieren
Zinneke_Feder_Masui4ever_Brussels__Norm_Recht_unbekannt,Zinneke_Feder_Masui4ever_Brussels,Norm_Recht,Norm_Recht unbekannt — Quelle/Wert recherchieren
