Land;Von;Richtung;Nach;Text;sichtbar;vorher
Belgien;Chiro d’Itterbeek;←;Franck;Lieferte Reuse-Ziegel.;ja;Lieferte Reuse-Ziegel für Chiro d’Itterbeek.
Belgien;Chiro d’Itterbeek;←;RotorDC;Lieferte Reuse-Bauteile.;ja;Lieferte Reuse-Bauteile für Chiro d’Itterbeek.
Belgien;BLAF Architecten;→;Maison DnA;Entwurf.;ja;Entwarf Maison DnA.
Belgien;Maison Vignette;←;Franck Bricks;Lieferte Reuse-Ziegel.;ja;Lieferte Reuse-Ziegel für Maison Vignette.
Belgien;Maison Vignette;←;2emain.be;"Beteiligung; genaue Rolle noch offen.";ja;"War an Maison Vignette beteiligt; Aufgabe offen."
Belgien;Musée de Folklore Vie…;←;Bureau Bouwtechniek;Tragwerksplanung.;ja;Plante das Tragwerk für Musée du Folklore de Mouscron.
Belgien;Recypark Demets;←;51N4E;Entwurf.;ja;Entwarf Recypark Demets.
Belgien;Recypark Demets;←;Rotor;Entwurf.;ja;Entwarf Recypark Demets.
Belgien;Zinneke;←;Zinneke asbl;Bauherrschaft.;ja;Verantwortete Zinneke als Bauherrschaft.
Belgien;Zinneke;←;ERDF / FEDER Brüssel-Hauptstadt;Förderung.;ja;Förderte Zinneke.
Belgien;Zinneke;←;Rotor;Fachplanung.;ja;Übernahm die Fachplanung für Zinneke.
Belgien;Rotor;→;RotorDC;Gründung als Spin-off.;ja;Gründete RotorDC als Spin-off.
Belgien;Opalis;←;Brussels Environment;Unterstützte die Entwicklung.;ja;Unterstützte die Entwicklung von Opalis.
Belgien;Embuild;—;Buildwise;Entwickelten das Tool Circulair Gebouwd gemeinsam.;ja;Entwickelten das Tool Circulair Gebouwd gemeinsam.
Belgien;Buildwise;—;Vrije Universiteit Brussel (VUB) – Architectural Engineering;Erarbeiteten gemeinsam einen Reuse-Umbau-Bericht.;ja;Erarbeiteten gemeinsam einen Reuse-Umbau-Bericht.
Belgien;BauMaB Kassel / Bauteilbörse Kassel;←;Stadt Kassel;Initiierte in Klimastrategie.;ja;Initiierte BauMaB in der Kasseler Klimastrategie.
Belgien;OVAM (Openbare Vlaamse Afvalstoffenmaatschappij);—;Tracimat vzw;Kooperierten bei Abbruchnachverfolgung.;ja;Kooperierten bei der Abbruchnachverfolgung.
Belgien;Chiro d’Itterbeek;←;Commune de Dilbeek;Bauherrschaft.;;Verantwortete Chiro d’Itterbeek als Bauherrschaft.
Belgien;Chiro d’Itterbeek;←;CC Autrement;Bauausführung.;;Führte die Bauarbeiten an Chiro d’Itterbeek aus.
Belgien;Lo-Reninge Town Hall…;←;noAarchitecten;Entwurf.;;Entwarf Lo-Reninge Town Hall.
Belgien;Lo-Reninge Town Hall…;←;Lo-Reninge town council;Bauherrschaft.;;Verantwortete Lo-Reninge Town Hall als Bauherrschaft.
Belgien;Lo-Reninge Town Hall…;←;Dexia;Bauherrschaft.;;Verantwortete Lo-Reninge Town Hall als Bauherrschaft.
Belgien;Maison Vignette;←;Karbon’ architecture & urbanisme;Entwurf.;;Entwarf Maison Vignette.
Belgien;Maison Vignette;←;BESP Stoffel & Partners / Pierre Stoffel;Fachplanung.;;Übernahm die Fachplanung für Maison Vignette.
Belgien;Multi Brussels;←;Whitewood;Bauherrschaft.;;Verantwortete Multi Brussels als Bauherrschaft.
Belgien;Multi Brussels;←;Cordeel;Bauausführung.;;Führte die Bauarbeiten an Multi Brussels aus.
Belgien;Multi Brussels;←;CONIX RDBM;Entwurf.;;Entwarf Multi Brussels.
Belgien;Multi Brussels;←;Rotor;Fachplanung.;;Übernahm die Fachplanung für Multi Brussels.
Belgien;Multi Brussels;←;RotorDC;Lieferte Reuse-Bauteile.;;Lieferte Reuse-Bauteile für Multi Brussels.
Belgien;Whitewood;→;OXY Centre Monnaie;Bauherrschaft.;;Verantwortete OXY Centre Monnaie als Bauherrschaft.
Belgien;Immobel;→;OXY Centre Monnaie;Bauherrschaft.;;Verantwortete OXY Centre Monnaie als Bauherrschaft.
Belgien;Musée de Folklore Vie…;←;Ville de Mouscron;Beauftragung.;;Beauftragte das Musée du Folklore de Mouscron.
Belgien;Musée de Folklore Vie…;←;Greisch;Tragwerksplanung.;;Plante das Tragwerk für Musée du Folklore de Mouscron.
Belgien;Musée de Folklore Vie…;←;Taktyk;Fachplanung.;;Übernahm die Fachplanung für Musée du Folklore de Mouscron.
Belgien;Greisch;→;Recypark Demets;Fachplanung.;;Übernahm die Fachplanung für Recypark Demets.
Belgien;OXY Centre Monnaie;←;Rotor;Fachplanung.;;Übernahm die Fachplanung für OXY Centre Monnaie.
Belgien;OXY Centre Monnaie;←;RotorDC;Aufarbeitung der Reuse-Bauteile.;;Arbeitete Reuse-Bauteile für OXY Centre Monnaie auf.
Belgien;Verbiest + Karreveld;←;AgwA;Entwurf.;;Entwarf Verbiest + Karreveld.
Belgien;Verbiest + Karreveld;←;Evelia Macal;Entwurf.;;Entwarf Verbiest + Karreveld.
Belgien;Verbiest + Karreveld;←;JZH & Partners;Tragwerksplanung.;;Plante das Tragwerk für Verbiest + Karreveld.
Belgien;Verbiest + Karreveld;←;Kahle Acoustics;Fachplanung.;;Übernahm die Fachplanung für Verbiest + Karreveld.
Belgien;Verbiest + Karreveld;←;Denis Dujardin;Fachplanung.;;Übernahm die Fachplanung für Verbiest + Karreveld.
Belgien;Verbiest + Karreveld;←;Pouvoir Organisateur Pluriel / POP;Bauherrschaft.;;Verantwortete Verbiest + Karreveld als Bauherrschaft.
Belgien;Zinneke;←;Matriciel;Fachplanung.;;Übernahm die Fachplanung für Zinneke.
Belgien;Zinneke;←;De Coninck;Bauausführung.;;Führte die Bauarbeiten an Zinneke aus.
Belgien;Zinneke;←;Brudex;Bauausführung.;;Führte die Bauarbeiten an Zinneke aus.
Belgien;Rotor;—;CCRI Pilot Flanders;Tauschten bei einem Besuch Reuse-Wissen aus.;;Tauschten bei einem Rotor-Besuch Reuse-Wissen aus.
Belgien;Rotor;→;CCRI Pilot Uppsala;Beriet zu Reuse.;;Beriet den CCRI-Piloten Uppsala zu Reuse.
Belgien;Brussels Environment;→;BAMB (Buildings as Material Banks);Koordination.;;Koordinierte das BAMB-Programm.
Belgien;BAMB (Buildings as Material Banks);—;Sarajevo Green Design Foundation;Verbundpartnerschaft.;;Arbeiteten im BAMB-Verbund zusammen.
Belgien;BAMB (Buildings as Material Banks);—;Sundahus;Verbundpartnerschaft.;;Arbeiteten im BAMB-Verbund zusammen.
Belgien;BAMB (Buildings as Material Banks);—;Technische Universität München (TUM);Verbundpartnerschaft.;;Arbeiteten im BAMB-Verbund zusammen.
Belgien;BAMB (Buildings as Material Banks);—;Universidade do Minho (UMinho);Verbundpartnerschaft.;;Arbeiteten im BAMB-Verbund zusammen.
Belgien;BAMB (Buildings as Material Banks);—;University of Twente;Verbundpartnerschaft.;;Arbeiteten im BAMB-Verbund zusammen.
Belgien;BAMB (Buildings as Material Banks);—;Vlaamse Instelling voor Technologisch Onderzoek (VITO);Verbundpartnerschaft.;;Arbeiteten im BAMB-Verbund zusammen.
Belgien;BAMB (Buildings as Material Banks);—;Vrije Universiteit Brussel (VUB) – Architectural Engineering;Verbundpartnerschaft.;;Arbeiteten im BAMB-Verbund zusammen.
Belgien;CCRI Pilot Uppsala;—;TWG Circular Construction and Buildings (CCRI);Verbundpartnerschaft.;;Arbeiteten im CCRI-Verbund zusammen.
Belgien;Groep Van Roey;—;Vrije Universiteit Brussel (VUB) – Architectural Engineering;Arbeiteten im Circular Retrofit Lab zusammen.;;Arbeiteten im Circular Retrofit Lab zusammen.
Deutschland;Abfallwirtschaftsbetriebe Münster;→;AWM Münster – zirkulärer…;Beauftragte zirkulären AWM-Büroumbau.;ja;Beauftragte den zirkulären AWM-Büroumbau.
Deutschland;Berlin-Schildow Pilot;←;Claus Asam;Prüfung der Reuse-Bauteile.;ja;Prüfte Reuse-Bauteile für Berlin-Schildow Pilot.
Deutschland;Claus Asam;→;Mehrow Pilot House;"Beteiligung; genaue Rolle noch offen.";ja;"War an Mehrow Pilot House beteiligt; Aufgabe offen."
Deutschland;CRCLR House;←;LXSY Architektur;Entwurf.;ja;Entwarf CRCLR House.
Deutschland;ZRS Ingenieure;→;Impact Hub Berlin;Tragwerksplanung.;ja;Plante das Tragwerk für Impact Hub Berlin.
Deutschland;Impact Hub Berlin;←;Die Zusammenarbeiter;Entwurf.;ja;Entwarf Impact Hub Berlin.
Deutschland;Impact Hub Berlin;←;LXSY Architektur;Entwurf.;ja;Entwarf Impact Hub Berlin.
Deutschland;Plattenpalast Berlin;←;Wiewiorra Hopp Architekten;Entwurf.;ja;Entwarf Plattenpalast Berlin.
Deutschland;Plattenvereinigung Berlin;←;TU Berlin Fachgebiet Bauphysik und Baukonstruktionen;Forschungsbegleitung.;ja;Begleitete Plattenvereinigung Berlin wissenschaftlich.
Deutschland;Plattenvereinigung Berlin;←;Deutsche Bundesstiftung Umwelt (DBU);Förderung.;ja;Förderte Plattenvereinigung Berlin.
Deutschland;Plattenvereinigung Berlin;←;Bundeszentrale für politische Bildung (bpb);Förderung.;ja;Förderte Plattenvereinigung Berlin.
Deutschland;Recyclinghaus Hannover;←;Gundlach GmbH & Co. KG Wohnungsunternehmen;Bauherrschaft.;ja;Verantwortete Recyclinghaus Hannover als Bauherrschaft.
Deutschland;Recyclinghaus Hannover;←;H2A;Tragwerksplanung.;ja;Plante das Tragwerk für Recyclinghaus Hannover.
Deutschland;Recyclinghaus Hannover;←;CITYFÖRSTER;Entwurf.;ja;Entwarf Recyclinghaus Hannover.
Deutschland;Jugendtreff Ingersheim;←;Gemeinde Ingersheim;Bauherrschaft.;ja;Verantwortete Jugendtreff Ingersheim als Bauherrschaft.
Deutschland;AWM Münster – zirkulärer…;←;Urselmann Interior;Führte Innenausbau beim AWM-Büroumbau aus.;ja;Führte den Innenausbau beim AWM-Büroumbau aus.
Deutschland;AWM Münster – zirkulärer…;←;Petra Jablonická;Entwarf zirkulären AWM-Büroumbau.;ja;Entwarf den zirkulären AWM-Büroumbau.
Deutschland;AWM Münster – zirkulärer…;←;Concular;Beschaffte Reuse-Material für AWM-Büroumbau.;ja;Beschaffte Reuse-Material für den AWM-Büroumbau.
Deutschland;Circular Structural Design;—;Concular;Entwickelten Matching-Algorithmen im Green-AI-Hub.;ja;Entwickelten Matching-Algorithmen im Green-AI-Hub.
Deutschland;KIT;—;Baukreisel e.V.;Starteten einen Ausbau-Stegreif am KIT.;ja;Starteten einen Ausbau-Stegreif am KIT.
Deutschland;Urban Mining Index;←;Universität Wuppertal;Entwickelte zur Software.;ja;Entwickelte den Urban Mining Index zur Software.
Deutschland;Concular;—;ALBA Berlin;Betreiben Urban Mining Hub gemeinsam.;ja;Betreiben den Urban Mining Hub Berlin gemeinsam.
Deutschland;Concular;→;München Bauteilbörse (CirCoFin pilot);Mitentwicklung der Bauteilbörse.;ja;Entwickelt die Bauteilbörse München mit.
Deutschland;Historische Bauelemente (Marwitz);→;Unternehmerverband Historische Baustoffe e.V. (UHB);Nimmt als Mitglied am UHB teil.;ja;Nimmt als Mitglied am UHB teil.
Deutschland;Historische Baustoffe Ostalb (Söhnstetten);→;Unternehmerverband Historische Baustoffe e.V. (UHB);Nimmt als Mitglied am UHB teil.;ja;Nimmt als Mitglied am UHB teil.
Deutschland;Berlin-Schildow Pilot;←;IEMB / TU Berlin;Prüfung der Reuse-Bauteile.;;Prüfte Reuse-Bauteile für Berlin-Schildow Pilot.
Deutschland;Berlin-Schildow Pilot;←;Architekturbüro Conclus;Fachplanung.;;Übernahm die Fachplanung für Berlin-Schildow Pilot.
Deutschland;IEMB / TU Berlin;→;Plattenpalast Berlin;Forschungsbegleitung.;;Begleitete Plattenpalast Berlin wissenschaftlich.
Deutschland;CRCLR House;←;Solares Bauen;Fachplanung.;;Übernahm die Fachplanung für CRCLR House.
Deutschland;CRCLR House;←;eZeit;Tragwerksplanung.;;Plante das Tragwerk für CRCLR House.
Deutschland;Impact Hub Berlin;←;Impact Hub Berlin;Betrieb.;;Betreibt Impact Hub Berlin.
Deutschland;Impact Hub Berlin;←;TRNSFRM eG;Betrieb.;;Betreibt Impact Hub Berlin.
Deutschland;Plattenvereinigung Berlin;←;zukunftsgeraeusche GbR;Betrieb.;;Betreibt Plattenvereinigung Berlin.
Deutschland;Recyclinghaus Hannover;←;DREWES + SPETH Beratende Ingenieure;Tragwerksplanung.;;Plante das Tragwerk für Recyclinghaus Hannover.
Deutschland;AWM Münster – zirkulärer…;←;Sven Urselmann;Führte Innenausbau beim AWM-Büroumbau aus.;;Führte den Innenausbau beim AWM-Büroumbau aus.
Deutschland;BTU Cottbus;—;ReCreate project consortium;Verbundpartnerschaft.;;Arbeiteten im ReCreate-Verbund zusammen.
Dänemark;Resource Rows;←;Lendager;Entwurf.;ja;Entwarf Resource Rows.
Dänemark;Svanen;←;Tscherning;Rückbau.;ja;Führte den Rückbau von Svanen aus.
Dänemark;Svanen;←;Lendager;Entwurf.;ja;Entwarf Svanen.
Dänemark;Tscherning;—;GreenDozer ApS;Vertieften ihre Zusammenarbeit.;ja;Vertieften ihre Zusammenarbeit bei GreenDozer.
Dänemark;Thoravej 29 Copenhagen;←;DTU;Prüfung der Reuse-Bauteile.;ja;Prüfte Reuse-Bauteile für Thoravej 29 Copenhagen.
Dänemark;TRÆ High-Rise;←;a:gain;Lieferte Reuse-Bauteile.;ja;Lieferte Reuse-Bauteile für TRÆ High-Rise.
Dänemark;TRÆ High-Rise;←;DOVISTA / KRONE;Lieferte Reuse-Bauteile.;ja;Lieferte Reuse-Bauteile für TRÆ High-Rise.
Dänemark;TRÆ High-Rise;←;Artelia;Tragwerksplanung.;ja;Plante das Tragwerk für TRÆ High-Rise.
Dänemark;TRÆ High-Rise;←;Lendager;Entwurf.;ja;Entwarf TRÆ High-Rise.
Dänemark;a:gain;→;Upcycle Studios Copenhag…;Lieferte einen Viddø-Fensterprototyp.;ja;Lieferte einen Viddø-Fensterprototyp für Upcycle Studios.
Dänemark;Circue;—;GreenDozer ApS;Verknüpften mit Revit.;ja;Verknüpften GreenDozer-Materialien mit Revit.
Dänemark;GreenDozer ApS;←;Kingo (Kingo Karlsen A/S);Investition.;ja;Investierte in GreenDozer.
Dänemark;GreenDozer ApS;←;P. Olesen / PO Genbrug;Investition.;ja;Investierte in GreenDozer.
Dänemark;Svanen;←;Gladsaxe Kommune / Gladsaxe Municipality;Bauherrschaft.;;Verantwortete Svanen als Bauherrschaft.
Dänemark;Svanen;←;Sweco / Sweco Architects;Bauausführung.;;Führte die Bauarbeiten an Svanen aus.
Dänemark;Svanen;←;NIRAS;Fachplanung.;;Übernahm die Fachplanung für Svanen.
Dänemark;Svanen;←;Ason A/S;Bauausführung.;;Führte die Bauarbeiten an Svanen aus.
Dänemark;Gladsaxe Kommune / Gladsaxe Municipality;—;Aarhus Kommune;Arbeiteten im BygCirkulært-Verbund zusammen.;;Arbeiteten im BygCirkulært-Verbund zusammen.
Dänemark;Thoravej 29 Copenhagen;←;Hoffmann A/S;Bauausführung.;;Führte die Bauarbeiten an Thoravej 29 Copenhagen aus.
Dänemark;TRÆ High-Rise;←;Kilden & Hindby;Bauherrschaft.;;Verantwortete TRÆ High-Rise als Bauherrschaft.
Dänemark;TRÆ High-Rise;←;PFA Ejendomme;Bauherrschaft.;;Verantwortete TRÆ High-Rise als Bauherrschaft.
Dänemark;Upcycle Studios Copenhag…;←;NREP;Bauherrschaft.;;Verantwortete Upcycle Studios Copenhagen als Bauherrschaft.
Dänemark;Upcycle Studios Copenhag…;←;AG Gruppen;Aufarbeitung der Reuse-Bauteile.;;Arbeitete Reuse-Bauteile für Upcycle Studios Copenhagen auf.
Dänemark;Upcycle Studios Copenhag…;←;MOE;Aufarbeitung der Reuse-Bauteile.;;Arbeitete Reuse-Bauteile für Upcycle Studios Copenhagen auf.
Dänemark;GXN;←;3XN;Führt GXN als Forschungsabteilung 3XN.;;Führt GXN als Forschungsabteilung von 3XN.
Dänemark;Realdania;→;Hverringe Centrum for Restaurering;Förderte das Restaurierungszentrum.;;Förderte das Hverringe Restaurierungszentrum.
Finnland;Härmälänranta;←;A-Kruunu;Bauherrschaft.;ja;Verantwortete Härmälänranta als Bauherrschaft.
Finnland;Härmälänranta;←;Skanska Finland;Bauausführung.;ja;Führte die Bauarbeiten an Härmälänranta aus.
Finnland;Härmälänranta;←;Consolis Parma;Aufarbeitung der Reuse-Bauteile.;ja;Arbeitete Reuse-Bauteile für Härmälänranta auf.
Finnland;Härmälänranta;←;Ramboll Finland;Tragwerksplanung.;ja;Plante das Tragwerk für Härmälänranta.
Finnland;Skanska Finland;—;Consolis Parma;Arbeiteten im ReCreate-Verbund zusammen.;ja;Arbeiteten im ReCreate-Verbund zusammen.
Finnland;Skanska Finland;—;Ramboll Finland;Arbeiteten im ReCreate-Verbund zusammen.;ja;Arbeiteten im ReCreate-Verbund zusammen.
Finnland;Skanska Finland;→;Lokomotion Technology…;Bauausführung.;ja;Führte die Bauarbeiten an Lokomotion-Reuse-Pilot aus.
Finnland;Skanska Finland;—;Tampereen kaupunki (City of Tampere);Arbeiteten im ReCreate-Verbund zusammen.;ja;Arbeiteten im ReCreate-Verbund zusammen.
Finnland;Consolis Parma;←;Ramboll Finland;Bestimmte die Aufarbeitung Reuse-Bauteile.;ja;Bestimmte die Aufarbeitung der Reuse-Bauteile.
Finnland;Consolis Parma;→;Lokomotion Technology…;Aufarbeitung der Reuse-Bauteile.;ja;Arbeitete Reuse-Bauteile für Lokomotion-Reuse-Pilot auf.
Finnland;Consolis Parma;→;Melkinlaituri Primary…;Aufarbeitung der Reuse-Bauteile.;ja;Arbeitete Reuse-Bauteile für Melkinlaituri-Schule auf.
Finnland;Consolis Parma;—;Peikko Finland;Erprobten demontierbare Betonverbindungen.;ja;Erprobten demontierbare Betonverbindungen.
Finnland;Consolis Parma;—;Tampereen kaupunki (City of Tampere);Arbeiteten im ReCreate-Verbund zusammen.;ja;Arbeiteten im ReCreate-Verbund zusammen.
Finnland;Ramboll Finland;→;Lokomotion Technology…;Fachplanung.;ja;Übernahm die Fachplanung für Lokomotion-Reuse-Pilot.
Finnland;Ramboll Finland;→;Melkinlaituri Primary…;Prüfung der Reuse-Bauteile.;ja;Prüfte Reuse-Bauteile für Melkinlaituri-Schule.
Finnland;Ramboll Finland;—;Tampereen kaupunki (City of Tampere);Arbeiteten im ReCreate-Verbund zusammen.;ja;Arbeiteten im ReCreate-Verbund zusammen.
Finnland;Lokomotion Technology…;←;Tampere University;Forschungsbegleitung.;ja;Begleitete Lokomotion-Reuse-Pilot wissenschaftlich.
Finnland;Melkinlaituri Primary…;←;City of Helsinki;Bauherrschaft.;ja;Verantwortete Melkinlaituri-Schule als Bauherrschaft.
Finnland;Melkinlaituri Primary…;←;YIT;Bauausführung.;ja;Führte die Bauarbeiten an Melkinlaituri-Schule aus.
Finnland;City of Helsinki;—;Kiilto Family;Erprobten wiederlösbare Fliesen.;ja;Erprobten wiederlösbare Fliesen in Helsinki.
Finnland;Tampere University;—;SÄILÖ: Purusta säilöön ja kiertoon;Verbundpartnerschaft.;ja;Arbeiteten im SÄILÖ-Verbund zusammen.
Finnland;Tampere University;—;Tampereen kaupunki (City of Tampere);Stärken als Bildungs- und Wissenschaftsstandort.;ja;Stärken Tampere als Bildungs- und Wissenschaftsstandort.
Finnland;Aalto University (Department of Architecture);—;VTT (Technical Research Centre of Finland);Forschen zur grünen und digitalen Transformation.;ja;Forschen zur grünen und digitalen Transformation.
Finnland;Ekokumppanit (Kiertotalous Pirkanmaa);→;SÄILÖ: Purusta säilöön ja kiertoon;Trägt das federführend.;ja;Trägt das SÄILÖ-Projekt federführend.
Finnland;Kaakkois-Suomen Ammattikorkeakoulu Oy (Xamk);—;Mikkelin Kehitysyhtiö Miksei Oy;Tragen das KIELO-Projekt gemeinsam.;ja;Tragen das KIELO-Projekt gemeinsam.
Finnland;Mikkelin Kehitysyhtiö Miksei Oy;←;Purkupiha;Führte Rückbau im KIELO-Piloten aus.;ja;Führte den Rückbau im KIELO-Piloten aus.
Finnland;Purkutori.fi;←;Purkupiha;Betreibt Marktplatz.;ja;Betreibt den Marktplatz Purkutori.fi.
Finnland;Härmälänranta;←;LIIKE Oy Arkkitehtistudio;Entwurf.;;Entwarf Härmälänranta.
Finnland;Skanska Finland;—;Umacon;Arbeiteten im ReCreate-Verbund zusammen.;;Arbeiteten im ReCreate-Verbund zusammen.
Finnland;Consolis Parma;—;Umacon;Arbeiteten im ReCreate-Verbund zusammen.;;Arbeiteten im ReCreate-Verbund zusammen.
Finnland;Umacon;—;Ramboll Finland;Arbeiteten im ReCreate-Verbund zusammen.;;Arbeiteten im ReCreate-Verbund zusammen.
Finnland;Umacon;→;Lokomotion Technology…;Rückbau.;;Führte den Rückbau von Lokomotion-Reuse-Pilot aus.
Finnland;Umacon;—;Tampereen kaupunki (City of Tampere);Arbeiteten im ReCreate-Verbund zusammen.;;Arbeiteten im ReCreate-Verbund zusammen.
Finnland;Ramboll Finland;→;City of Espoo;Pilotiert mit eine Reuse-Lösung.;;Pilotiert mit Espoo eine Reuse-Lösung.
Finnland;Lokomotion Technology…;←;Metso Oyj;Bauherrschaft.;;Verantwortete Lokomotion-Reuse-Pilot als Bauherrschaft.
Finnland;City of Espoo;←;Purkupiha;Führte Schulrückbau in Pohjois-Tapiola aus.;;Führte den Schulrückbau in Pohjois-Tapiola aus.
Finnland;City of Nokia (Nokian kaupunki);—;SÄILÖ: Purusta säilöön ja kiertoon;Verbundpartnerschaft.;;Arbeiteten im SÄILÖ-Verbund zusammen.
Finnland;City of Orivesi (Oriveden kaupunki);—;SÄILÖ: Purusta säilöön ja kiertoon;Verbundpartnerschaft.;;Arbeiteten im SÄILÖ-Verbund zusammen.
Frankreich;Cycle Up;—;ORAK;Entwickelten eine Reuse-Lösung für Teppichfliesen.;ja;Entwickelten eine Reuse-Lösung für Teppichfliesen.
Frankreich;Cycle Up;—;TEXTIFLOOR;Verbessern gemeinsam Bodenbelag-Reuse.;ja;Verbessern gemeinsam den Bodenbelag-Reuse.
Frankreich;Réempro;→;CD2E;Mitgliedschaft im Netzwerk.;ja;Nimmt als Mitglied am CD2E-Netzwerk teil.
Frankreich;Circular Pavilion Paris;←;Encore Heureux;Entwurf.;ja;Entwarf Circular Pavilion Paris.
Frankreich;Ferme du Rail Paris;←;Travail & Vie;Bauausführung.;ja;Führte die Bauarbeiten an Ferme du Rail Paris aus.
Frankreich;Ferme du Rail Paris;←;Réhabail;Bauherrschaft.;ja;Verantwortete Ferme du Rail Paris als Bauherrschaft.
Frankreich;Ferme du Rail Paris;←;Pouget Consultants;Fachplanung.;ja;Übernahm die Fachplanung für Ferme du Rail Paris.
Frankreich;Ferme du Rail Paris;←;Albert & Co;Fachplanung.;ja;Übernahm die Fachplanung für Ferme du Rail Paris.
Frankreich;Grande Halle de Colombel…;←;Le WIP;Betrieb.;ja;Betreibt Grande Halle de Colombelles.
Frankreich;Maison des Canaux, Paris;←;Les Canaux;Betrieb.;ja;Betreibt Maison des Canaux, Paris.
Frankreich;Maison des Canaux, Paris;←;Ville de Paris;Bauherrschaft.;ja;Verantwortete Maison des Canaux, Paris als Bauherrschaft.
Frankreich;Ville de Paris;→;Plateforme de réemploi des matériaux de voirie de la Ville de Paris;Betreibt das Straßenbau-Depot.;ja;Betreibt das Pariser Straßenbau-Depot.
Frankreich;Résilience;←;Novaedia / Novædia;Betrieb.;ja;Betreibt Résilience.
Frankreich;Résilience;←;SOCOTEC;Prüfung der Reuse-Bauteile.;ja;Prüfte Reuse-Bauteile für Résilience.
Frankreich;Résilience;←;Depuis 1920;Bauausführung.;ja;Führte die Bauarbeiten an Résilience aus.
Frankreich;Résilience;←;Association Réavie;Lieferte Reuse-Bauteile.;ja;Lieferte Reuse-Bauteile für Résilience.
Frankreich;Résilience;←;Archipel zéro;Entwurf.;ja;Entwarf Résilience.
Frankreich;La Fab Bordeaux;←;Collectif CANCAN;Arbeitete im Auftrag.;ja;Arbeitete im Auftrag von La Fab Bordeaux.
Frankreich;Encore Heureux;→;REMIX / matériaux réemploi;Mitgründung des Reuse-Büros.;ja;Gründete das Reuse-Büro REMIX mit.
Frankreich;Mobius Réemploi;—;CSTB;Arbeiteten im SPIROU-Verbund zusammen.;ja;Arbeiteten im SPIROU-Verbund zusammen.
Frankreich;CANCAN Architecture;←;REFAIR Bordeaux;Begleitete beim Reuse-Vorhaben.;ja;Begleitete CANCAN beim Reuse-Vorhaben.
Frankreich;CSTB;—;Bellastock;Arbeiteten im FCRBE-Verbund zusammen.;ja;Arbeiteten im FCRBE-Verbund zusammen.
Frankreich;CSTB;—;Institut National de l'Économie Circulaire (INEC);Arbeiteten im LIFE-Waste2Build-Verbund zusammen.;ja;Arbeiteten im LIFE-Waste2Build-Verbund zusammen.
Frankreich;CSTB;—;Booster du Réemploi (A4MT);Arbeiteten im SPIROU-Verbund zusammen.;ja;Arbeiteten im SPIROU-Verbund zusammen.
Frankreich;Lascombes Matériaux Anciens;→;Lascombes Matériaux Anciens Sud-Ouest;Führt Sud- als Regionaldepot.;ja;Führt Lascombes Sud-Ouest als Regionaldepot.
Frankreich;Booster du Réemploi (A4MT);—;CD2E;Organisieren lokalen Reuse- gemeinsam.;ja;Organisieren den lokalen Reuse-Booster gemeinsam.
Frankreich;Circular Pavilion Paris;←;TRIBU;Tragwerksplanung.;;Plante das Tragwerk für Circular Pavilion Paris.
Frankreich;Circular Pavilion Paris;←;Camping Design;Entwurf.;;Entwarf Circular Pavilion Paris.
Frankreich;Circular Pavilion Paris;←;Ville de Paris – Pavillon de l Arsenal;Bauherrschaft.;;Verantwortete Circular Pavilion Paris als Bauherrschaft.
Frankreich;Circular Pavilion Paris;←;Technische Dienste der Stadt Paris;Bauausführung.;;Führte die Bauarbeiten an Circular Pavilion Paris aus.
Frankreich;Ferme du Rail Paris;←;Scoping;Fachplanung.;;Übernahm die Fachplanung für Ferme du Rail Paris.
Frankreich;Résilience;←;Métabolisme Urbain;Bauteilinventarisierung.;;Erfasste Reuse-Bauteile für Résilience.
Frankreich;CSTB;—;FCRBE (Facilitating the Circulation of Reclaimed Building Elements);Verbundpartnerschaft.;;Arbeiteten im FCRBE-Verbund zusammen.
Frankreich;CSTB;—;Fédération Française du Bâtiment et des Travaux publics de Haute-Garonne (FFB 31);Arbeiteten im LIFE-Waste2Build-Verbund zusammen.;;Arbeiteten im LIFE-Waste2Build-Verbund zusammen.
Frankreich;Bellastock;—;FCRBE (Facilitating the Circulation of Reclaimed Building Elements);Verbundpartnerschaft.;;Arbeiteten im FCRBE-Verbund zusammen.
Frankreich;Vilogia;→;Booster du Réemploi (A4MT);Fördert die Arbeitsgruppen.;;Fördert die Arbeitsgruppen des Booster du Réemploi.
Niederlande;Lagemaat Heerde;→;lcp-circulair;Gründung als Mitgründerin.;ja;Gründete lcp-circulair mit.
Niederlande;cepezed;→;The Green House Utrecht;Entwurf.;ja;Entwarf The Green House Utrecht.
Niederlande;cepezed;→;lcp-circulair;Gründung als Mitgründerin.;ja;Gründete lcp-circulair mit.
Niederlande;IMd Raadgevende Ingenieurs;→;BioPartner 5;Entwurf.;ja;Entwarf BioPartner 5.
Niederlande;IMd Raadgevende Ingenieurs;→;Montessori Maassluis;Tragwerksplanung.;ja;Plante das Tragwerk für Montessori Maassluis.
Niederlande;BioPartner 5;←;Popma ter Steege Architecten / PTSA;Entwurf.;ja;Entwarf BioPartner 5.
Niederlande;BioPartner 5;←;Vic Obdam Staalbouw;Bauausführung.;ja;Führte die Bauarbeiten an BioPartner 5 aus.
Niederlande;BioPartner 5;←;Leiden University / Gorlaeus donor source;Lieferte Reuse-Stahl.;ja;Lieferte Reuse-Stahl für BioPartner 5.
Niederlande;Jeugdkliniek Ithaka;←;Rothuizen Architecten / Taco Tuinhof;Entwurf.;ja;Entwarf Jeugdkliniek Ithaka.
Niederlande;Jeugdkliniek Ithaka;←;ABT;Fachplanung.;ja;Übernahm die Fachplanung für Jeugdkliniek Ithaka.
Niederlande;Jeugdkliniek Ithaka;←;Rijkswaterstaat;Lieferte Reuse-Bauteile.;ja;Lieferte Reuse-Bauteile für Jeugdkliniek Ithaka.
Niederlande;Jeugdkliniek Ithaka;←;DWT Groep;Bauausführung.;ja;Führte die Bauarbeiten an Jeugdkliniek Ithaka aus.
Niederlande;Liander;←;Alliander / Liander;Bauherrschaft.;ja;Verantwortete Liander als Bauherrschaft.
Niederlande;Liander;←;Madaster / Materialpass-Kontext;Bauteilinventarisierung.;ja;Erfasste Reuse-Bauteile für Liander.
Niederlande;Liander;←;RAU;Bauherrschaft.;ja;Verantwortete Liander als Bauherrschaft.
Niederlande;Montessori Maassluis;←;Kraaijvanger Architects;Entwurf.;ja;Entwarf Montessori Maassluis.
Niederlande;SUPERLOCAL Expogebouw;←;HEEMwonen;Bauherrschaft.;ja;Verantwortete SUPERLOCAL Expogebouw als Bauherrschaft.
Niederlande;SUPERLOCAL Expogebouw;←;IBA Parkstad;Reuse-Konzept.;ja;Erarbeitete das Reuse-Konzept für SUPERLOCAL Expogebouw.
Niederlande;SUPERLOCAL Expogebouw;←;Maurer United;Entwurf.;ja;Entwarf SUPERLOCAL Expogebouw.
Niederlande;SUPERLOCAL Expogebouw;←;Dusseldorp;Lieferte Reuse-Bauteile.;ja;Lieferte Reuse-Bauteile für SUPERLOCAL Expogebouw.
Niederlande;SUPERLOCAL Expogebouw;←;Bouwbedrijven Jongen;Bauausführung.;ja;Führte die Bauarbeiten an SUPERLOCAL Expogebouw aus.
Niederlande;SUPERLOCAL Expogebouw;←;Zuyd Hogeschool;Forschungsbegleitung.;ja;Begleitete SUPERLOCAL Expogebouw wissenschaftlich.
Niederlande;The Green House Utrecht;←;Pieters Bouwtechniek;Tragwerksplanung.;ja;Plante das Tragwerk für The Green House Utrecht.
Niederlande;The Green House Utrecht;←;Ballast Nedam;Bauausführung.;ja;Führte die Bauarbeiten an The Green House Utrecht aus.
Niederlande;The Green House Utrecht;←;De Groot & Visser;Bauausführung.;ja;Führte die Bauarbeiten an The Green House Utrecht aus.
Niederlande;ABN AMRO;→;Circl;Betrieb.;ja;Betreibt Circl.
Niederlande;ABN AMRO;—;Victory Group;Vereinbarten Verkauf und Rückmiete Hauptsitzes.;ja;Vereinbarten Verkauf und Rückmiete des Hauptsitzes.
Niederlande;Villa Welpeloo Enschede;←;Superuse Studios / 2012Architecten;Entwurf.;ja;Entwarf Villa Welpeloo Enschede.
Niederlande;Superuse Studios / 2012Architecten;—;New Horizon UM;Führen Oogstkaart.nl nach Übernahme fort.;ja;Führen Oogstkaart.nl nach der Übernahme fort.
Niederlande;Woongroep Boschgaard…;←;Bewohnerinitiative Boschgaard;Bauherrschaft.;ja;Verantwortete Boschgaard als Bauherrschaft.
Niederlande;Woongroep Boschgaard…;←;Zayaz;Bauherrschaft.;ja;Verantwortete Boschgaard als Bauherrschaft.
Niederlande;Circular Centre Netherla…;←;Lagemaat Heerde;Baute das aus Reuse-Material.;;Baute das Circular Centre Heerde aus Reuse-Material.
Niederlande;Circular Centre Netherla…;←;cepezed;Entwarf Heerde.;;Entwarf Circular Centre Heerde.
Niederlande;Circular Centre Netherla…;←;Provincie Gelderland;Verantwortete Heerde als Bauherrschaft.;;Verantwortete Circular Centre Heerde als Bauherrschaft.
Niederlande;Circular Centre Netherla…;←;ReCreate Dutch cluster;Führte die Bauarbeiten an Heerde aus.;;Führte die Bauarbeiten an Circular Centre Heerde aus.
Niederlande;Circular Centre Netherla…;←;IMd Raadgevende Ingenieurs;Fachplanung.;;Übernahm die Fachplanung für Circular Centre Heerde.
Niederlande;Circular Centre Netherla…;←;Dycore;Prüfte Reuse-Bauteile für Heerde.;;Prüfte Reuse-Bauteile für Circular Centre Heerde.
Niederlande;BioPartner 5;←;BioPartner Center Leiden;Bauherrschaft.;;Verantwortete BioPartner 5 als Bauherrschaft.
Niederlande;BioPartner 5;←;De Vries en Verburg;Bauausführung.;;Führte die Bauarbeiten an BioPartner 5 aus.
Niederlande;BioPartner 5;←;Deerns;Bauausführung.;;Führte die Bauarbeiten an BioPartner 5 aus.
Niederlande;BioPartner 5;←;STONE22;Steuerte das Projekt.;;Steuerte das Projekt BioPartner 5.
Niederlande;BlueCity Offices…;←;BlueCity / Blue City 010 BV;Bauherrschaft.;;Verantwortete BlueCity Offices als Bauherrschaft.
Niederlande;BlueCity Offices…;←;COUP;Bauausführung.;;Führte die Bauarbeiten an BlueCity Offices aus.
Niederlande;BlueCity Offices…;←;Workspot;Bauausführung.;;Führte die Bauarbeiten an BlueCity Offices aus.
Niederlande;BlueCity Offices…;←;Bik Bouw;Bauausführung.;;Führte die Bauarbeiten an BlueCity Offices aus.
Niederlande;Jeugdkliniek Ithaka;←;Emergis;Bauherrschaft.;;Verantwortete Jeugdkliniek Ithaka als Bauherrschaft.
Niederlande;Jeugdkliniek Ithaka;←;Burobas;Entwurf.;;Entwarf Jeugdkliniek Ithaka.
Niederlande;Jeugdkliniek Ithaka;←;Adviesbureau Lüning;Fachplanung.;;Übernahm die Fachplanung für Jeugdkliniek Ithaka.
Niederlande;Jeugdkliniek Ithaka;←;Paree;Bauausführung.;;Führte die Bauarbeiten an Jeugdkliniek Ithaka aus.
Niederlande;Liander;←;Turntoo / Circularity-Kontext;Reuse-Konzept.;;Erarbeitete das Reuse-Konzept für Liander.
Niederlande;Montessori Maassluis;←;Stichting Montessorischolen Monton;Bauherrschaft.;;Verantwortete Montessori Maassluis als Bauherrschaft.
Niederlande;Montessori Maassluis;←;Anculus B.V.;Fachplanung.;;Übernahm die Fachplanung für Montessori Maassluis.
Niederlande;Montessori Maassluis;←;Vintis installatieadviseurs;Bauausführung.;;Führte die Bauarbeiten an Montessori Maassluis aus.
Niederlande;Montessori Maassluis;←;VIA Landscape;Entwurf.;;Entwarf Montessori Maassluis.
Niederlande;Montessori Maassluis;←;Van Dijk Maasland B.V.;Bauausführung.;;Führte die Bauarbeiten an Montessori Maassluis aus.
Niederlande;Montessori Maassluis;←;A. de Jong Groep;Bauausführung.;;Führte die Bauarbeiten an Montessori Maassluis aus.
Niederlande;People’s Pavilion…;←;Dutch Design Foundation;Bauherrschaft.;;Verantwortete People’s Pavilion als Bauherrschaft.
Niederlande;People’s Pavilion…;←;Ham & Sybesma;Bauausführung.;;Führte die Bauarbeiten an People’s Pavilion aus.
Niederlande;People’s Pavilion…;←;IJB groep;Lieferte Reuse-Bauteile.;;Lieferte Reuse-Bauteile für People’s Pavilion.
Niederlande;People’s Pavilion…;←;Stiho group;Lieferte Reuse-Bauteile.;;Lieferte Reuse-Bauteile für People’s Pavilion.
Niederlande;People’s Pavilion…;←;Overtreders W;Entwurf.;;Entwarf People’s Pavilion.
Niederlande;People’s Pavilion…;←;bureau SLA;Entwurf.;;Entwarf People’s Pavilion.
Niederlande;People’s Pavilion…;←;New Horizon;Lieferte Reuse-Bauteile.;;Lieferte Reuse-Bauteile für People’s Pavilion.
Niederlande;Stiho group;—;Urban Mining Collective;Zusammenarbeit.;;Arbeiten im Urban Mining Collective zusammen.
Niederlande;SUPERLOCAL Expogebouw;←;Gemeente Kerkrade;Reuse-Konzept.;;Erarbeitete das Reuse-Konzept für SUPERLOCAL Expogebouw.
Niederlande;SUPERLOCAL Expogebouw;←;Volantis;Prüfung der Reuse-Bauteile.;;Prüfte Reuse-Bauteile für SUPERLOCAL Expogebouw.
Niederlande;The Green House Utrecht;←;Rijksvastgoedbedrijf / Central Government Real Estate Agency;Bauherrschaft.;;Verantwortete The Green House Utrecht als Bauherrschaft.
Niederlande;The Green House Utrecht;←;R Creators;Bauherrschaft.;;Verantwortete The Green House Utrecht als Bauherrschaft.
Niederlande;The Green House Utrecht;←;Strukton Worksphere;Fachplanung.;;Übernahm die Fachplanung für The Green House Utrecht.
Niederlande;The Green House Utrecht;←;Kampstaal;Bauausführung.;;Führte die Bauarbeiten an The Green House Utrecht aus.
Niederlande;Woongroep Boschgaard…;←;Bouwbedrijf Versteegden;Bauausführung.;;Führte die Bauarbeiten an Boschgaard aus.
Niederlande;Woongroep Boschgaard…;←;Transfarmers;"Beteiligung; genaue Rolle noch offen.";;"War an Boschgaard beteiligt; Aufgabe offen."
Niederlande;Woongroep Boschgaard…;←;VanNimwegen;Fachplanung.;;Übernahm die Fachplanung für Boschgaard.
Niederlande;lcp-circulair;→;Icon Real Estate;Demontiert Circl-Pavillon im Auftrag.;;Demontiert den Circl-Pavillon im Auftrag.
Niederlande;Icon Real Estate;←;Victory Group;Führt als Geschäftsbereich.;;Führt Icon Real Estate als Geschäftsbereich.
Niederlande;New Horizon;→;Urban Mining Collective;Mitbetrieb.;;Betreibt das Urban Mining Collective mit.
Niederlande;Baars & Bloemhoff;—;Urban Mining Collective;Zusammenarbeit.;;Arbeiten im Urban Mining Collective zusammen.
Norwegen;Loopfront;→;Regionalt ombruksnettverk for byggematerialer (Oslo-Trondheim);Gründung des Reuse-Netzes.;ja;Gründete das Reuse-Netz Oslo–Trondheim mit.
Norwegen;KA13;←;Entra AS;Bauherrschaft.;ja;Verantwortete KA13 als Bauherrschaft.
Norwegen;KA13;←;MAD arkitekter / Mad as;Entwurf.;ja;Entwarf KA13.
Norwegen;KA13;←;FutureBuilt;Bauausführung.;ja;Führte die Bauarbeiten an KA13 aus.
Norwegen;KA13;←;Asplan Viak;Entwurf.;ja;Entwarf KA13.
Norwegen;KA13;←;Insenti;Reuse-Konzept.;ja;Erarbeitete das Reuse-Konzept für KA13.
Norwegen;KA13;←;Scenario Interiørarkitekter;Entwurf.;ja;Entwarf KA13.
Norwegen;Asker kommune;→;Regionalt ombruksnettverk for byggematerialer (Oslo-Trondheim);Mitgliedschaft im Reuse-Netz.;ja;Nimmt am Reuse-Netz Oslo–Trondheim teil.
Norwegen;Asker kommune;←;Sirken;Erprobte Reuse-Container.;ja;Erprobte Sirkens Reuse-Container in Asker.
Norwegen;Bodø Kommune;—;Nordlandsforskning AS;Erforschen Bürgerbeteiligung in gemeinsam.;ja;Erforschen Bürgerbeteiligung in Bodø gemeinsam.
Norwegen;Multiconsult;→;Regionalt ombruksnettverk for byggematerialer (Oslo-Trondheim);Gründung des Reuse-Netzes.;ja;Gründete das Reuse-Netz Oslo–Trondheim mit.
Norwegen;Regionalt ombruksnettverk for byggematerialer (Oslo-Trondheim);←;TOBB;Mitgliedschaft im Reuse-Netz.;ja;Nimmt am Reuse-Netz Oslo–Trondheim teil.
Norwegen;Regionalt ombruksnettverk for byggematerialer (Oslo-Trondheim);←;Trondheim kommune;Mitgliedschaft im Reuse-Netz.;ja;Nimmt am Reuse-Netz Oslo–Trondheim teil.
Norwegen;TOBB;—;Rehub;Arbeiteten im Vendom-Verbund zusammen.;ja;Arbeiteten im Vendom-Verbund zusammen.
Norwegen;OMBYGG;→;Sirkulær Ressurssentral;Betreibt Reuse-Handel Ressourcenzentrale.;ja;Betreibt den Reuse-Handel der Ressourcenzentrale.
Norwegen;KA13;←;IWG Group / Spaces;Betrieb.;;Betreibt KA13.
Norwegen;Asker kommune;→;CCRI Pilot Asker;Trägt.;;Trägt den CCRI-Piloten Asker.
Norwegen;NTNU;→;Regionalt ombruksnettverk for byggematerialer (Oslo-Trondheim);Mitgliedschaft im Reuse-Netz.;;Nimmt am Reuse-Netz Oslo–Trondheim teil.
Norwegen;Resirkula;←;Sirkula IKS;Betreibt das Reuse-Kaufhaus.;;Betreibt das Reuse-Kaufhaus Resirkula.
Schweden;Åhlin & Ekeroth;→;Bygghubben;Gründung als Mitgründerin.;ja;Gründete Bygghubben mit.
Schweden;Akademiska Hus;—;Bjerking;Arbeiteten im Återhus-Verbund zusammen.;ja;Arbeiteten im Återhus-Verbund zusammen.
Schweden;Akademiska Hus;→;Handslag för cirkulärt byggande;Mitgliedschaft.;ja;Nimmt am Handslag teil.
Schweden;Akademiska Hus;—;Wiklunds Åkeri;Arbeiteten im KRETS-Verbund zusammen.;ja;Arbeiteten im KRETS-Verbund zusammen.
Schweden;Akademiska Hus;—;Palats;Arbeiteten im Återhus-Verbund zusammen.;ja;Arbeiteten im Återhus-Verbund zusammen.
Schweden;Anthesis;—;NCC;Arbeiteten im Återhus-Verbund zusammen.;ja;Arbeiteten im Återhus-Verbund zusammen.
Schweden;Byggåterbruket (Umeå);←;Umeå kommun;Trägt das Reuse-Zentrum.;ja;Trägt das Reuse-Zentrum Byggåterbruket.
Schweden;Bygghubben;←;Teknikbyggarna;Beteiligte sich als Miteigentümer.;ja;Beteiligte sich als Miteigentümer an Bygghubben.
Schweden;Bygghubben;←;Wilzéns;Gründung als Mitgründerin.;ja;Gründete Bygghubben mit.
Schweden;Codesign Sweden AB;—;RISE (Research Institutes of Sweden);Arbeiteten im Återhus-Verbund zusammen.;ja;Arbeiteten im Återhus-Verbund zusammen.
Schweden;Contiga;—;Fabege;Arbeiteten im Återhus-Verbund zusammen.;ja;Arbeiteten im Återhus-Verbund zusammen.
Schweden;Contiga;—;Zengun;Arbeiteten im Återhus-Verbund zusammen.;ja;Arbeiteten im Återhus-Verbund zusammen.
Schweden;Fabege;→;Reboost;Trat bei und übergab eigenen Reuse-Hub.;ja;Trat Reboost bei und übergab den eigenen Reuse-Hub.
Schweden;Handslag för cirkulärt byggande;←;Vasakronan;Mitgliedschaft.;ja;Nimmt am Handslag teil.
Schweden;Helsingborgshem;—;KTH Royal Institute of Technology;Arbeiteten im schwedischen ReCreate-Piloten zusammen.;ja;Arbeiteten im schwedischen ReCreate-Piloten zusammen.
Schweden;Helsingborgshem;—;Strängbetong;Arbeiteten im ReCreate-Verbund zusammen.;ja;Arbeiteten im ReCreate-Verbund zusammen.
Schweden;KTH Royal Institute of Technology;—;NCC;Arbeiteten im Återhus-Verbund zusammen.;ja;Arbeiteten im Återhus-Verbund zusammen.
Schweden;Ragn-Sells;→;Reboost;Betreibt Reuse-Dienst.;ja;Betreibt den Reuse-Dienst Reboost.
Schweden;Stockholms stad;—;Vasakronan;Arbeiteten im Återhus-Verbund zusammen.;ja;Arbeiteten im Återhus-Verbund zusammen.
Schweden;Svensk Betong;—;NCC;Arbeiteten im Återhus-Verbund zusammen.;ja;Arbeiteten im Återhus-Verbund zusammen.
Schweden;Vasakronan;—;Wiklunds Åkeri;Arbeiteten im KRETS-Verbund zusammen.;ja;Arbeiteten im KRETS-Verbund zusammen.
Schweden;Zengun;—;NCC;Arbeiteten im Återhus-Verbund zusammen.;ja;Arbeiteten im Återhus-Verbund zusammen.
Schweden;Kv Återbruket, Litteraturgatan/Selma stad, Göteborg;←;Liljewall Arkitekter;Entwarf Kv.;ja;Entwarf Kv Återbruket.
Schweden;Kv Återbruket, Litteraturgatan/Selma stad, Göteborg;←;NCC;Führte die Bauarbeiten an Kv aus.;ja;Führte die Bauarbeiten an Kv Återbruket aus.
Schweden;NCC;—;RISE (Research Institutes of Sweden);Arbeiteten im Återhus-Verbund zusammen.;ja;Arbeiteten im Återhus-Verbund zusammen.
Schweden;Akademiska Hus;—;Tyresö kommun;Arbeiteten im Återhus-Verbund zusammen.;;Arbeiteten im Återhus-Verbund zusammen.
Schweden;Atrium Ljungberg;—;Vasakronan;Arbeiteten im Återhus-Verbund zusammen.;;Arbeiteten im Återhus-Verbund zusammen.
Schweden;BC-bygg;→;Bygghubben;Gründung als Mitgründerin.;;Gründete Bygghubben mit.
Schweden;Bygghubben;←;Haga Rot;Gründung als Mitgründerin.;;Gründete Bygghubben mit.
Schweden;Bygghubben;←;RP (Bygghubben member);Gründung als Mitgründerin.;;Gründete Bygghubben mit.
Schweden;Handslag för cirkulärt byggande;←;HSB Göteborg;Mitgliedschaft.;;Nimmt am Handslag teil.
Schweden;Handslag för cirkulärt byggande;←;Serneke Sverige AB;Mitgliedschaft.;;Nimmt am Handslag teil.
Schweiz;Ressourcerie Lausanne / Matériuum / R-UUL;←;Matériuum;Führung als Zweigbetrieb.;ja;Führt die Ressourcerie Lausanne als Zweigbetrieb.
Schweiz;Bauteilbörse Basel;—;Gruner ReUse;Inventarisierung und Vermarktung.;ja;Inventarisierten und vermarkteten Reuse-Bauteile.
Schweiz;Bauteilbörse Basel;←;useagain / Bauteilclick;Stellt Marktplatz für ihren Bauteilverkauf.;ja;Stellt den Marktplatz für ihren Bauteilverkauf.
Schweiz;Bauteilvermittlung Zürichsee-Oberland;←;Stiftung Chance BauTeile Zürich / Glattbrugg;Prüft, demontiert und transportiert BTVZ.;ja;Prüft, demontiert und transportiert BTVZ-Bauteile.
Schweiz;useagain / Bauteilclick;→;Bauteilladen Winterthur;Bauteilvermittlung.;ja;Vermittelt Bauteile an den Bauteilladen Winterthur.
Schweiz;ELYS Kultur- und…;←;Zirkular;"Beteiligung; genaue Rolle noch offen.";ja;"War am ELYS-Zentrum beteiligt; Aufgabe offen."
Schweiz;baubüro in situ;→;Grubenstrasse 29;Entwurf.;ja;Entwarf Grubenstrasse 29.
Schweiz;baubüro in situ;→;K.118 Winterthur;Entwurf.;ja;Entwarf K.118 Winterthur.
Schweiz;baubüro in situ;—;RE-WIN;Unterstützten gemeinsam das Netzwerk.;ja;Unterstützten gemeinsam das RE-WIN-Netzwerk.
Schweiz;baubüro in situ;—;Pascal Flammer Architekten;Wählten Reuse-Bauteile für Hobelwerk Haus D aus.;ja;Wählten Reuse-Bauteile für Hobelwerk Haus D aus.
Schweiz;Grubenstrasse 29;←;Modissa Immobilien AG;Bauherrschaft.;ja;Verantwortete Grubenstrasse 29 als Bauherrschaft.
Schweiz;Grubenstrasse 29;←;Tschudin Rückbau und Demontagen GmbH;Rückbau.;ja;Führte den Rückbau von Grubenstrasse 29 aus.
Schweiz;Grubenstrasse 29;←;Zirkular;Bauteilinventarisierung.;ja;Erfasste Reuse-Bauteile für Grubenstrasse 29.
Schweiz;Juch-Areal Recyclingzent…;←;Entsorgung + Recycling Zürich (ERZ);Betrieb.;ja;Betreibt Recyclingzentrum Juch-Areal.
Schweiz;Juch-Areal Recyclingzent…;←;Weber + Brönnimann AG;Tragwerksplanung.;ja;Plante das Tragwerk für Recyclingzentrum Juch-Areal.
Schweiz;Juch-Areal Recyclingzent…;←;manoa Landschaftsarchitekten;Entwurf.;ja;Entwarf Recyclingzentrum Juch-Areal.
Schweiz;Juch-Areal Recyclingzent…;←;Graber Pulver;Entwurf.;ja;Entwarf Recyclingzentrum Juch-Areal.
Schweiz;K.118 Winterthur;←;Stiftung Abendrot / Vorsorgestiftung Abendrot;Bauherrschaft.;ja;Verantwortete K.118 Winterthur als Bauherrschaft.
Schweiz;K.118 Winterthur;←;ZHAW IKE;Forschungsbegleitung.;ja;Begleitete K.118 Winterthur wissenschaftlich.
Schweiz;K.118 Winterthur;←;Oberli Ingenieurbau AG;Tragwerksplanung.;ja;Plante das Tragwerk für K.118 Winterthur.
Schweiz;K.118 Winterthur;←;Josef Kolb AG;Tragwerksplanung.;ja;Plante das Tragwerk für K.118 Winterthur.
Schweiz;K.118 Winterthur;←;Wetter AG;Bauausführung.;ja;Führte die Bauarbeiten an K.118 Winterthur aus.
Schweiz;K.118 Winterthur;←;Zirkular;"Beteiligung; genaue Rolle noch offen.";ja;"War an K.118 Winterthur beteiligt; Aufgabe offen."
Schweiz;Kindergarten Mööslistras…;←;Stadt Zürich / Amt für Hochbauten / Immobilien Stadt Zürich;Bauherrschaft.;ja;Verantwortete Kindergarten Mööslistrasse als Bauherrschaft.
Schweiz;Kindergarten Mööslistras…;←;Ingenieurbureau Heierli AG;Tragwerksplanung.;ja;Plante das Tragwerk für Kindergarten Mööslistrasse.
Schweiz;Kindergarten Mööslistras…;←;Schmidiger + Rosasco AG;Fachplanung.;ja;Übernahm die Fachplanung für Kindergarten Mööslistrasse.
Schweiz;Kindergarten Mööslistras…;←;aik Architektur + Ingenieur Kollektiv;Tragwerksplanung.;ja;Plante das Tragwerk für Kindergarten Mööslistrasse.
Schweiz;Kindergarten Mööslistras…;←;Zirkular;Entwurf.;ja;Entwarf Kindergarten Mööslistrasse.
Schweiz;Re:Crete footbridge;←;Structural Xploration Lab / EPFL;Bauausführung.;ja;Führte die Bauarbeiten an Re:Crete footbridge aus.
Schweiz;Empa;→;UMAR Unit;Forschungsbegleitung.;ja;Begleitete UMAR Unit wissenschaftlich.
Schweiz;Stiftung Habitat;→;LYSP8 Basel;Betrieb.;ja;Betreibt LYSP8 Basel.
Schweiz;LYSP8 Basel;←;PIRMIN JUNG Schweiz AG;Fachplanung.;ja;Übernahm die Fachplanung für LYSP8 Basel.
Schweiz;Zirkular;—;Studio Trachsler Hoffmann;Arbeiteten an Schärenmoosstrasse zusammen.;ja;Arbeiteten an der Schärenmoosstrasse zusammen.
Schweiz;Zirkular;→;RE-WIN;Initiierten die erste Fenstersammlung.;ja;Initiierten die erste RE-WIN-Fenstersammlung.
Schweiz;Zirkular;→;Bauteilkatalog Immobilien Basel-Stadt;Katalogisierte Bauteile für Basler Wettbewerbe.;ja;Katalogisierte Bauteile für Basler Wettbewerbe.
Schweiz;UMAR Unit;←;Lindner SE;Lieferte Reuse-Bauteile.;ja;Lieferte Reuse-Bauteile für UMAR Unit.
Schweiz;ZHAW;—;INEB – FHNW (Leitfaden Reuse Stahl/Stahlbeton);Arbeiteten im Reuse- /Beton-Verbund zusammen.;ja;Arbeiteten im Reuse-Leitfaden Stahl/Beton-Verbund zusammen.
Schweiz;ELEMENTA Walkeweg;←;Monotti Ingegneri;Tragwerksplanung.;ja;Plante das Tragwerk für ELEMENTA Walkeweg.
Schweiz;Digvis GmbH;→;Bauteilkatalog Immobilien Basel-Stadt;Programmierte Basler.;ja;Programmierte den Basler Bauteilkatalog.
Schweiz;Gruner ReUse;←;Gruner AG;Führung als eigene Abteilung.;;Führt Gruner ReUse als eigene Abteilung.
Schweiz;Kindergarten Mööslistras…;←;Meili Partner Baumanagement;Fachplanung.;;Übernahm die Fachplanung für Kindergarten Mööslistrasse.
Schweiz;Kindergarten Mööslistras…;←;Haerter + Partner AG;Fachplanung.;;Übernahm die Fachplanung für Kindergarten Mööslistrasse.
Schweiz;Re:Crete footbridge;←;Re:Crete Forschungsteam;Forschungsbegleitung.;;Begleitete Re:Crete footbridge wissenschaftlich.
Schweiz;Kanton Basel-Stadt;—;INEB – FHNW (Leitfaden Reuse Stahl/Stahlbeton);Arbeiteten im Reuse- /Beton-Verbund zusammen.;;Arbeiteten im Reuse-Leitfaden Stahl/Beton-Verbund zusammen.
Vereinigtes Königreich;Gardiner & Theobald;→;BedZED;Tragwerksplanung.;ja;Plante das Tragwerk für BedZED.
Vereinigtes Königreich;Gardiner & Theobald;→;55 Great Suffolk Street;Fachplanung.;ja;Übernahm die Fachplanung für 55 Great Suffolk Street.
Vereinigtes Königreich;CascadeUp;←;UCL Circular Economy Lab;Forschungsbegleitung.;ja;Begleitete CascadeUp wissenschaftlich.
Vereinigtes Königreich;CascadeUp;←;UK CLT;Lieferte Reuse-Holz.;ja;Lieferte Reuse-Holz für CascadeUp.
Vereinigtes Königreich;Whitby Wood;→;The Engineers Reuse Collective (TERC);Gründung als Mitgründerin.;ja;Gründete TERC mit.
Vereinigtes Königreich;Brighton Waste House;←;Cat Fletcher / Freegle;"Beteiligung; genaue Rolle noch offen.";ja;"War an Brighton Waste House beteiligt; Aufgabe offen."
Vereinigtes Königreich;Brighton Waste House;←;Studierende, Schulkinder und Freiwillige;Bauausführung.;ja;Führte die Bauarbeiten an Brighton Waste House aus.
Vereinigtes Königreich;Hastings Pier Visitor…;←;National Lottery Heritage Fund;Förderte Centre.;ja;Förderte Hastings Pier Visitor Centre.
Vereinigtes Königreich;Holbein Gardens, London;←;Heyne Tillett Steel / HTS;Tragwerksplanung.;ja;Plante das Tragwerk für Holbein Gardens, London.
Vereinigtes Königreich;Holbein Gardens, London;←;Cleveland Steel & Tubes;Lieferte Reuse-Stahl.;ja;Lieferte Reuse-Stahl für Holbein Gardens, London.
Vereinigtes Königreich;Holbein Gardens, London;←;TFT Consultants;Reuse-Konzept.;ja;Erarbeitete das Reuse-Konzept für Holbein Gardens, London.
Vereinigtes Königreich;Heyne Tillett Steel / HTS;←;Cleveland Steel & Tubes;Liefert Reuse-Stahl für HTS-Projekte.;ja;Liefert Reuse-Stahl für HTS-Projekte.
Vereinigtes Königreich;Heyne Tillett Steel / HTS;→;The Engineers Reuse Collective (TERC);Gründung als Mitgründerin.;ja;Gründete TERC mit.
Vereinigtes Königreich;Cleveland Steel & Tubes;→;Timber Square London;Lieferte Reuse-Stahl.;ja;Lieferte Reuse-Stahl für Timber Square London.
Vereinigtes Königreich;Cleveland Steel & Tubes;→;55 Great Suffolk Street;Lieferte Reuse-Stahl.;ja;Lieferte Reuse-Stahl für 55 Great Suffolk Street.
Vereinigtes Königreich;Cleveland Steel & Tubes;→;Elliott Wood;Liefert Reuse-Stahl.;ja;Liefert Reuse-Stahl für Elliott-Wood-Projekte.
Vereinigtes Königreich;House of Fraser;←;FORE Partnership;Bauherrschaft.;ja;Verantwortete House of Fraser als Bauherrschaft.
Vereinigtes Königreich;House of Fraser;←;Willmott Dixon;Bauausführung.;ja;Führte die Bauarbeiten an House of Fraser aus.
Vereinigtes Königreich;House of Fraser;←;Webb Yates Engineers;Tragwerksplanung.;ja;Plante das Tragwerk für House of Fraser.
Vereinigtes Königreich;House of Fraser;←;Four Bay Structures;Übernahm die Reuse-Logistik.;ja;Übernahm die Reuse-Logistik für House of Fraser.
Vereinigtes Königreich;House of Fraser;←;Civic Engineers;Tragwerksplanung.;ja;Plante das Tragwerk für House of Fraser.
Vereinigtes Königreich;House of Fraser;←;Studio PDP;Entwurf.;ja;Entwarf House of Fraser.
Vereinigtes Königreich;Webb Yates Engineers;→;The Engineers Reuse Collective (TERC);Gründung als Mitgründerin.;ja;Gründete TERC mit.
Vereinigtes Königreich;Civic Engineers;—;Studio PDP;Planten 318 Oxford Street gemeinsam.;ja;Planten 318 Oxford Street gemeinsam.
Vereinigtes Königreich;Civic Engineers;→;The Engineers Reuse Collective (TERC);Gründung als Mitgründerin.;ja;Gründete TERC mit.
Vereinigtes Königreich;PLP London HQ circular…;←;Method;Führte Ausbauarbeiten am PLP HQ aus.;ja;Führte Ausbauarbeiten am PLP London HQ aus.
Vereinigtes Königreich;PLP London HQ circular…;←;Grants of Shoreditch;Lieferte Reuse-Marmor für PLP HQ.;ja;Lieferte Reuse-Marmor für PLP London HQ.
Vereinigtes Königreich;Method;—;PLP Architecture;Bauten das PLP-Projekt gemeinsam.;ja;Bauten das PLP-Projekt gemeinsam.
Vereinigtes Königreich;Grants of Shoreditch;→;PLP Architecture;Lieferte Reuse-Marmor für das PLP-Projekt.;ja;Lieferte Reuse-Marmor für das PLP-Projekt.
Vereinigtes Königreich;Roots in the Sky;←;AKT II;Tragwerksplanung.;ja;Plante das Tragwerk für Roots in the Sky.
Vereinigtes Königreich;AKT II;→;55 Great Suffolk Street;Prüfung der Reuse-Bauteile.;ja;Prüfte Reuse-Bauteile für 55 Great Suffolk Street.
Vereinigtes Königreich;Timber Square London;←;Opera;Fachplanung.;ja;Übernahm die Fachplanung für Timber Square London.
Vereinigtes Königreich;Opera;→;55 Great Suffolk Street;Fachplanung.;ja;Übernahm die Fachplanung für 55 Great Suffolk Street.
Vereinigtes Königreich;Hawkins\Brown;→;55 Great Suffolk Street;Entwurf.;ja;Entwarf 55 Great Suffolk Street.
Vereinigtes Königreich;The Engineers Reuse Collective (TERC);←;Elliott Wood;Gründung als Mitgründerin.;ja;Gründete TERC mit.
Vereinigtes Königreich;CBRE;→;55 Great Suffolk Street;Nachhaltigkeitsberatung.;;Beriet 55 Great Suffolk Street zur Nachhaltigkeit.
Vereinigtes Königreich;Cantillon;→;55 Great Suffolk Street;Rückbau.;;Führte den Rückbau von 55 Great Suffolk Street aus.
Vereinigtes Königreich;Brent Cross Town…;←;Brent Cross South Limited Partnership;Bauherrschaft.;;Verantwortete Brent Cross Town als Bauherrschaft.
Vereinigtes Königreich;Brent Cross Town…;←;Related Argent;Bauherrschaft.;;Verantwortete Brent Cross Town als Bauherrschaft.
Vereinigtes Königreich;Brent Cross Town…;←;London Borough of Barnet;Bauherrschaft.;;Verantwortete Brent Cross Town als Bauherrschaft.
Vereinigtes Königreich;Brent Cross Town…;←;IF_DO;Entwurf.;;Entwarf Brent Cross Town.
Vereinigtes Königreich;Brent Cross Town…;←;Whitby Wood;Tragwerksplanung.;;Plante das Tragwerk für Brent Cross Town.
Vereinigtes Königreich;Brent Cross Town…;←;Bourne Special Projects / Bourne Group;Bauausführung.;;Führte die Bauarbeiten an Brent Cross Town aus.
Vereinigtes Königreich;Brent Cross Town…;←;Galldris Group;Bauausführung.;;Führte die Bauarbeiten an Brent Cross Town aus.
Vereinigtes Königreich;Brent Cross Town…;←;Cleveland Steel & Tubes;Lieferte Reuse-Stahl.;;Lieferte Reuse-Stahl für Brent Cross Town.
Vereinigtes Königreich;Brighton Waste House;←;Mears Group;"Beteiligung; genaue Rolle noch offen.";;"War an Brighton Waste House beteiligt; Aufgabe offen."
Vereinigtes Königreich;Brighton Waste House;←;Greater Brighton Metropolitan College;"Beteiligung; genaue Rolle noch offen.";;"War an Brighton Waste House beteiligt; Aufgabe offen."
Vereinigtes Königreich;Mears Group;—;University of Brighton;Bauten das Waste House gemeinsam.;;Bauten das Brighton Waste House gemeinsam.
Vereinigtes Königreich;Hastings Pier Visitor…;←;dRMM Architects;Entwarf Centre.;;Entwarf Hastings Pier Visitor Centre.
Vereinigtes Königreich;Hastings Pier Visitor…;←;Hastings Pier Charity;Beauftragte Bau Centre.;;Beauftragte den Bau des Hastings Pier Visitor Centre.
Vereinigtes Königreich;Hastings Pier Visitor…;←;Ramboll;Übernahm die Ingenieurplanung.;;Übernahm die Ingenieurplanung für Hastings Pier.
Vereinigtes Königreich;Hastings Pier Visitor…;←;PT Projects;Fachplanung.;;Übernahm die Fachplanung für Hastings Pier Visitor Centre.
Vereinigtes Königreich;Hastings Pier Visitor…;←;KLH;Lieferte CLT für Centre.;;Lieferte CLT für Hastings Pier Visitor Centre.
Vereinigtes Königreich;Hastings Pier Visitor…;←;Hastings & Bexhill Wood Recycling;Arbeitete Reuse-Holz für Centre auf.;;Arbeitete Reuse-Holz für Hastings Pier Visitor Centre auf.
Vereinigtes Königreich;Holbein Gardens, London;←;Grosvenor;Bauherrschaft.;;Verantwortete Holbein Gardens, London als Bauherrschaft.
Vereinigtes Königreich;Holbein Gardens, London;←;Barr Gazetas;Entwurf.;;Entwarf Holbein Gardens, London.
Vereinigtes Königreich;Holbein Gardens, London;←;Eurban;Lieferte Reuse-Holz.;;Lieferte Reuse-Holz für Holbein Gardens, London.
Vereinigtes Königreich;Holbein Gardens, London;←;Blenheim House;Bauausführung.;;Führte die Bauarbeiten an Holbein Gardens, London aus.
Vereinigtes Königreich;Cleveland Steel & Tubes;—;Channel Projects;Arbeiteten am ReFrame-Stahlpiloten zusammen.;;Arbeiteten am ReFrame-Stahlpiloten zusammen.
Vereinigtes Königreich;House of Fraser;←;Stiff + Trevillion;Entwurf.;;Entwarf House of Fraser.
Vereinigtes Königreich;House of Fraser;←;ECE Architecture;Entwurf.;;Entwarf House of Fraser.
Vereinigtes Königreich;House of Fraser;←;McLaren Construction;Rückbau.;;Führte den Rückbau von House of Fraser aus.
Vereinigtes Königreich;BedZED;←;BioRegional;Tragwerksplanung.;;Plante das Tragwerk für BedZED.
Vereinigtes Königreich;BedZED;←;Peabody Trust;Bauherrschaft.;;Verantwortete BedZED als Bauherrschaft.
Vereinigtes Königreich;BedZED;←;Bill Dunster / ZEDfactory;Entwurf.;;Entwarf BedZED.
Vereinigtes Königreich;BedZED;←;Ellis & Moore Consulting Engineers;Tragwerksplanung.;;Plante das Tragwerk für BedZED.
Vereinigtes Königreich;PLP London HQ circular…;←;Contrax Furniture;Fertigte Tischlerarbeiten für das PLP HQ.;;Fertigte Tischlerarbeiten für das PLP London HQ.
Vereinigtes Königreich;PLP London HQ circular…;←;Solus;Lieferte Terrazzo für das PLP HQ.;;Lieferte Terrazzo für das PLP London HQ.
Vereinigtes Königreich;Contrax Furniture;—;PLP Architecture;Fertigten Tischlerarbeiten für das PLP-Projekt.;;Fertigten Tischlerarbeiten für das PLP-Projekt.
Vereinigtes Königreich;Solus;→;PLP Architecture;Lieferte Terrazzo für das PLP-Projekt.;;Lieferte Terrazzo für das PLP-Projekt.
Vereinigtes Königreich;Roots in the Sky;←;Studio RHE;Entwurf.;;Entwarf Roots in the Sky.
Vereinigtes Königreich;Roots in the Sky;←;Sheppard Robson;Entwurf.;;Entwarf Roots in the Sky.
Vereinigtes Königreich;Roots in the Sky;←;Symmetrys;Tragwerksplanung.;;Plante das Tragwerk für Roots in the Sky.
Vereinigtes Königreich;Roots in the Sky;←;Mace;Bauausführung.;;Führte die Bauarbeiten an Roots in the Sky aus.
Vereinigtes Königreich;Roots in the Sky;←;Erith;Rückbau.;;Führte den Rückbau von Roots in the Sky aus.
Vereinigtes Königreich;Roots in the Sky;←;Fabrix;Bauherrschaft.;;Verantwortete Roots in the Sky als Bauherrschaft.
Vereinigtes Königreich;Symmetrys;→;55 Great Suffolk Street;Tragwerksplanung.;;Plante das Tragwerk für 55 Great Suffolk Street.
Vereinigtes Königreich;Mace;→;Timber Square London;Bauausführung.;;Führte die Bauarbeiten an Timber Square London aus.
Vereinigtes Königreich;Timber Square London;←;Landsec;Bauherrschaft.;;Verantwortete Timber Square London als Bauherrschaft.
Vereinigtes Königreich;Timber Square London;←;Bennetts Associates;Entwurf.;;Entwarf Timber Square London.
Vereinigtes Königreich;Timber Square London;←;Hoare Lea;Nachhaltigkeitsberatung.;;Beriet Timber Square zur Nachhaltigkeit.
Vereinigtes Königreich;Timber Square London;←;Alinea / T+T Alinea;Fachplanung.;;Übernahm die Fachplanung für Timber Square London.
Vereinigtes Königreich;Timber Square London;←;Hybrid Structures;Bauausführung.;;Führte die Bauarbeiten an Timber Square London aus.
Vereinigtes Königreich;Fabrix;→;55 Great Suffolk Street;Bauherrschaft.;;Verantwortete 55 Great Suffolk Street als Bauherrschaft.
Österreich;re:store / HarvestMAP Vienna;←;materialnomaden;Betrieb als Herausgeberin.;ja;Betreibt re:store als Herausgeberin.
Österreich;BIG (Bundesimmob.);←;BauKarussell;Führte Social Urban Mining am MedUni-Campus durch.;ja;Führte Social Urban Mining am MedUni-Campus durch.
Österreich;MedUni Wien;—;BauKarussell;Zusammenarbeit.;ja;Arbeiteten am MedUni-Campus zusammen.
Österreich;DRZ;→;MedUni Campus Wien;"Beteiligung; genaue Rolle noch offen.";ja;"War an MedUni Campus Wien beteiligt; Aufgabe offen."
Österreich;DRZ;→;Ferry-Dusika-Stadion Rückbau;Rückbau.;ja;Führte den Rückbau des Ferry-Dusika-Stadions aus.
Österreich;Die Kümmerei;→;Ferry-Dusika-Stadion Rückbau;Rückbau.;ja;Führte den Rückbau des Ferry-Dusika-Stadions aus.
Österreich;MedUni Campus Wien;←;BauKarussell;Reuse-Konzept.;ja;Erarbeitete das Reuse-Konzept für MedUni Campus Wien.
Österreich;BauKarussell;←;Re-Use Austria;Gründung der Genossenschaft.;ja;Gründete die BauKarussell-Genossenschaft mit.
Österreich;BauKarussell;→;Ferry-Dusika-Stadion Rückbau;Reuse-Konzept.;ja;Erarbeitete das Reuse-Konzept für Ferry-Dusika-Stadion.
Österreich;BauKarussell;←;Job-TransFair gemeinnützige GmbH;Mitgliedschaft in der Genossenschaft.;ja;Nimmt an der BauKarussell-Genossenschaft teil.
Österreich;BauKarussell;←;pulswerk GmbH;Mitgliedschaft in der Genossenschaft.;ja;Nimmt an der BauKarussell-Genossenschaft teil.
Österreich;Re-Use Austria;→;Ferry-Dusika-Stadion Rückbau;Rückbau.;ja;Führte den Rückbau des Ferry-Dusika-Stadions aus.
Österreich;Ferry-Dusika-Stadion Rückbau;←;Job-TransFair gemeinnützige GmbH;"Beteiligung; genaue Rolle noch offen.";ja;"War an Ferry-Dusika-Stadion beteiligt; Aufgabe offen."
Österreich;Ferry-Dusika-Stadion Rückbau;←;pulswerk GmbH;Rückbau.;ja;Führte den Rückbau des Ferry-Dusika-Stadions aus.
Österreich;Ferry-Dusika-Stadion Rückbau;←;WSE Wiener Standortentwicklung GmbH;Projektsteuerung.;ja;Übernahm das Projektmanagement des Stadionrückbaus.
Österreich;BauKarussell;←;ATP sustain GmbH;Mitgliedschaft in der Genossenschaft.;;Nimmt an der BauKarussell-Genossenschaft teil.
Österreich;BauKarussell;←;Gesa – Gemeinnützige Sanierungs- und Beschäftigungs GmbH;Mitgliedschaft in der Genossenschaft.;;Nimmt an der BauKarussell-Genossenschaft teil.
Österreich;BauKarussell;←;Volkshilfe Wien;Mitgliedschaft in der Genossenschaft.;;Nimmt an der BauKarussell-Genossenschaft teil.
Österreich;BauKarussell;—;IBO – Österr. Institut für Bauen und Ökologie (BuildReUse);Verbundpartnerschaft.;;Arbeiteten im BuildReUse-Verbund zusammen.
Österreich;Ökologie-Institut;—;ATP sustain GmbH;Arbeiteten im BuildReUse-Verbund zusammen.;;Arbeiteten im BuildReUse-Verbund zusammen.
Österreich;Ökologie-Institut;—;IBO – Österr. Institut für Bauen und Ökologie (BuildReUse);Verbundpartnerschaft.;;Arbeiteten im BuildReUse-Verbund zusammen.
Österreich;Romm ZT;→;Ferry-Dusika-Stadion Rückbau;Rückbau.;;Führte den Rückbau des Ferry-Dusika-Stadions aus.
Österreich;ATP sustain GmbH;—;Madaster Austria GmbH;Partnerschaft.;;Schlossen eine Partnerschaft für Madaster Austria.
Österreich;Ferry-Dusika-Stadion Rückbau;←;Schindel und Holz;Rückbau.;;Führte den Rückbau des Ferry-Dusika-Stadions aus.
Österreich;Ferry-Dusika-Stadion Rückbau;←;Verein ISSBA;Rückbau.;;Führte den Rückbau des Ferry-Dusika-Stadions aus.
Österreich;Ferry-Dusika-Stadion Rückbau;←;Volkshilfe Wien;"Beteiligung; genaue Rolle noch offen.";;"War an Ferry-Dusika-Stadion beteiligt; Aufgabe offen."
