Land;Von;Richtung;Nach;Neuer Text;Art;sichtbar;entfernt;bisher (nur wenn keine Schablone)
Belgien;Chiro d’Itterbeek;←;Franck;Lieferte Reuse-Ziegel für Chiro d’Itterbeek.;Bauteillieferung;ja;;
Belgien;Chiro d’Itterbeek;←;RotorDC;Lieferte Reuse-Bauteile für Chiro d’Itterbeek.;Bauteillieferung;ja;;
Belgien;BLAF Architecten;→;Maison DnA;Entwarf Maison DnA.;Entwurf;ja;;
Belgien;Maison Vignette;←;Franck Bricks;Lieferte Reuse-Ziegel für Maison Vignette.;Bauteillieferung;ja;;
Belgien;Maison Vignette;←;2emain.be;"War an Maison Vignette beteiligt; Aufgabe offen.";Projektbeteiligung, Aufgabe unklar;ja;;
Belgien;Musée de Folklore Vie…;←;Bureau Bouwtechniek;Plante das Tragwerk für Musée du Folklore de Mouscron.;Fachplanung;ja;;
Belgien;Recypark Demets;←;51N4E;Entwarf Recypark Demets.;Entwurf;ja;;
Belgien;Recypark Demets;←;Rotor;Entwarf Recypark Demets.;Entwurf;ja;;
Belgien;Zinneke;←;Zinneke asbl;Verantwortete Zinneke als Bauherrschaft.;Bauherrschaft;ja;;
Belgien;Zinneke;←;ERDF / FEDER Brüssel-Hauptstadt;Förderte Zinneke.;Förderung;ja;;
Belgien;Zinneke;←;Rotor;Übernahm die Fachplanung für Zinneke.;Fachplanung;ja;;
Belgien;Rotor;→;RotorDC;Gründete RotorDC als Spin-off.;Gründung;ja;;
Belgien;Opalis;←;Brussels Environment;Unterstützte die Entwicklung von Opalis.;Trägerschaft;ja;;Brussels Environment unterstützte die Entwicklung von Opalis.
Belgien;Embuild;—;Buildwise;Entwickelten das Tool Circulair Gebouwd gemeinsam.;Zusammenarbeit, Art unklar;ja;;
Belgien;Buildwise;—;Vrije Universiteit Brussel (VUB) – Architectural Engineering;Erarbeiteten gemeinsam einen Reuse-Umbau-Bericht.;Konsortialpartner;ja;;Beide arbeiteten am Bericht zum veränderungsgerichteten Umbau.
Belgien;BauMaB Kassel / Bauteilbörse Kassel;←;Stadt Kassel;Initiierte BauMaB in der Kasseler Klimastrategie.;Trägerschaft;ja;;Die Stadt Kassel initiierte BauMaB im Rahmen ihrer Klimastrategie.
Belgien;OVAM (Openbare Vlaamse Afvalstoffenmaatschappij);—;Tracimat vzw;Kooperierten bei der Abbruchnachverfolgung.;Zusammenarbeit, Art unklar;ja;;OVAM und Tracimat arbeiten bei der Abbruchnachverfolgung zusammen.
Belgien;Chiro d’Itterbeek;←;Commune de Dilbeek;Verantwortete Chiro d’Itterbeek als Bauherrschaft.;Bauherrschaft;;;
Belgien;Chiro d’Itterbeek;←;CC Autrement;Führte die Bauarbeiten an Chiro d’Itterbeek aus.;Bauausführung;;;
Belgien;Chiro d’Itterbeek;—;Rotor;Keine Quelle belegt eine direkte Verbindung.;Kein Beleg für eine Beziehung;;ja;
Belgien;Lo-Reninge Town Hall…;←;noAarchitecten;Entwarf Lo-Reninge Town Hall.;Entwurf;;;
Belgien;Lo-Reninge Town Hall…;←;Lo-Reninge town council;Verantwortete Lo-Reninge Town Hall als Bauherrschaft.;Bauherrschaft;;;
Belgien;Lo-Reninge Town Hall…;←;Dexia;Verantwortete Lo-Reninge Town Hall als Bauherrschaft.;Bauherrschaft;;;
Belgien;Maison Vignette;←;Karbon’ architecture & urbanisme;Entwarf Maison Vignette.;Entwurf;;;
Belgien;Maison Vignette;←;BESP Stoffel & Partners / Pierre Stoffel;Übernahm die Fachplanung für Maison Vignette.;Fachplanung;;;
Belgien;Maison Vignette;—;RotorDC;Keine Quelle belegt eine direkte Verbindung.;Kein Beleg für eine Beziehung;;ja;
Belgien;Multi Brussels;←;Whitewood;Verantwortete Multi Brussels als Bauherrschaft.;Bauherrschaft;;;
Belgien;Multi Brussels;←;Cordeel;Führte die Bauarbeiten an Multi Brussels aus.;Bauausführung;;;
Belgien;Multi Brussels;←;CONIX RDBM;Entwarf Multi Brussels.;Entwurf;;;
Belgien;Multi Brussels;←;Rotor;Übernahm die Fachplanung für Multi Brussels.;Fachplanung;;;
Belgien;Multi Brussels;←;RotorDC;Lieferte Reuse-Bauteile für Multi Brussels.;Bauteillieferung;;;
Belgien;Whitewood;→;OXY Centre Monnaie;Verantwortete OXY Centre Monnaie als Bauherrschaft.;Bauherrschaft;;;
Belgien;Immobel;→;OXY Centre Monnaie;Verantwortete OXY Centre Monnaie als Bauherrschaft.;Bauherrschaft;;;
Belgien;Musée de Folklore Vie…;←;Ville de Mouscron;Beauftragte das Musée du Folklore de Mouscron.;Bauherrschaft;;;
Belgien;Musée de Folklore Vie…;←;Greisch;Plante das Tragwerk für Musée du Folklore de Mouscron.;Fachplanung;;;
Belgien;Musée de Folklore Vie…;←;Taktyk;Übernahm die Fachplanung für Musée du Folklore de Mouscron.;Fachplanung;;;
Belgien;Greisch;→;Recypark Demets;Übernahm die Fachplanung für Recypark Demets.;Fachplanung;;;Greisch übernahm Tragwerksleistungen für Recypark Demets.
Belgien;OXY Centre Monnaie;←;Rotor;Übernahm die Fachplanung für OXY Centre Monnaie.;Fachplanung;;;
Belgien;OXY Centre Monnaie;←;RotorDC;Arbeitete Reuse-Bauteile für OXY Centre Monnaie auf.;Aufarbeitung;;;
Belgien;Verbiest + Karreveld;←;AgwA;Entwarf Verbiest + Karreveld.;Entwurf;;;
Belgien;Verbiest + Karreveld;←;Evelia Macal;Entwarf Verbiest + Karreveld.;Entwurf;;;
Belgien;Verbiest + Karreveld;←;JZH & Partners;Plante das Tragwerk für Verbiest + Karreveld.;Fachplanung;;;
Belgien;Verbiest + Karreveld;←;Kahle Acoustics;Übernahm die Fachplanung für Verbiest + Karreveld.;Fachplanung;;;
Belgien;Verbiest + Karreveld;←;Denis Dujardin;Übernahm die Fachplanung für Verbiest + Karreveld.;Fachplanung;;;
Belgien;Verbiest + Karreveld;←;Pouvoir Organisateur Pluriel / POP;Verantwortete Verbiest + Karreveld als Bauherrschaft.;Bauherrschaft;;;
Belgien;Zinneke;←;Matriciel;Übernahm die Fachplanung für Zinneke.;Fachplanung;;;
Belgien;Zinneke;←;De Coninck;Führte die Bauarbeiten an Zinneke aus.;Bauausführung;;;
Belgien;Zinneke;←;Brudex;Führte die Bauarbeiten an Zinneke aus.;Bauausführung;;;
Belgien;Rotor;—;CCRI Pilot Flanders;Tauschten bei einem Rotor-Besuch Reuse-Wissen aus.;Zusammenarbeit, Art unklar;;;
Belgien;Rotor;→;CCRI Pilot Uppsala;Beriet den CCRI-Piloten Uppsala zu Reuse.;Dienstleistungsbeziehung;;;Rotor beriet den CCRI-Pilot Uppsala zur Wiederverwendung.
Belgien;Opalis;—;Antique Fireplaces First;Sind nur gemeinsam im Opalis-Verzeichnis gelistet.;Verzeichniseintrag;;ja;
Belgien;Opalis;—;Authentieke Bouwmaterialen Storms nv;Sind nur gemeinsam im Opalis-Verzeichnis gelistet.;Verzeichniseintrag;;ja;
Belgien;Opalis;—;Bois Antique;Sind nur gemeinsam im Opalis-Verzeichnis gelistet.;Verzeichniseintrag;;ja;
Belgien;Opalis;—;De Oude Dakpan;Sind nur gemeinsam im Opalis-Verzeichnis gelistet.;Verzeichniseintrag;;ja;
Belgien;Opalis;—;Eeuwenhout Antoine Verhofstede;Sind nur gemeinsam im Opalis-Verzeichnis gelistet.;Verzeichniseintrag;;ja;
Belgien;Opalis;—;Gunter Bosmans;Sind nur gemeinsam im Opalis-Verzeichnis gelistet.;Verzeichniseintrag;;ja;
Belgien;Opalis;—;Het arduinen hoekje;Sind nur gemeinsam im Opalis-Verzeichnis gelistet.;Verzeichniseintrag;;ja;
Belgien;Opalis;—;Heyns Recycling;Sind nur gemeinsam im Opalis-Verzeichnis gelistet.;Verzeichniseintrag;;ja;
Belgien;Opalis;—;Hofman NV - SA;Sind nur gemeinsam im Opalis-Verzeichnis gelistet.;Verzeichniseintrag;;ja;
Belgien;Opalis;—;Jef Stone;Sind nur gemeinsam im Opalis-Verzeichnis gelistet.;Verzeichniseintrag;;ja;
Belgien;Opalis;—;Joris Van Apers;Sind nur gemeinsam im Opalis-Verzeichnis gelistet.;Verzeichniseintrag;;ja;
Belgien;Opalis;—;Kasseien Kindt;Sind nur gemeinsam im Opalis-Verzeichnis gelistet.;Verzeichniseintrag;;ja;
Belgien;Opalis;—;Kempische Bouwmaterialen;Sind nur gemeinsam im Opalis-Verzeichnis gelistet.;Verzeichniseintrag;;ja;
Belgien;Opalis;—;Labeur Atelier - Labeur;Sind nur gemeinsam im Opalis-Verzeichnis gelistet.;Verzeichniseintrag;;ja;
Belgien;Opalis;—;MVV Afbraakwerken Martin;Sind nur gemeinsam im Opalis-Verzeichnis gelistet.;Verzeichniseintrag;;ja;
Belgien;Opalis;—;Stadshout.be;Sind nur gemeinsam im Opalis-Verzeichnis gelistet.;Verzeichniseintrag;;ja;
Belgien;Opalis;—;Van Dijck;Sind nur gemeinsam im Opalis-Verzeichnis gelistet.;Verzeichniseintrag;;ja;
Belgien;Opalis;—;Van Huele;Sind nur gemeinsam im Opalis-Verzeichnis gelistet.;Verzeichniseintrag;;ja;
Belgien;Opalis;—;Antiek Anresto;Sind nur gemeinsam im Opalis-Verzeichnis gelistet.;Verzeichniseintrag;;ja;
Belgien;Opalis;—;Composil;Sind nur gemeinsam im Opalis-Verzeichnis gelistet.;Verzeichniseintrag;;ja;
Belgien;Opalis;—;De Groene Poort;Sind nur gemeinsam im Opalis-Verzeichnis gelistet.;Verzeichniseintrag;;ja;
Belgien;Opalis;—;Doehetzelf 2dehands bouwmarkt;Sind nur gemeinsam im Opalis-Verzeichnis gelistet.;Verzeichniseintrag;;ja;
Belgien;Opalis;—;Fryns-Boret;Sind nur gemeinsam im Opalis-Verzeichnis gelistet.;Verzeichniseintrag;;ja;
Belgien;Opalis;—;Houtenplaten;Sind nur gemeinsam im Opalis-Verzeichnis gelistet.;Verzeichniseintrag;;ja;
Belgien;Opalis;—;Recupan bvba;Sind nur gemeinsam im Opalis-Verzeichnis gelistet.;Verzeichniseintrag;;ja;
Belgien;Brussels Environment;→;BAMB (Buildings as Material Banks);Koordinierte das BAMB-Programm.;Trägerschaft;;;
Belgien;BAMB (Buildings as Material Banks);—;Sarajevo Green Design Foundation;Arbeiteten im BAMB-Verbund zusammen.;Konsortialpartner;;;
Belgien;BAMB (Buildings as Material Banks);—;Sundahus;Arbeiteten im BAMB-Verbund zusammen.;Konsortialpartner;;;
Belgien;BAMB (Buildings as Material Banks);—;Technische Universität München (TUM);Arbeiteten im BAMB-Verbund zusammen.;Konsortialpartner;;;
Belgien;BAMB (Buildings as Material Banks);—;Universidade do Minho (UMinho);Arbeiteten im BAMB-Verbund zusammen.;Konsortialpartner;;;
Belgien;BAMB (Buildings as Material Banks);—;University of Twente;Arbeiteten im BAMB-Verbund zusammen.;Konsortialpartner;;;
Belgien;BAMB (Buildings as Material Banks);—;Vlaamse Instelling voor Technologisch Onderzoek (VITO);Arbeiteten im BAMB-Verbund zusammen.;Konsortialpartner;;;
Belgien;BAMB (Buildings as Material Banks);—;Vrije Universiteit Brussel (VUB) – Architectural Engineering;Arbeiteten im BAMB-Verbund zusammen.;Konsortialpartner;;;
Belgien;CCRI Pilot Flanders;—;TWG Circular Construction and Buildings (CCRI);Keine Quelle belegt eine direkte Verbindung.;Kein Beleg für eine Beziehung;;ja;
Belgien;CCRI Pilot Uppsala;—;TWG Circular Construction and Buildings (CCRI);Arbeiteten im CCRI-Verbund zusammen.;Konsortialpartner;;;
Belgien;Groep Van Roey;—;Vrije Universiteit Brussel (VUB) – Architectural Engineering;Arbeiteten im Circular Retrofit Lab zusammen.;Konsortialpartner;;;
Deutschland;Abfallwirtschaftsbetriebe Münster;→;AWM Münster – zirkulärer…;Beauftragte den zirkulären AWM-Büroumbau.;Bauherrschaft;ja;;
Deutschland;Berlin-Schildow Pilot;←;Claus Asam;Prüfte Reuse-Bauteile für Berlin-Schildow Pilot.;Prüfung und Nachweis;ja;;
Deutschland;Claus Asam;→;Mehrow Pilot House;"War an Mehrow Pilot House beteiligt; Aufgabe offen.";Projektbeteiligung, Aufgabe unklar;ja;;
Deutschland;CRCLR House;←;LXSY Architektur;Entwarf CRCLR House.;Entwurf;ja;;
Deutschland;ZRS Ingenieure;→;Impact Hub Berlin;Plante das Tragwerk für Impact Hub Berlin.;Fachplanung;ja;;
Deutschland;Impact Hub Berlin;←;Die Zusammenarbeiter;Entwarf Impact Hub Berlin.;Entwurf;ja;;
Deutschland;Impact Hub Berlin;←;LXSY Architektur;Entwarf Impact Hub Berlin.;Entwurf;ja;;
Deutschland;Plattenpalast Berlin;←;Wiewiorra Hopp Architekten;Entwarf Plattenpalast Berlin.;Entwurf;ja;;
Deutschland;Plattenvereinigung Berlin;←;TU Berlin Fachgebiet Bauphysik und Baukonstruktionen;Begleitete Plattenvereinigung Berlin wissenschaftlich.;Forschungsbegleitung;ja;;
Deutschland;Plattenvereinigung Berlin;←;Deutsche Bundesstiftung Umwelt (DBU);Förderte Plattenvereinigung Berlin.;Förderung;ja;;
Deutschland;Plattenvereinigung Berlin;←;Bundeszentrale für politische Bildung (bpb);Förderte Plattenvereinigung Berlin.;Förderung;ja;;
Deutschland;Recyclinghaus Hannover;←;Gundlach GmbH & Co. KG Wohnungsunternehmen;Verantwortete Recyclinghaus Hannover als Bauherrschaft.;Bauherrschaft;ja;;
Deutschland;Recyclinghaus Hannover;←;H2A;Plante das Tragwerk für Recyclinghaus Hannover.;Fachplanung;ja;;
Deutschland;Recyclinghaus Hannover;←;CITYFÖRSTER;Entwarf Recyclinghaus Hannover.;Entwurf;ja;;
Deutschland;Jugendtreff Ingersheim;←;Gemeinde Ingersheim;Verantwortete Jugendtreff Ingersheim als Bauherrschaft.;Bauherrschaft;ja;;Die Gemeinde Ingersheim war Bauherrin des Jugendtreffs.
Deutschland;AWM Münster – zirkulärer…;←;Urselmann Interior;Führte den Innenausbau beim AWM-Büroumbau aus.;Bauausführung;ja;;
Deutschland;AWM Münster – zirkulärer…;←;Petra Jablonická;Entwarf den zirkulären AWM-Büroumbau.;Entwurf;ja;;
Deutschland;AWM Münster – zirkulärer…;←;Concular;Beschaffte Reuse-Material für den AWM-Büroumbau.;Reuse-Konzept;ja;;
Deutschland;Circular Structural Design;—;Concular;Entwickelten Matching-Algorithmen im Green-AI-Hub.;Konsortialpartner;ja;;Beide entwickeln ein KI-Pilotprojekt im Green-AI Hub Mittelstand.
Deutschland;KIT;—;Baukreisel e.V.;Starteten einen Ausbau-Stegreif am KIT.;Kooperationsvereinbarung;ja;;
Deutschland;Urban Mining Index;←;Universität Wuppertal;Entwickelte den Urban Mining Index zur Software.;Trägerschaft;ja;;
Deutschland;Concular;—;ALBA Berlin;Betreiben den Urban Mining Hub Berlin gemeinsam.;Kooperationsvereinbarung;ja;;
Deutschland;Concular;→;München Bauteilbörse (CirCoFin pilot);Entwickelt die Bauteilbörse München mit.;Betreiberschaft;ja;;
Deutschland;Historische Bauelemente (Marwitz);→;Unternehmerverband Historische Baustoffe e.V. (UHB);Nimmt als Mitglied am UHB teil.;Mitgliedschaft;ja;;
Deutschland;Historische Baustoffe Ostalb (Söhnstetten);→;Unternehmerverband Historische Baustoffe e.V. (UHB);Nimmt als Mitglied am UHB teil.;Mitgliedschaft;ja;;
Deutschland;Berlin-Schildow Pilot;←;IEMB / TU Berlin;Prüfte Reuse-Bauteile für Berlin-Schildow Pilot.;Prüfung und Nachweis;;;
Deutschland;Berlin-Schildow Pilot;←;Architekturbüro Conclus;Übernahm die Fachplanung für Berlin-Schildow Pilot.;Fachplanung;;;
Deutschland;IEMB / TU Berlin;→;Plattenpalast Berlin;Begleitete Plattenpalast Berlin wissenschaftlich.;Forschungsbegleitung;;;
Deutschland;CRCLR House;←;Solares Bauen;Übernahm die Fachplanung für CRCLR House.;Fachplanung;;;
Deutschland;CRCLR House;←;eZeit;Plante das Tragwerk für CRCLR House.;Fachplanung;;;
Deutschland;Haus HOS;—;Seidl + Seidl Architekten;Keine Quelle belegt eine direkte Verbindung.;Kein Beleg für eine Beziehung;;ja;
Deutschland;Impact Hub Berlin;←;Impact Hub Berlin;Betreibt Impact Hub Berlin.;Betrieb;;;
Deutschland;Impact Hub Berlin;←;TRNSFRM eG;Betreibt Impact Hub Berlin.;Betrieb;;;
Deutschland;Plattenvereinigung Berlin;←;zukunftsgeraeusche GbR;Betreibt Plattenvereinigung Berlin.;Betrieb;;;
Deutschland;Recyclinghaus Hannover;←;DREWES + SPETH Beratende Ingenieure;Plante das Tragwerk für Recyclinghaus Hannover.;Fachplanung;;;
Deutschland;AWM Münster – zirkulärer…;←;Sven Urselmann;Führte den Innenausbau beim AWM-Büroumbau aus.;Bauausführung;;;
Deutschland;BTU Cottbus;—;ReCreate project consortium;Arbeiteten im ReCreate-Verbund zusammen.;Konsortialpartner;;;
Deutschland;KIT;—;Urban Mining Index;Keine Quelle belegt eine direkte Verbindung.;Kein Beleg für eine Beziehung;;ja;
Deutschland;Bauteilbörse Bremen;—;bauteilnetz Deutschland;Sind nur gemeinsam im bauteilnetz-Verzeichnis gelistet.;Verzeichniseintrag;;ja;
Deutschland;bauteilnetz Deutschland;—;bauteilbörse augsburg;Sind nur gemeinsam im bauteilnetz-Verzeichnis gelistet.;Verzeichniseintrag;;ja;
Deutschland;bauteilnetz Deutschland;—;Bauteilbörse Berlin-Brandenburg (Fläming Antik / Brita Marx);Sind nur gemeinsam im bauteilnetz-Verzeichnis gelistet.;Verzeichniseintrag;;ja;
Deutschland;bauteilnetz Deutschland;—;bauteilbörse giessen;Sind nur gemeinsam im bauteilnetz-Verzeichnis gelistet.;Verzeichniseintrag;;ja;
Deutschland;bauteilnetz Deutschland;—;bauteilbörse herzogenrath;Sind nur gemeinsam im bauteilnetz-Verzeichnis gelistet.;Verzeichniseintrag;;ja;
Deutschland;bauteilnetz Deutschland;—;bauteilbörse köln;Sind nur gemeinsam im bauteilnetz-Verzeichnis gelistet.;Verzeichniseintrag;;ja;
Deutschland;bauteilnetz Deutschland;—;bauteilbörse nordhausen;Sind nur gemeinsam im bauteilnetz-Verzeichnis gelistet.;Verzeichniseintrag;;ja;
Deutschland;bauteilnetz Deutschland;—;bauteilbörse oldenburg;Sind nur gemeinsam im bauteilnetz-Verzeichnis gelistet.;Verzeichniseintrag;;ja;
Deutschland;bauteilnetz Deutschland;—;bauteilbörse weißenburg;Sind nur gemeinsam im bauteilnetz-Verzeichnis gelistet.;Verzeichniseintrag;;ja;
Deutschland;bauteilnetz Deutschland;—;gabb-GebrauchtBauMarkt Saarbrücken;Sind nur gemeinsam im bauteilnetz-Verzeichnis gelistet.;Verzeichniseintrag;;ja;
Deutschland;bauteilnetz Deutschland;—;Bauteilbörse Bremerhaven (Förderwerk Bremerhaven);Sind nur gemeinsam im bauteilnetz-Verzeichnis gelistet.;Verzeichniseintrag;;ja;
Dänemark;Resource Rows;←;Lendager;Entwarf Resource Rows.;Entwurf;ja;;
Dänemark;Svanen;←;Tscherning;Führte den Rückbau von Svanen aus.;Rückbau;ja;;
Dänemark;Svanen;←;Lendager;Entwarf Svanen.;Entwurf;ja;;
Dänemark;Tscherning;—;GreenDozer ApS;Vertieften ihre Zusammenarbeit bei GreenDozer.;Zusammenarbeit, Art unklar;ja;;Tscherning und GreenDozer stärkten ihre Zusammenarbeit.
Dänemark;Thoravej 29 Copenhagen;←;DTU;Prüfte Reuse-Bauteile für Thoravej 29 Copenhagen.;Prüfung und Nachweis;ja;;
Dänemark;TRÆ High-Rise;←;a:gain;Lieferte Reuse-Bauteile für TRÆ High-Rise.;Bauteillieferung;ja;;a:gain lieferte wiederverwendete Produkte für TRÆ.
Dänemark;TRÆ High-Rise;←;DOVISTA / KRONE;Lieferte Reuse-Bauteile für TRÆ High-Rise.;Bauteillieferung;ja;;
Dänemark;TRÆ High-Rise;←;Artelia;Plante das Tragwerk für TRÆ High-Rise.;Fachplanung;ja;;Artelia übernahm Ingenieurleistungen für TRÆ.
Dänemark;TRÆ High-Rise;←;Lendager;Entwarf TRÆ High-Rise.;Entwurf;ja;;
Dänemark;a:gain;→;Upcycle Studios Copenhag…;Lieferte einen Viddø-Fensterprototyp für Upcycle Studios.;Bauteillieferung;ja;;
Dänemark;Circue;—;GreenDozer ApS;Verknüpften GreenDozer-Materialien mit Revit.;Kooperationsvereinbarung;ja;;
Dänemark;GreenDozer ApS;←;Kingo (Kingo Karlsen A/S);Investierte in GreenDozer.;Konzernbindung;ja;;
Dänemark;GreenDozer ApS;←;P. Olesen / PO Genbrug;Investierte in GreenDozer.;Konzernbindung;ja;;
Dänemark;Svanen;←;Gladsaxe Kommune / Gladsaxe Municipality;Verantwortete Svanen als Bauherrschaft.;Bauherrschaft;;;
Dänemark;Svanen;←;Sweco / Sweco Architects;Führte die Bauarbeiten an Svanen aus.;Bauausführung;;;
Dänemark;Svanen;←;NIRAS;Übernahm die Fachplanung für Svanen.;Fachplanung;;;
Dänemark;Svanen;←;Ason A/S;Führte die Bauarbeiten an Svanen aus.;Bauausführung;;;
Dänemark;Svanen;—;Aksel V. Jensen A/S;Keine Quelle belegt eine direkte Verbindung.;Kein Beleg für eine Beziehung;;ja;
Dänemark;Gladsaxe Kommune / Gladsaxe Municipality;—;Aarhus Kommune;Arbeiteten im BygCirkulært-Verbund zusammen.;Konsortialpartner;;;
Dänemark;Thoravej 29 Copenhagen;←;Hoffmann A/S;Führte die Bauarbeiten an Thoravej 29 Copenhagen aus.;Bauausführung;;;
Dänemark;TRÆ High-Rise;←;Kilden & Hindby;Verantwortete TRÆ High-Rise als Bauherrschaft.;Bauherrschaft;;;
Dänemark;TRÆ High-Rise;←;PFA Ejendomme;Verantwortete TRÆ High-Rise als Bauherrschaft.;Bauherrschaft;;;
Dänemark;Upcycle Studios Copenhag…;←;NREP;Verantwortete Upcycle Studios Copenhagen als Bauherrschaft.;Bauherrschaft;;;
Dänemark;Upcycle Studios Copenhag…;←;AG Gruppen;Arbeitete Reuse-Bauteile für Upcycle Studios Copenhagen auf.;Aufarbeitung;;;
Dänemark;Upcycle Studios Copenhag…;←;MOE;Arbeitete Reuse-Bauteile für Upcycle Studios Copenhagen auf.;Aufarbeitung;;;
Dänemark;GXN;←;3XN;Führt GXN als Forschungsabteilung von 3XN.;Konzernbindung;;;GXN ist die Forschungs- und Entwicklungsabteilung von 3XN.
Dänemark;Realdania;→;Hverringe Centrum for Restaurering;Förderte das Hverringe Restaurierungszentrum.;Trägerschaft;;;
Dänemark;Bærebyg;—;Bolius genbrugsmaterialer directory;Sind nur gemeinsam im Bolius-Verzeichnis gelistet.;Verzeichniseintrag;;ja;
Dänemark;Bango A/S;—;Bolius genbrugsmaterialer directory;Sind nur gemeinsam im Bolius-Verzeichnis gelistet.;Verzeichniseintrag;;ja;
Dänemark;Dem fra Nordlunde;—;Bolius genbrugsmaterialer directory;Sind nur gemeinsam im Bolius-Verzeichnis gelistet.;Verzeichniseintrag;;ja;
Dänemark;Den Grønne Genbrugshal;—;Bolius genbrugsmaterialer directory;Sind nur gemeinsam im Bolius-Verzeichnis gelistet.;Verzeichniseintrag;;ja;
Dänemark;Bolius genbrugsmaterialer directory;—;J. Jensen A/S;Sind nur gemeinsam im Bolius-Verzeichnis gelistet.;Verzeichniseintrag;;ja;
Dänemark;Bolius genbrugsmaterialer directory;—;jk-genbrug;Sind nur gemeinsam im Bolius-Verzeichnis gelistet.;Verzeichniseintrag;;ja;
Dänemark;Bolius genbrugsmaterialer directory;—;KC Nedbrydning A/S;Sind nur gemeinsam im Bolius-Verzeichnis gelistet.;Verzeichniseintrag;;ja;
Dänemark;Bolius genbrugsmaterialer directory;—;Klassiske Vinduer;Sind nur gemeinsam im Bolius-Verzeichnis gelistet.;Verzeichniseintrag;;ja;
Dänemark;Bolius genbrugsmaterialer directory;—;Nedrivningsselskabet Falster;Sind nur gemeinsam im Bolius-Verzeichnis gelistet.;Verzeichniseintrag;;ja;
Dänemark;Bolius genbrugsmaterialer directory;—;PlusByg;Sind nur gemeinsam im Bolius-Verzeichnis gelistet.;Verzeichniseintrag;;ja;
Dänemark;Bolius genbrugsmaterialer directory;—;Råt&Godt;Sind nur gemeinsam im Bolius-Verzeichnis gelistet.;Verzeichniseintrag;;ja;
Dänemark;Bolius genbrugsmaterialer directory;—;Røde Kors Byggegenbrug;Sind nur gemeinsam im Bolius-Verzeichnis gelistet.;Verzeichniseintrag;;ja;
Dänemark;Bolius genbrugsmaterialer directory;—;Sanderum-Otterup Murerforretning;Sind nur gemeinsam im Bolius-Verzeichnis gelistet.;Verzeichniseintrag;;ja;
Dänemark;Bolius genbrugsmaterialer directory;—;Skave Nedbrydning;Sind nur gemeinsam im Bolius-Verzeichnis gelistet.;Verzeichniseintrag;;ja;
Dänemark;Bolius genbrugsmaterialer directory;—;Sydhavn Genbrugscenter;Sind nur gemeinsam im Bolius-Verzeichnis gelistet.;Verzeichniseintrag;;ja;
Finnland;Härmälänranta;←;A-Kruunu;Verantwortete Härmälänranta als Bauherrschaft.;Bauherrschaft;ja;;
Finnland;Härmälänranta;←;Skanska Finland;Führte die Bauarbeiten an Härmälänranta aus.;Bauausführung;ja;;
Finnland;Härmälänranta;←;Consolis Parma;Arbeitete Reuse-Bauteile für Härmälänranta auf.;Aufarbeitung;ja;;
Finnland;Härmälänranta;←;Ramboll Finland;Plante das Tragwerk für Härmälänranta.;Fachplanung;ja;;
Finnland;Skanska Finland;—;Consolis Parma;Arbeiteten im ReCreate-Verbund zusammen.;Konsortialpartner;ja;;Skanska Finland und Consolis Parma gehörten zum ReCreate-Konsortium.
Finnland;Skanska Finland;—;Ramboll Finland;Arbeiteten im ReCreate-Verbund zusammen.;Konsortialpartner;ja;;Skanska Finland und Ramboll Finland gehörten zum ReCreate-Konsortium.
Finnland;Skanska Finland;→;Lokomotion Technology…;Führte die Bauarbeiten an Lokomotion-Reuse-Pilot aus.;Bauausführung;ja;;
Finnland;Skanska Finland;—;Tampereen kaupunki (City of Tampere);Arbeiteten im ReCreate-Verbund zusammen.;Konsortialpartner;ja;;Skanska Finland und Tampereen kaupunki (City of Tampere) gehörten zum ReCreate-Konsortium.
Finnland;Consolis Parma;←;Ramboll Finland;Bestimmte die Aufarbeitung der Reuse-Bauteile.;Dienstleistungsbeziehung;ja;;Consolis Parma und Ramboll Finland gehörten zum ReCreate-Konsortium.
Finnland;Consolis Parma;→;Lokomotion Technology…;Arbeitete Reuse-Bauteile für Lokomotion-Reuse-Pilot auf.;Aufarbeitung;ja;;
Finnland;Consolis Parma;→;Melkinlaituri Primary…;Arbeitete Reuse-Bauteile für Melkinlaituri-Schule auf.;Aufarbeitung;ja;;
Finnland;Consolis Parma;—;Peikko Finland;Erprobten demontierbare Betonverbindungen.;Konsortialpartner;ja;;Beide waren am selben Betonelement-Demontage-Pilotprojekt beteiligt.
Finnland;Consolis Parma;—;Tampereen kaupunki (City of Tampere);Arbeiteten im ReCreate-Verbund zusammen.;Konsortialpartner;ja;;Consolis Parma und Tampereen kaupunki (City of Tampere) gehörten zum ReCreate-Konsortium.
Finnland;Ramboll Finland;→;Lokomotion Technology…;Übernahm die Fachplanung für Lokomotion-Reuse-Pilot.;Fachplanung;ja;;
Finnland;Ramboll Finland;→;Melkinlaituri Primary…;Prüfte Reuse-Bauteile für Melkinlaituri-Schule.;Prüfung und Nachweis;ja;;
Finnland;Ramboll Finland;—;Tampereen kaupunki (City of Tampere);Arbeiteten im ReCreate-Verbund zusammen.;Konsortialpartner;ja;;Ramboll Finland und Tampereen kaupunki (City of Tampere) gehörten zum ReCreate-Konsortium.
Finnland;Lokomotion Technology…;←;Tampere University;Begleitete Lokomotion-Reuse-Pilot wissenschaftlich.;Forschungsbegleitung;ja;;Tampere University begleitet den Lokomotion-Reuse-Piloten.
Finnland;Melkinlaituri Primary…;←;City of Helsinki;Verantwortete Melkinlaituri-Schule als Bauherrschaft.;Bauherrschaft;ja;;Die Stadt Helsinki verantwortet das Schulprojekt Melkinlaituri.
Finnland;Melkinlaituri Primary…;←;YIT;Führte die Bauarbeiten an Melkinlaituri-Schule aus.;Bauausführung;ja;;
Finnland;City of Helsinki;—;Kiilto Family;Erprobten wiederlösbare Fliesen in Helsinki.;Gemeinsames Bauvorhaben;ja;;
Finnland;Tampere University;—;SÄILÖ: Purusta säilöön ja kiertoon;Arbeiteten im SÄILÖ-Verbund zusammen.;Konsortialpartner;ja;;Tampere University und SÄILÖ: Purusta säilöön ja kiertoon sind Partner im Projekt SÄILÖ.
Finnland;Tampere University;—;Tampereen kaupunki (City of Tampere);Stärken Tampere als Bildungs- und Wissenschaftsstandort.;Kooperationsvereinbarung;ja;;Universität und Stadt schlossen eine strategische Partnerschaft.
Finnland;Aalto University (Department of Architecture);—;VTT (Technical Research Centre of Finland);Forschen zur grünen und digitalen Transformation.;Kooperationsvereinbarung;ja;;Aalto University und VTT haben eine strategische Partnerschaft.
Finnland;Ekokumppanit (Kiertotalous Pirkanmaa);→;SÄILÖ: Purusta säilöön ja kiertoon;Trägt das SÄILÖ-Projekt federführend.;Trägerschaft;ja;;
Finnland;Kaakkois-Suomen Ammattikorkeakoulu Oy (Xamk);—;Mikkelin Kehitysyhtiö Miksei Oy;Tragen das KIELO-Projekt gemeinsam.;Konsortialpartner;ja;;
Finnland;Mikkelin Kehitysyhtiö Miksei Oy;←;Purkupiha;Führte den Rückbau im KIELO-Piloten aus.;Dienstleistungsbeziehung;ja;;
Finnland;Purkutori.fi;←;Purkupiha;Betreibt den Marktplatz Purkutori.fi.;Betreiberschaft;ja;;
Finnland;Härmälänranta;←;LIIKE Oy Arkkitehtistudio;Entwarf Härmälänranta.;Entwurf;;;
Finnland;Härmälänranta;—;Tampere University;Keine Quelle belegt eine direkte Verbindung.;Kein Beleg für eine Beziehung;;ja;
Finnland;Skanska Finland;—;Umacon;Arbeiteten im ReCreate-Verbund zusammen.;Konsortialpartner;;;
Finnland;Consolis Parma;—;Umacon;Arbeiteten im ReCreate-Verbund zusammen.;Konsortialpartner;;;
Finnland;Umacon;—;Ramboll Finland;Arbeiteten im ReCreate-Verbund zusammen.;Konsortialpartner;;;
Finnland;Umacon;→;Lokomotion Technology…;Führte den Rückbau von Lokomotion-Reuse-Pilot aus.;Rückbau;;;
Finnland;Umacon;—;Tampereen kaupunki (City of Tampere);Arbeiteten im ReCreate-Verbund zusammen.;Konsortialpartner;;;
Finnland;Ramboll Finland;→;City of Espoo;Pilotiert mit Espoo eine Reuse-Lösung.;Dienstleistungsbeziehung;;;Ramboll realisiert mit Espoo eine ausgewählte Wiederverwendungslösung.
Finnland;Lokomotion Technology…;←;Metso Oyj;Verantwortete Lokomotion-Reuse-Pilot als Bauherrschaft.;Bauherrschaft;;;
Finnland;City of Espoo;←;Purkupiha;Führte den Schulrückbau in Pohjois-Tapiola aus.;Dienstleistungsbeziehung;;;
Finnland;City of Nokia (Nokian kaupunki);—;SÄILÖ: Purusta säilöön ja kiertoon;Arbeiteten im SÄILÖ-Verbund zusammen.;Konsortialpartner;;;
Finnland;City of Orivesi (Oriveden kaupunki);—;SÄILÖ: Purusta säilöön ja kiertoon;Arbeiteten im SÄILÖ-Verbund zusammen.;Konsortialpartner;;;
Finnland;Joensuun Rakennuspurku ja Timanttiurakointi Oy;—;Sitowise;Keine Quelle belegt eine direkte Verbindung.;Kein Beleg für eine Beziehung;;ja;
Frankreich;Cycle Up;—;ORAK;Entwickelten eine Reuse-Lösung für Teppichfliesen.;Kooperationsvereinbarung;ja;;
Frankreich;Cycle Up;—;TEXTIFLOOR;Verbessern gemeinsam den Bodenbelag-Reuse.;Kooperationsvereinbarung;ja;;
Frankreich;Réempro;→;CD2E;Nimmt als Mitglied am CD2E-Netzwerk teil.;Mitgliedschaft;ja;;
Frankreich;Circular Pavilion Paris;←;Encore Heureux;Entwarf Circular Pavilion Paris.;Entwurf;ja;;
Frankreich;Ferme du Rail Paris;←;Travail & Vie;Führte die Bauarbeiten an Ferme du Rail Paris aus.;Bauausführung;ja;;
Frankreich;Ferme du Rail Paris;←;Réhabail;Verantwortete Ferme du Rail Paris als Bauherrschaft.;Bauherrschaft;ja;;
Frankreich;Ferme du Rail Paris;←;Pouget Consultants;Übernahm die Fachplanung für Ferme du Rail Paris.;Fachplanung;ja;;
Frankreich;Ferme du Rail Paris;←;Albert & Co;Übernahm die Fachplanung für Ferme du Rail Paris.;Fachplanung;ja;;
Frankreich;Grande Halle de Colombel…;←;Le WIP;Betreibt Grande Halle de Colombelles.;Betrieb;ja;;
Frankreich;Maison des Canaux, Paris;←;Les Canaux;Betreibt Maison des Canaux, Paris.;Betrieb;ja;;
Frankreich;Maison des Canaux, Paris;←;Ville de Paris;Verantwortete Maison des Canaux, Paris als Bauherrschaft.;Bauherrschaft;ja;;
Frankreich;Ville de Paris;→;Plateforme de réemploi des matériaux de voirie de la Ville de Paris;Betreibt das Pariser Straßenbau-Depot.;Betreiberschaft;ja;;
Frankreich;Résilience;←;Novaedia / Novædia;Betreibt Résilience.;Betrieb;ja;;
Frankreich;Résilience;←;SOCOTEC;Prüfte Reuse-Bauteile für Résilience.;Prüfung und Nachweis;ja;;
Frankreich;Résilience;←;Depuis 1920;Führte die Bauarbeiten an Résilience aus.;Bauausführung;ja;;
Frankreich;Résilience;←;Association Réavie;Lieferte Reuse-Bauteile für Résilience.;Bauteillieferung;ja;;
Frankreich;Résilience;←;Archipel zéro;Entwarf Résilience.;Entwurf;ja;;
Frankreich;La Fab Bordeaux;←;Collectif CANCAN;Arbeitete im Auftrag von La Fab Bordeaux.;Dienstleistungsbeziehung;ja;;Collectif CANCAN arbeitete im Auftrag von La Fab Bordeaux.
Frankreich;Encore Heureux;→;REMIX / matériaux réemploi;Gründete das Reuse-Büro REMIX mit.;Gründung;ja;;
Frankreich;Mobius Réemploi;—;CSTB;Arbeiteten im SPIROU-Verbund zusammen.;Konsortialpartner;ja;;Mobius Réemploi und CSTB sind Partner im SPIROU-Projekt (ADEME-kofinanziert).
Frankreich;CANCAN Architecture;←;REFAIR Bordeaux;Begleitete CANCAN beim Reuse-Vorhaben.;Dienstleistungsbeziehung;ja;;REFAIR Bordeaux begleitete CANCAN beim Wiederverwendungsvorhaben.
Frankreich;CSTB;—;Bellastock;Arbeiteten im FCRBE-Verbund zusammen.;Konsortialpartner;ja;;CSTB und Bellastock gehörten zum FCRBE-Konsortium.
Frankreich;CSTB;—;Institut National de l'Économie Circulaire (INEC);Arbeiteten im LIFE-Waste2Build-Verbund zusammen.;Konsortialpartner;ja;;CSTB und INEC gehörten zum LIFE-Waste2Build-Konsortium.
Frankreich;CSTB;—;Booster du Réemploi (A4MT);Arbeiteten im SPIROU-Verbund zusammen.;Konsortialpartner;ja;;CSTB und Booster du Réemploi (A4MT) sind Partner im SPIROU-Projekt (ADEME-kofinanziert).
Frankreich;Lascombes Matériaux Anciens;→;Lascombes Matériaux Anciens Sud-Ouest;Führt Lascombes Sud-Ouest als Regionaldepot.;Konzernbindung;ja;;Lascombes Sud-Ouest ist ein regionales Nebendepot des Unternehmens.
Frankreich;Booster du Réemploi (A4MT);—;CD2E;Organisieren den lokalen Reuse-Booster gemeinsam.;Kooperationsvereinbarung;ja;;
Frankreich;Bâticycle;—;Skop Marketplace;Sind nur gemeinsam im Skop Marketplace-Verzeichnis gelistet.;Verzeichniseintrag;;ja;
Frankreich;Cycle Up;—;Institut National de l'Économie Circulaire (INEC);Keine Quelle belegt eine direkte Verbindung.;Kein Beleg für eine Beziehung;;ja;
Frankreich;Cycle Up;—;MAISON CARRELLE;Sind nur gemeinsam im Cycle Up-Verzeichnis gelistet.;Verzeichniseintrag;;ja;
Frankreich;Cycle Up;—;METAMO;Sind nur gemeinsam im Cycle Up-Verzeichnis gelistet.;Verzeichniseintrag;;ja;
Frankreich;Cycle Up;—;MOBIOUS;Sind nur gemeinsam im Cycle Up-Verzeichnis gelistet.;Verzeichniseintrag;;ja;
Frankreich;Cycle Up;—;PROCLUS;Sind nur gemeinsam im Cycle Up-Verzeichnis gelistet.;Verzeichniseintrag;;ja;
Frankreich;RAEDIFICARE;—;CSTB;Keine Quelle belegt eine direkte Verbindung.;Kein Beleg für eine Beziehung;;ja;
Frankreich;Circular Pavilion Paris;←;TRIBU;Plante das Tragwerk für Circular Pavilion Paris.;Fachplanung;;;
Frankreich;Circular Pavilion Paris;←;Camping Design;Entwarf Circular Pavilion Paris.;Entwurf;;;
Frankreich;Circular Pavilion Paris;←;Ville de Paris – Pavillon de l Arsenal;Verantwortete Circular Pavilion Paris als Bauherrschaft.;Bauherrschaft;;;
Frankreich;Circular Pavilion Paris;←;Technische Dienste der Stadt Paris;Führte die Bauarbeiten an Circular Pavilion Paris aus.;Bauausführung;;;
Frankreich;Ferme du Rail Paris;←;Scoping;Übernahm die Fachplanung für Ferme du Rail Paris.;Fachplanung;;;
Frankreich;Résilience;←;Métabolisme Urbain;Erfasste Reuse-Bauteile für Résilience.;Bauteilinventarisierung;;;
Frankreich;CSTB;—;FCRBE (Facilitating the Circulation of Reclaimed Building Elements);Arbeiteten im FCRBE-Verbund zusammen.;Konsortialpartner;;;
Frankreich;CSTB;—;Fédération Française du Bâtiment et des Travaux publics de Haute-Garonne (FFB 31);Arbeiteten im LIFE-Waste2Build-Verbund zusammen.;Konsortialpartner;;;
Frankreich;Bellastock;—;FCRBE (Facilitating the Circulation of Reclaimed Building Elements);Arbeiteten im FCRBE-Verbund zusammen.;Konsortialpartner;;;
Frankreich;Vilogia;→;Booster du Réemploi (A4MT);Fördert die Arbeitsgruppen des Booster du Réemploi.;Trägerschaft;;;
Frankreich;Vilogia;—;CD2E;Keine Quelle belegt eine direkte Verbindung.;Kein Beleg für eine Beziehung;;ja;
Niederlande;Lagemaat Heerde;→;lcp-circulair;Gründete lcp-circulair mit.;Gründung;ja;;
Niederlande;cepezed;→;The Green House Utrecht;Entwarf The Green House Utrecht.;Entwurf;ja;;
Niederlande;cepezed;→;lcp-circulair;Gründete lcp-circulair mit.;Gründung;ja;;cepezedprojects gründete lcp-circulair gemeinsam mit Lagemaat.
Niederlande;IMd Raadgevende Ingenieurs;→;BioPartner 5;Entwarf BioPartner 5.;Entwurf;ja;;
Niederlande;IMd Raadgevende Ingenieurs;→;Montessori Maassluis;Plante das Tragwerk für Montessori Maassluis.;Fachplanung;ja;;IMd gehörte zum Planungsteam von Montessori Maassluis.
Niederlande;BioPartner 5;←;Popma ter Steege Architecten / PTSA;Entwarf BioPartner 5.;Entwurf;ja;;
Niederlande;BioPartner 5;←;Vic Obdam Staalbouw;Führte die Bauarbeiten an BioPartner 5 aus.;Bauausführung;ja;;
Niederlande;BioPartner 5;←;Leiden University / Gorlaeus donor source;Lieferte Reuse-Stahl für BioPartner 5.;Bauteillieferung;ja;;
Niederlande;Jeugdkliniek Ithaka;←;Rothuizen Architecten / Taco Tuinhof;Entwarf Jeugdkliniek Ithaka.;Entwurf;ja;;
Niederlande;Jeugdkliniek Ithaka;←;ABT;Übernahm die Fachplanung für Jeugdkliniek Ithaka.;Fachplanung;ja;;
Niederlande;Jeugdkliniek Ithaka;←;Rijkswaterstaat;Lieferte Reuse-Bauteile für Jeugdkliniek Ithaka.;Bauteillieferung;ja;;
Niederlande;Jeugdkliniek Ithaka;←;DWT Groep;Führte die Bauarbeiten an Jeugdkliniek Ithaka aus.;Bauausführung;ja;;
Niederlande;Liander;←;Alliander / Liander;Verantwortete Liander als Bauherrschaft.;Bauherrschaft;ja;;
Niederlande;Liander;←;Madaster / Materialpass-Kontext;Erfasste Reuse-Bauteile für Liander.;Bauteilinventarisierung;ja;;
Niederlande;Liander;←;RAU;Verantwortete Liander als Bauherrschaft.;Bauherrschaft;ja;;
Niederlande;Montessori Maassluis;←;Kraaijvanger Architects;Entwarf Montessori Maassluis.;Entwurf;ja;;
Niederlande;SUPERLOCAL Expogebouw;←;HEEMwonen;Verantwortete SUPERLOCAL Expogebouw als Bauherrschaft.;Bauherrschaft;ja;;
Niederlande;SUPERLOCAL Expogebouw;←;IBA Parkstad;Erarbeitete das Reuse-Konzept für SUPERLOCAL Expogebouw.;Reuse-Konzept;ja;;
Niederlande;SUPERLOCAL Expogebouw;←;Maurer United;Entwarf SUPERLOCAL Expogebouw.;Entwurf;ja;;
Niederlande;SUPERLOCAL Expogebouw;←;Dusseldorp;Lieferte Reuse-Bauteile für SUPERLOCAL Expogebouw.;Bauteillieferung;ja;;
Niederlande;SUPERLOCAL Expogebouw;←;Bouwbedrijven Jongen;Führte die Bauarbeiten an SUPERLOCAL Expogebouw aus.;Bauausführung;ja;;
Niederlande;SUPERLOCAL Expogebouw;←;Zuyd Hogeschool;Begleitete SUPERLOCAL Expogebouw wissenschaftlich.;Forschungsbegleitung;ja;;
Niederlande;The Green House Utrecht;←;Pieters Bouwtechniek;Plante das Tragwerk für The Green House Utrecht.;Fachplanung;ja;;
Niederlande;The Green House Utrecht;←;Ballast Nedam;Führte die Bauarbeiten an The Green House Utrecht aus.;Bauausführung;ja;;
Niederlande;The Green House Utrecht;←;De Groot & Visser;Führte die Bauarbeiten an The Green House Utrecht aus.;Bauausführung;ja;;
Niederlande;ABN AMRO;→;Circl;Betreibt Circl.;Betrieb;ja;;
Niederlande;ABN AMRO;—;Victory Group;Vereinbarten Verkauf und Rückmiete des Hauptsitzes.;Zusammenarbeit, Art unklar;ja;;
Niederlande;Villa Welpeloo Enschede;←;Superuse Studios / 2012Architecten;Entwarf Villa Welpeloo Enschede.;Entwurf;ja;;
Niederlande;Superuse Studios / 2012Architecten;—;New Horizon UM;Führen Oogstkaart.nl nach der Übernahme fort.;Kooperationsvereinbarung;ja;;
Niederlande;Woongroep Boschgaard…;←;Bewohnerinitiative Boschgaard;Verantwortete Boschgaard als Bauherrschaft.;Bauherrschaft;ja;;
Niederlande;Woongroep Boschgaard…;←;Zayaz;Verantwortete Boschgaard als Bauherrschaft.;Bauherrschaft;ja;;
Niederlande;Circular Centre Netherla…;←;Lagemaat Heerde;Baute das Circular Centre Heerde aus Reuse-Material.;Bauausführung;;;
Niederlande;Circular Centre Netherla…;←;cepezed;Entwarf Circular Centre Heerde.;Entwurf;;;cepezed entwarf das Circular Centre in Heerde.
Niederlande;Circular Centre Netherla…;←;Provincie Gelderland;Verantwortete Circular Centre Heerde als Bauherrschaft.;Bauherrschaft;;;
Niederlande;Circular Centre Netherla…;←;ReCreate Dutch cluster;Führte die Bauarbeiten an Circular Centre Heerde aus.;Bauausführung;;;
Niederlande;Circular Centre Netherla…;←;IMd Raadgevende Ingenieurs;Übernahm die Fachplanung für Circular Centre Heerde.;Fachplanung;;;IMd verantwortet Tragwerksentwurf und Bauteilnachweise für das Zentrum.
Niederlande;Circular Centre Netherla…;←;Dycore;Prüfte Reuse-Bauteile für Circular Centre Heerde.;Prüfung und Nachweis;;;
Niederlande;Lagemaat Heerde;—;Ter Velde & Den Besten;Keine Quelle belegt eine direkte Verbindung.;Kein Beleg für eine Beziehung;;ja;
Niederlande;BioPartner 5;←;BioPartner Center Leiden;Verantwortete BioPartner 5 als Bauherrschaft.;Bauherrschaft;;;
Niederlande;BioPartner 5;←;De Vries en Verburg;Führte die Bauarbeiten an BioPartner 5 aus.;Bauausführung;;;
Niederlande;BioPartner 5;←;Deerns;Führte die Bauarbeiten an BioPartner 5 aus.;Bauausführung;;;
Niederlande;BioPartner 5;←;STONE22;Steuerte das Projekt BioPartner 5.;Fachplanung;;;
Niederlande;BlueCity Offices…;←;BlueCity / Blue City 010 BV;Verantwortete BlueCity Offices als Bauherrschaft.;Bauherrschaft;;;
Niederlande;BlueCity Offices…;←;COUP;Führte die Bauarbeiten an BlueCity Offices aus.;Bauausführung;;;
Niederlande;BlueCity Offices…;←;Workspot;Führte die Bauarbeiten an BlueCity Offices aus.;Bauausführung;;;
Niederlande;BlueCity Offices…;←;Bik Bouw;Führte die Bauarbeiten an BlueCity Offices aus.;Bauausführung;;;
Niederlande;Jeugdkliniek Ithaka;←;Emergis;Verantwortete Jeugdkliniek Ithaka als Bauherrschaft.;Bauherrschaft;;;
Niederlande;Jeugdkliniek Ithaka;←;Burobas;Entwarf Jeugdkliniek Ithaka.;Entwurf;;;
Niederlande;Jeugdkliniek Ithaka;←;Adviesbureau Lüning;Übernahm die Fachplanung für Jeugdkliniek Ithaka.;Fachplanung;;;
Niederlande;Jeugdkliniek Ithaka;←;Paree;Führte die Bauarbeiten an Jeugdkliniek Ithaka aus.;Bauausführung;;;
Niederlande;Liander;←;Turntoo / Circularity-Kontext;Erarbeitete das Reuse-Konzept für Liander.;Reuse-Konzept;;;
Niederlande;Montessori Maassluis;←;Stichting Montessorischolen Monton;Verantwortete Montessori Maassluis als Bauherrschaft.;Bauherrschaft;;;
Niederlande;Montessori Maassluis;←;Anculus B.V.;Übernahm die Fachplanung für Montessori Maassluis.;Fachplanung;;;
Niederlande;Montessori Maassluis;←;Vintis installatieadviseurs;Führte die Bauarbeiten an Montessori Maassluis aus.;Bauausführung;;;
Niederlande;Montessori Maassluis;←;VIA Landscape;Entwarf Montessori Maassluis.;Entwurf;;;
Niederlande;Montessori Maassluis;←;Van Dijk Maasland B.V.;Führte die Bauarbeiten an Montessori Maassluis aus.;Bauausführung;;;
Niederlande;Montessori Maassluis;←;A. de Jong Groep;Führte die Bauarbeiten an Montessori Maassluis aus.;Bauausführung;;;
Niederlande;People’s Pavilion…;←;Dutch Design Foundation;Verantwortete People’s Pavilion als Bauherrschaft.;Bauherrschaft;;;
Niederlande;People’s Pavilion…;←;Ham & Sybesma;Führte die Bauarbeiten an People’s Pavilion aus.;Bauausführung;;;
Niederlande;People’s Pavilion…;←;IJB groep;Lieferte Reuse-Bauteile für People’s Pavilion.;Bauteillieferung;;;
Niederlande;People’s Pavilion…;←;Stiho group;Lieferte Reuse-Bauteile für People’s Pavilion.;Bauteillieferung;;;
Niederlande;People’s Pavilion…;←;Overtreders W;Entwarf People’s Pavilion.;Entwurf;;;
Niederlande;People’s Pavilion…;←;bureau SLA;Entwarf People’s Pavilion.;Entwurf;;;
Niederlande;People’s Pavilion…;←;New Horizon;Lieferte Reuse-Bauteile für People’s Pavilion.;Bauteillieferung;;;
Niederlande;Stiho group;—;Urban Mining Collective;Arbeiten im Urban Mining Collective zusammen.;Konsortialpartner;;;
Niederlande;SUPERLOCAL Expogebouw;←;Gemeente Kerkrade;Erarbeitete das Reuse-Konzept für SUPERLOCAL Expogebouw.;Reuse-Konzept;;;
Niederlande;SUPERLOCAL Expogebouw;←;Volantis;Prüfte Reuse-Bauteile für SUPERLOCAL Expogebouw.;Prüfung und Nachweis;;;
Niederlande;The Green House Utrecht;←;Rijksvastgoedbedrijf / Central Government Real Estate Agency;Verantwortete The Green House Utrecht als Bauherrschaft.;Bauherrschaft;;;
Niederlande;The Green House Utrecht;←;R Creators;Verantwortete The Green House Utrecht als Bauherrschaft.;Bauherrschaft;;;
Niederlande;The Green House Utrecht;←;Strukton Worksphere;Übernahm die Fachplanung für The Green House Utrecht.;Fachplanung;;;
Niederlande;The Green House Utrecht;←;Kampstaal;Führte die Bauarbeiten an The Green House Utrecht aus.;Bauausführung;;;
Niederlande;Woongroep Boschgaard…;←;Bouwbedrijf Versteegden;Führte die Bauarbeiten an Boschgaard aus.;Bauausführung;;;
Niederlande;Woongroep Boschgaard…;←;Transfarmers;"War an Boschgaard beteiligt; Aufgabe offen.";Projektbeteiligung, Aufgabe unklar;;;
Niederlande;Woongroep Boschgaard…;←;VanNimwegen;Übernahm die Fachplanung für Boschgaard.;Fachplanung;;;
Niederlande;lcp-circulair;→;Icon Real Estate;Demontiert den Circl-Pavillon im Auftrag.;Dienstleistungsbeziehung;;;
Niederlande;Icon Real Estate;←;Victory Group;Führt Icon Real Estate als Geschäftsbereich.;Konzernbindung;;;Icon Real Estate ist ein Geschäftsbereich der Victory Group.
Niederlande;New Horizon;→;Urban Mining Collective;Betreibt das Urban Mining Collective mit.;Betreiberschaft;;;
Niederlande;Baars & Bloemhoff;—;Urban Mining Collective;Arbeiten im Urban Mining Collective zusammen.;Konsortialpartner;;;
Norwegen;Loopfront;→;Regionalt ombruksnettverk for byggematerialer (Oslo-Trondheim);Gründete das Reuse-Netz Oslo–Trondheim mit.;Gründung;ja;;
Norwegen;KA13;←;Entra AS;Verantwortete KA13 als Bauherrschaft.;Bauherrschaft;ja;;
Norwegen;KA13;←;MAD arkitekter / Mad as;Entwarf KA13.;Entwurf;ja;;
Norwegen;KA13;←;FutureBuilt;Führte die Bauarbeiten an KA13 aus.;Bauausführung;ja;;
Norwegen;KA13;←;Asplan Viak;Entwarf KA13.;Entwurf;ja;;
Norwegen;KA13;←;Insenti;Erarbeitete das Reuse-Konzept für KA13.;Reuse-Konzept;ja;;
Norwegen;KA13;←;Scenario Interiørarkitekter;Entwarf KA13.;Entwurf;ja;;
Norwegen;Asker kommune;→;Regionalt ombruksnettverk for byggematerialer (Oslo-Trondheim);Nimmt am Reuse-Netz Oslo–Trondheim teil.;Mitgliedschaft;ja;;
Norwegen;Asker kommune;←;Sirken;Erprobte Sirkens Reuse-Container in Asker.;Dienstleistungsbeziehung;ja;;
Norwegen;Bodø Kommune;—;Nordlandsforskning AS;Erforschen Bürgerbeteiligung in Bodø gemeinsam.;Kooperationsvereinbarung;ja;;
Norwegen;Multiconsult;→;Regionalt ombruksnettverk for byggematerialer (Oslo-Trondheim);Gründete das Reuse-Netz Oslo–Trondheim mit.;Gründung;ja;;
Norwegen;Regionalt ombruksnettverk for byggematerialer (Oslo-Trondheim);←;TOBB;Nimmt am Reuse-Netz Oslo–Trondheim teil.;Mitgliedschaft;ja;;
Norwegen;Regionalt ombruksnettverk for byggematerialer (Oslo-Trondheim);←;Trondheim kommune;Nimmt am Reuse-Netz Oslo–Trondheim teil.;Mitgliedschaft;ja;;
Norwegen;TOBB;—;Rehub;Arbeiteten im Vendom-Verbund zusammen.;Konsortialpartner;ja;;TOBB und Rehub sind Partner im Forschungsprojekt Vendom.
Norwegen;OMBYGG;→;Sirkulær Ressurssentral;Betreibt den Reuse-Handel der Ressourcenzentrale.;Betreiberschaft;ja;;
Norwegen;KA13;←;IWG Group / Spaces;Betreibt KA13.;Betrieb;;;
Norwegen;Asplan Viak;—;Ombruk i nord (Remiks);Keine Quelle belegt eine direkte Verbindung.;Kein Beleg für eine Beziehung;;ja;
Norwegen;Asker kommune;→;CCRI Pilot Asker;Trägt den CCRI-Piloten Asker.;Trägerschaft;;;
Norwegen;Bodø Kommune;—;Iris Ombrukssentral / Saltnes ombruk;Keine Quelle belegt eine direkte Verbindung.;Kein Beleg für eine Beziehung;;ja;
Norwegen;NTNU;→;Regionalt ombruksnettverk for byggematerialer (Oslo-Trondheim);Nimmt am Reuse-Netz Oslo–Trondheim teil.;Mitgliedschaft;;;
Norwegen;NTNU;—;Bevar / Urban Reuse (NG Group);Keine Quelle belegt eine direkte Verbindung.;Kein Beleg für eine Beziehung;;ja;
Norwegen;Resirkula;←;Sirkula IKS;Betreibt das Reuse-Kaufhaus Resirkula.;Betreiberschaft;;;
Norwegen;Donorbygg;—;Sirken;Keine Quelle belegt eine direkte Verbindung.;Kein Beleg für eine Beziehung;;ja;
Norwegen;byggogbevar directory;—;Ombruk i nord (Remiks);Sind nur gemeinsam im byggogbevar-Verzeichnis gelistet.;Verzeichniseintrag;;ja;
Norwegen;byggogbevar directory;—;OMBYGG;Sind nur gemeinsam im byggogbevar-Verzeichnis gelistet.;Verzeichniseintrag;;ja;
Norwegen;byggogbevar directory;—;Sirkulær Ressurssentral;Sind nur gemeinsam im byggogbevar-Verzeichnis gelistet.;Verzeichniseintrag;;ja;
Norwegen;JCS AS;—;Materialbanken for bygningsvern;Keine Quelle belegt eine direkte Verbindung.;Kein Beleg für eine Beziehung;;ja;
Schweden;Åhlin & Ekeroth;→;Bygghubben;Gründete Bygghubben mit.;Gründung;ja;;
Schweden;Akademiska Hus;—;Bjerking;Arbeiteten im Återhus-Verbund zusammen.;Konsortialpartner;ja;;Akademiska Hus und Bjerking gehörten zum 14-köpfigen Konsortium Återhus 3.0.
Schweden;Akademiska Hus;→;Handslag för cirkulärt byggande;Nimmt am Handslag teil.;Mitgliedschaft;ja;;Akademiska Hus ist Teil der Initiative Handslaget för cirkulärt byggande.
Schweden;Akademiska Hus;—;Wiklunds Åkeri;Arbeiteten im KRETS-Verbund zusammen.;Konsortialpartner;ja;;Akademiska Hus und Wiklunds Åkeri sind Partner im Återbruksmarknad-Projekt KRETS.
Schweden;Akademiska Hus;—;Palats;Arbeiteten im Återhus-Verbund zusammen.;Konsortialpartner;ja;;Akademiska Hus und Palats gehörten zum 14-köpfigen Konsortium Återhus 3.0.
Schweden;Anthesis;—;NCC;Arbeiteten im Återhus-Verbund zusammen.;Konsortialpartner;ja;;Anthesis und NCC gehörten zum Konsortium des Projekts Återhus.
Schweden;Byggåterbruket (Umeå);←;Umeå kommun;Trägt das Reuse-Zentrum Byggåterbruket.;Trägerschaft;ja;;Byggåterbruket ist ein Projekt innerhalb der Stadt Umeå.
Schweden;Bygghubben;←;Teknikbyggarna;Beteiligte sich als Miteigentümer an Bygghubben.;Gründung;ja;;
Schweden;Bygghubben;←;Wilzéns;Gründete Bygghubben mit.;Gründung;ja;;
Schweden;Codesign Sweden AB;—;RISE (Research Institutes of Sweden);Arbeiteten im Återhus-Verbund zusammen.;Konsortialpartner;ja;;Codesign und RISE gehörten zum Konsortium des Projekts Återhus.
Schweden;Contiga;—;Fabege;Arbeiteten im Återhus-Verbund zusammen.;Konsortialpartner;ja;;Contiga und Fabege gehörten zum Konsortium des Projekts Återhus.
Schweden;Contiga;—;Zengun;Arbeiteten im Återhus-Verbund zusammen.;Konsortialpartner;ja;;Contiga und Zengun waren Partner im Forschungsprojekt Återhus.
Schweden;Fabege;→;Reboost;Trat Reboost bei und übergab den eigenen Reuse-Hub.;Mitgliedschaft;ja;;Fabege wurde Mitglied der Återbrukshubb Reboost von Ragn-Sells.
Schweden;Handslag för cirkulärt byggande;←;Vasakronan;Nimmt am Handslag teil.;Mitgliedschaft;ja;;Handslag för cirkulärt byggande ist Teil der Initiative Handslaget för cirkulärt byggande.
Schweden;Helsingborgshem;—;KTH Royal Institute of Technology;Arbeiteten im schwedischen ReCreate-Piloten zusammen.;Konsortialpartner;ja;;Helsingborgshem und KTH arbeiteten im ReCreate-Pilotprojekt zusammen.
Schweden;Helsingborgshem;—;Strängbetong;Arbeiteten im ReCreate-Verbund zusammen.;Konsortialpartner;ja;;Helsingborgshem und Strängbetong gehörten zum ReCreate-Konsortium.
Schweden;KTH Royal Institute of Technology;—;NCC;Arbeiteten im Återhus-Verbund zusammen.;Konsortialpartner;ja;;KTH Royal Institute of Technology und NCC gehörten zum Konsortium des Projekts Återhus.
Schweden;Ragn-Sells;→;Reboost;Betreibt den Reuse-Dienst Reboost.;Betreiberschaft;ja;;
Schweden;Stockholms stad;—;Vasakronan;Arbeiteten im Återhus-Verbund zusammen.;Konsortialpartner;ja;;Stockholms stad und Vasakronan gehörten zum Konsortium des Projekts Återhus.
Schweden;Svensk Betong;—;NCC;Arbeiteten im Återhus-Verbund zusammen.;Konsortialpartner;ja;;Svensk Betong und NCC gehörten zum Konsortium des Projekts Återhus.
Schweden;Vasakronan;—;Wiklunds Åkeri;Arbeiteten im KRETS-Verbund zusammen.;Konsortialpartner;ja;;Vasakronan und Wiklunds Åkeri sind Partner im Återbruksmarknad-Projekt KRETS.
Schweden;Zengun;—;NCC;Arbeiteten im Återhus-Verbund zusammen.;Konsortialpartner;ja;;Zengun und NCC gehörten zum Konsortium des Projekts Återhus.
Schweden;Kv Återbruket, Litteraturgatan/Selma stad, Göteborg;←;Liljewall Arkitekter;Entwarf Kv Återbruket.;Entwurf;ja;;
Schweden;Kv Återbruket, Litteraturgatan/Selma stad, Göteborg;←;NCC;Führte die Bauarbeiten an Kv Återbruket aus.;Bauausführung;ja;;
Schweden;NCC;—;RISE (Research Institutes of Sweden);Arbeiteten im Återhus-Verbund zusammen.;Konsortialpartner;ja;;NCC und RISE (Research Institutes of Sweden) gehörten zum Konsortium des Projekts Återhus.
Schweden;Akademiska Hus;—;Tyresö kommun;Arbeiteten im Återhus-Verbund zusammen.;Konsortialpartner;;;
Schweden;Atrium Ljungberg;—;Vasakronan;Arbeiteten im Återhus-Verbund zusammen.;Konsortialpartner;;;
Schweden;BC-bygg;→;Bygghubben;Gründete Bygghubben mit.;Gründung;;;
Schweden;Business Region Göteborg;—;Handslag för cirkulärt byggande;Keine Quelle belegt eine direkte Verbindung.;Kein Beleg für eine Beziehung;;ja;
Schweden;Bygghubben;←;Haga Rot;Gründete Bygghubben mit.;Gründung;;;
Schweden;Bygghubben;←;RP (Bygghubben member);Gründete Bygghubben mit.;Gründung;;;
Schweden;Handslag för cirkulärt byggande;←;HSB Göteborg;Nimmt am Handslag teil.;Mitgliedschaft;;;
Schweden;Handslag för cirkulärt byggande;←;Serneke Sverige AB;Nimmt am Handslag teil.;Mitgliedschaft;;;
Schweiz;Ressourcerie Lausanne / Matériuum / R-UUL;←;Matériuum;Führt die Ressourcerie Lausanne als Zweigbetrieb.;Konzernbindung;ja;;
Schweiz;Bauteilbörse Basel;—;Gruner ReUse;Inventarisierten und vermarkteten Reuse-Bauteile.;Gemeinsames Bauvorhaben;ja;;
Schweiz;Bauteilbörse Basel;←;useagain / Bauteilclick;Stellt den Marktplatz für ihren Bauteilverkauf.;Dienstleistungsbeziehung;ja;;
Schweiz;Bauteilvermittlung Zürichsee-Oberland;←;Stiftung Chance BauTeile Zürich / Glattbrugg;Prüft, demontiert und transportiert BTVZ-Bauteile.;Dienstleistungsbeziehung;ja;;Stiftung Chance übernimmt Prüfung, Ausbau und Transport für die BTVZ.
Schweiz;useagain / Bauteilclick;→;Bauteilladen Winterthur;Vermittelt Bauteile an den Bauteilladen Winterthur.;Dienstleistungsbeziehung;ja;;
Schweiz;ELYS Kultur- und…;←;Zirkular;"War am ELYS-Zentrum beteiligt; Aufgabe offen.";Projektbeteiligung, Aufgabe unklar;ja;;
Schweiz;baubüro in situ;→;Grubenstrasse 29;Entwarf Grubenstrasse 29.;Entwurf;ja;;baubüro in situ entwarf das Projekt Grubenstrasse 29.
Schweiz;baubüro in situ;→;K.118 Winterthur;Entwarf K.118 Winterthur.;Entwurf;ja;;baubüro in situ entwarf das Projekt K.118.
Schweiz;baubüro in situ;—;RE-WIN;Unterstützten gemeinsam das RE-WIN-Netzwerk.;Zusammenarbeit, Art unklar;ja;;Beide unterstützen gemeinsam das RE-WIN-Netzwerk.
Schweiz;baubüro in situ;—;Pascal Flammer Architekten;Wählten Reuse-Bauteile für Hobelwerk Haus D aus.;Gemeinsames Bauvorhaben;ja;;
Schweiz;Grubenstrasse 29;←;Modissa Immobilien AG;Verantwortete Grubenstrasse 29 als Bauherrschaft.;Bauherrschaft;ja;;
Schweiz;Grubenstrasse 29;←;Tschudin Rückbau und Demontagen GmbH;Führte den Rückbau von Grubenstrasse 29 aus.;Rückbau;ja;;
Schweiz;Grubenstrasse 29;←;Zirkular;Erfasste Reuse-Bauteile für Grubenstrasse 29.;Bauteilinventarisierung;ja;;
Schweiz;Juch-Areal Recyclingzent…;←;Entsorgung + Recycling Zürich (ERZ);Betreibt Recyclingzentrum Juch-Areal.;Betrieb;ja;;
Schweiz;Juch-Areal Recyclingzent…;←;Weber + Brönnimann AG;Plante das Tragwerk für Recyclingzentrum Juch-Areal.;Fachplanung;ja;;
Schweiz;Juch-Areal Recyclingzent…;←;manoa Landschaftsarchitekten;Entwarf Recyclingzentrum Juch-Areal.;Entwurf;ja;;
Schweiz;Juch-Areal Recyclingzent…;←;Graber Pulver;Entwarf Recyclingzentrum Juch-Areal.;Entwurf;ja;;
Schweiz;K.118 Winterthur;←;Stiftung Abendrot / Vorsorgestiftung Abendrot;Verantwortete K.118 Winterthur als Bauherrschaft.;Bauherrschaft;ja;;
Schweiz;K.118 Winterthur;←;ZHAW IKE;Begleitete K.118 Winterthur wissenschaftlich.;Forschungsbegleitung;ja;;
Schweiz;K.118 Winterthur;←;Oberli Ingenieurbau AG;Plante das Tragwerk für K.118 Winterthur.;Fachplanung;ja;;
Schweiz;K.118 Winterthur;←;Josef Kolb AG;Plante das Tragwerk für K.118 Winterthur.;Fachplanung;ja;;
Schweiz;K.118 Winterthur;←;Wetter AG;Führte die Bauarbeiten an K.118 Winterthur aus.;Bauausführung;ja;;
Schweiz;K.118 Winterthur;←;Zirkular;"War an K.118 Winterthur beteiligt; Aufgabe offen.";Projektbeteiligung, Aufgabe unklar;ja;;
Schweiz;Kindergarten Mööslistras…;←;Stadt Zürich / Amt für Hochbauten / Immobilien Stadt Zürich;Verantwortete Kindergarten Mööslistrasse als Bauherrschaft.;Bauherrschaft;ja;;
Schweiz;Kindergarten Mööslistras…;←;Ingenieurbureau Heierli AG;Plante das Tragwerk für Kindergarten Mööslistrasse.;Fachplanung;ja;;
Schweiz;Kindergarten Mööslistras…;←;Schmidiger + Rosasco AG;Übernahm die Fachplanung für Kindergarten Mööslistrasse.;Fachplanung;ja;;
Schweiz;Kindergarten Mööslistras…;←;aik Architektur + Ingenieur Kollektiv;Plante das Tragwerk für Kindergarten Mööslistrasse.;Fachplanung;ja;;
Schweiz;Kindergarten Mööslistras…;←;Zirkular;Entwarf Kindergarten Mööslistrasse.;Entwurf;ja;;
Schweiz;Re:Crete footbridge;←;Structural Xploration Lab / EPFL;Führte die Bauarbeiten an Re:Crete footbridge aus.;Bauausführung;ja;;
Schweiz;Empa;→;UMAR Unit;Begleitete UMAR Unit wissenschaftlich.;Forschungsbegleitung;ja;;
Schweiz;Stiftung Habitat;→;LYSP8 Basel;Betreibt LYSP8 Basel.;Betrieb;ja;;
Schweiz;LYSP8 Basel;←;PIRMIN JUNG Schweiz AG;Übernahm die Fachplanung für LYSP8 Basel.;Fachplanung;ja;;
Schweiz;Zirkular;—;Studio Trachsler Hoffmann;Arbeiteten an der Schärenmoosstrasse zusammen.;Gemeinsames Bauvorhaben;ja;;
Schweiz;Zirkular;→;RE-WIN;Initiierten die erste RE-WIN-Fenstersammlung.;Gründung;ja;;
Schweiz;Zirkular;→;Bauteilkatalog Immobilien Basel-Stadt;Katalogisierte Bauteile für Basler Wettbewerbe.;Dienstleistungsbeziehung;ja;;
Schweiz;UMAR Unit;←;Lindner SE;Lieferte Reuse-Bauteile für UMAR Unit.;Bauteillieferung;ja;;
Schweiz;ZHAW;—;INEB – FHNW (Leitfaden Reuse Stahl/Stahlbeton);Arbeiteten im Reuse-Leitfaden Stahl/Beton-Verbund zusammen.;Konsortialpartner;ja;;Beide erarbeiteten den Leitfaden Reuse Stahl-/Stahlbetonbauteile.
Schweiz;ELEMENTA Walkeweg;←;Monotti Ingegneri;Plante das Tragwerk für ELEMENTA Walkeweg.;Fachplanung;ja;;Monotti Ingegneri übernahm die Tragwerksplanung für ELEMENTA.
Schweiz;Digvis GmbH;→;Bauteilkatalog Immobilien Basel-Stadt;Programmierte den Basler Bauteilkatalog.;Dienstleistungsbeziehung;ja;;
Schweiz;Gruner ReUse;←;Gruner AG;Führt Gruner ReUse als eigene Abteilung.;Konzernbindung;;;
Schweiz;baubüro in situ;—;Zirkular;Keine Quelle belegt eine direkte Verbindung.;Kein Beleg für eine Beziehung;;ja;
Schweiz;Grubenstrasse 29;—;Bauteilladen Winterthur;Keine Quelle belegt eine direkte Verbindung.;Kein Beleg für eine Beziehung;;ja;
Schweiz;Kindergarten Mööslistras…;←;Meili Partner Baumanagement;Übernahm die Fachplanung für Kindergarten Mööslistrasse.;Fachplanung;;;
Schweiz;Kindergarten Mööslistras…;←;Haerter + Partner AG;Übernahm die Fachplanung für Kindergarten Mööslistrasse.;Fachplanung;;;
Schweiz;Re:Crete footbridge;←;Re:Crete Forschungsteam;Begleitete Re:Crete footbridge wissenschaftlich.;Forschungsbegleitung;;;
Schweiz;Kanton Basel-Stadt;—;INEB – FHNW (Leitfaden Reuse Stahl/Stahlbeton);Arbeiteten im Reuse-Leitfaden Stahl/Beton-Verbund zusammen.;Konsortialpartner;;;
Vereinigtes Königreich;Gardiner & Theobald;→;BedZED;Plante das Tragwerk für BedZED.;Fachplanung;ja;;
Vereinigtes Königreich;Gardiner & Theobald;→;55 Great Suffolk Street;Übernahm die Fachplanung für 55 Great Suffolk Street.;Fachplanung;ja;;
Vereinigtes Königreich;CascadeUp;←;UCL Circular Economy Lab;Begleitete CascadeUp wissenschaftlich.;Forschungsbegleitung;ja;;
Vereinigtes Königreich;CascadeUp;←;UK CLT;Lieferte Reuse-Holz für CascadeUp.;Bauteillieferung;ja;;
Vereinigtes Königreich;Whitby Wood;→;The Engineers Reuse Collective (TERC);Gründete TERC mit.;Gründung;ja;;
Vereinigtes Königreich;Brighton Waste House;←;Cat Fletcher / Freegle;"War an Brighton Waste House beteiligt; Aufgabe offen.";Projektbeteiligung, Aufgabe unklar;ja;;
Vereinigtes Königreich;Brighton Waste House;←;Studierende, Schulkinder und Freiwillige;Führte die Bauarbeiten an Brighton Waste House aus.;Bauausführung;ja;;
Vereinigtes Königreich;Hastings Pier Visitor…;←;National Lottery Heritage Fund;Förderte Hastings Pier Visitor Centre.;Förderung;ja;;
Vereinigtes Königreich;Holbein Gardens, London;←;Heyne Tillett Steel / HTS;Plante das Tragwerk für Holbein Gardens, London.;Fachplanung;ja;;
Vereinigtes Königreich;Holbein Gardens, London;←;Cleveland Steel & Tubes;Lieferte Reuse-Stahl für Holbein Gardens, London.;Bauteillieferung;ja;;Cleveland lieferte wiederverwendeten Stahl für Holbein Gardens.
Vereinigtes Königreich;Holbein Gardens, London;←;TFT Consultants;Erarbeitete das Reuse-Konzept für Holbein Gardens, London.;Reuse-Konzept;ja;;
Vereinigtes Königreich;Heyne Tillett Steel / HTS;←;Cleveland Steel & Tubes;Liefert Reuse-Stahl für HTS-Projekte.;Lieferbeziehung;ja;;Cleveland liefert wiederverwendeten Stahl für HTS-Projekte.
Vereinigtes Königreich;Heyne Tillett Steel / HTS;→;The Engineers Reuse Collective (TERC);Gründete TERC mit.;Gründung;ja;;HTS ist Gründungsmitglied des Engineers Reuse Collective.
Vereinigtes Königreich;Cleveland Steel & Tubes;→;Timber Square London;Lieferte Reuse-Stahl für Timber Square London.;Bauteillieferung;ja;;Cleveland lieferte wiederverwendeten Stahl für Timber Square.
Vereinigtes Königreich;Cleveland Steel & Tubes;→;55 Great Suffolk Street;Lieferte Reuse-Stahl für 55 Great Suffolk Street.;Bauteillieferung;ja;;Cleveland lieferte Stahl für 55 Great Suffolk Street.
Vereinigtes Königreich;Cleveland Steel & Tubes;→;Elliott Wood;Liefert Reuse-Stahl für Elliott-Wood-Projekte.;Lieferbeziehung;ja;;
Vereinigtes Königreich;House of Fraser;←;FORE Partnership;Verantwortete House of Fraser als Bauherrschaft.;Bauherrschaft;ja;;
Vereinigtes Königreich;House of Fraser;←;Willmott Dixon;Führte die Bauarbeiten an House of Fraser aus.;Bauausführung;ja;;
Vereinigtes Königreich;House of Fraser;←;Webb Yates Engineers;Plante das Tragwerk für House of Fraser.;Fachplanung;ja;;
Vereinigtes Königreich;House of Fraser;←;Four Bay Structures;Übernahm die Reuse-Logistik für House of Fraser.;Logistik;ja;;
Vereinigtes Königreich;House of Fraser;←;Civic Engineers;Plante das Tragwerk für House of Fraser.;Fachplanung;ja;;Civic Engineers übernahm die Tragwerksplanung für House of Fraser.
Vereinigtes Königreich;House of Fraser;←;Studio PDP;Entwarf House of Fraser.;Entwurf;ja;;Studio PDP übernahm den Entwurf für House of Fraser.
Vereinigtes Königreich;Webb Yates Engineers;→;The Engineers Reuse Collective (TERC);Gründete TERC mit.;Gründung;ja;;Webb Yates ist Gründungsmitglied von TERC.
Vereinigtes Königreich;Civic Engineers;—;Studio PDP;Planten 318 Oxford Street gemeinsam.;Gemeinsames Bauvorhaben;ja;;
Vereinigtes Königreich;Civic Engineers;→;The Engineers Reuse Collective (TERC);Gründete TERC mit.;Gründung;ja;;Civic Engineers ist Gründungsmitglied von TERC.
Vereinigtes Königreich;PLP London HQ circular…;←;Method;Führte Ausbauarbeiten am PLP London HQ aus.;Bauausführung;ja;;
Vereinigtes Königreich;PLP London HQ circular…;←;Grants of Shoreditch;Lieferte Reuse-Marmor für PLP London HQ.;Bauteillieferung;ja;;
Vereinigtes Königreich;Method;—;PLP Architecture;Bauten das PLP-Projekt gemeinsam.;Gemeinsames Bauvorhaben;ja;;
Vereinigtes Königreich;Grants of Shoreditch;→;PLP Architecture;Lieferte Reuse-Marmor für das PLP-Projekt.;Lieferbeziehung;ja;;
Vereinigtes Königreich;Roots in the Sky;←;AKT II;Plante das Tragwerk für Roots in the Sky.;Fachplanung;ja;;
Vereinigtes Königreich;AKT II;→;55 Great Suffolk Street;Prüfte Reuse-Bauteile für 55 Great Suffolk Street.;Prüfung und Nachweis;ja;;AKT II prüfte und plante den Stahlreuse für 55 Great Suffolk Street.
Vereinigtes Königreich;Timber Square London;←;Opera;Übernahm die Fachplanung für Timber Square London.;Fachplanung;ja;;
Vereinigtes Königreich;Opera;→;55 Great Suffolk Street;Übernahm die Fachplanung für 55 Great Suffolk Street.;Fachplanung;ja;;
Vereinigtes Königreich;Hawkins\Brown;→;55 Great Suffolk Street;Entwarf 55 Great Suffolk Street.;Entwurf;ja;;
Vereinigtes Königreich;The Engineers Reuse Collective (TERC);←;Elliott Wood;Gründete TERC mit.;Gründung;ja;;Elliott Wood ist Gründungsmitglied von TERC.
Vereinigtes Königreich;CBRE;→;55 Great Suffolk Street;Beriet 55 Great Suffolk Street zur Nachhaltigkeit.;Fachplanung;;;
Vereinigtes Königreich;Cantillon;→;55 Great Suffolk Street;Führte den Rückbau von 55 Great Suffolk Street aus.;Rückbau;;;
Vereinigtes Königreich;Material Reuse Portal;—;Warp It;Keine Quelle belegt eine direkte Verbindung.;Kein Beleg für eine Beziehung;;ja;
Vereinigtes Königreich;Material Reuse Portal;—;Grosvenor;Keine Quelle belegt eine direkte Verbindung.;Kein Beleg für eine Beziehung;;ja;
Vereinigtes Königreich;SalvoWEB;—;Arc Reclamation Ltd;Sind nur gemeinsam im SalvoWEB-Verzeichnis gelistet.;Verzeichniseintrag;;ja;
Vereinigtes Königreich;SalvoWEB;—;Frome Reclamation Ltd;Sind nur gemeinsam im SalvoWEB-Verzeichnis gelistet.;Verzeichniseintrag;;ja;
Vereinigtes Königreich;SalvoWEB;—;London Reclamation and Salvage Ltd;Sind nur gemeinsam im SalvoWEB-Verzeichnis gelistet.;Verzeichniseintrag;;ja;
Vereinigtes Königreich;SalvoWEB;—;Milton Keynes Antiques & Architectural Salvage;Sind nur gemeinsam im SalvoWEB-Verzeichnis gelistet.;Verzeichniseintrag;;ja;
Vereinigtes Königreich;SalvoWEB;—;Reclaimed World;Sind nur gemeinsam im SalvoWEB-Verzeichnis gelistet.;Verzeichniseintrag;;ja;
Vereinigtes Königreich;SalvoWEB;—;Stax Reclamation;Sind nur gemeinsam im SalvoWEB-Verzeichnis gelistet.;Verzeichniseintrag;;ja;
Vereinigtes Königreich;SalvoWEB;—;CS Architectural Salvage;Sind nur gemeinsam im SalvoWEB-Verzeichnis gelistet.;Verzeichniseintrag;;ja;
Vereinigtes Königreich;SalvoWEB;—;Wells Reclamation;Sind nur gemeinsam im SalvoWEB-Verzeichnis gelistet.;Verzeichniseintrag;;ja;
Vereinigtes Königreich;SalvoWEB;—;Wilsons Yard;Sind nur gemeinsam im SalvoWEB-Verzeichnis gelistet.;Verzeichniseintrag;;ja;
Vereinigtes Königreich;Brent Cross Town…;←;Brent Cross South Limited Partnership;Verantwortete Brent Cross Town als Bauherrschaft.;Bauherrschaft;;;
Vereinigtes Königreich;Brent Cross Town…;←;Related Argent;Verantwortete Brent Cross Town als Bauherrschaft.;Bauherrschaft;;;
Vereinigtes Königreich;Brent Cross Town…;←;London Borough of Barnet;Verantwortete Brent Cross Town als Bauherrschaft.;Bauherrschaft;;;
Vereinigtes Königreich;Brent Cross Town…;←;IF_DO;Entwarf Brent Cross Town.;Entwurf;;;
Vereinigtes Königreich;Brent Cross Town…;←;Whitby Wood;Plante das Tragwerk für Brent Cross Town.;Fachplanung;;;
Vereinigtes Königreich;Brent Cross Town…;←;Bourne Special Projects / Bourne Group;Führte die Bauarbeiten an Brent Cross Town aus.;Bauausführung;;;
Vereinigtes Königreich;Brent Cross Town…;←;Galldris Group;Führte die Bauarbeiten an Brent Cross Town aus.;Bauausführung;;;
Vereinigtes Königreich;Brent Cross Town…;←;Cleveland Steel & Tubes;Lieferte Reuse-Stahl für Brent Cross Town.;Bauteillieferung;;;Cleveland lieferte wiederverwendeten Stahl für Brent Cross Town.
Vereinigtes Königreich;Brighton Waste House;←;Mears Group;"War an Brighton Waste House beteiligt; Aufgabe offen.";Projektbeteiligung, Aufgabe unklar;;;
Vereinigtes Königreich;Brighton Waste House;←;Greater Brighton Metropolitan College;"War an Brighton Waste House beteiligt; Aufgabe offen.";Projektbeteiligung, Aufgabe unklar;;;
Vereinigtes Königreich;Mears Group;—;University of Brighton;Bauten das Brighton Waste House gemeinsam.;Gemeinsames Bauvorhaben;;;
Vereinigtes Königreich;Hastings Pier Visitor…;←;dRMM Architects;Entwarf Hastings Pier Visitor Centre.;Entwurf;;;
Vereinigtes Königreich;Hastings Pier Visitor…;←;Hastings Pier Charity;Beauftragte den Bau des Hastings Pier Visitor Centre.;Bauherrschaft;;;
Vereinigtes Königreich;Hastings Pier Visitor…;←;Ramboll;Übernahm die Ingenieurplanung für Hastings Pier.;Fachplanung;;;
Vereinigtes Königreich;Hastings Pier Visitor…;←;PT Projects;Übernahm die Fachplanung für Hastings Pier Visitor Centre.;Fachplanung;;;
Vereinigtes Königreich;Hastings Pier Visitor…;←;KLH;Lieferte CLT für Hastings Pier Visitor Centre.;Bauteillieferung;;;
Vereinigtes Königreich;Hastings Pier Visitor…;←;Hastings & Bexhill Wood Recycling;Arbeitete Reuse-Holz für Hastings Pier Visitor Centre auf.;Aufarbeitung;;;
Vereinigtes Königreich;Holbein Gardens, London;←;Grosvenor;Verantwortete Holbein Gardens, London als Bauherrschaft.;Bauherrschaft;;;
Vereinigtes Königreich;Holbein Gardens, London;←;Barr Gazetas;Entwarf Holbein Gardens, London.;Entwurf;;;
Vereinigtes Königreich;Holbein Gardens, London;←;Eurban;Lieferte Reuse-Holz für Holbein Gardens, London.;Bauteillieferung;;;
Vereinigtes Königreich;Holbein Gardens, London;←;Blenheim House;Führte die Bauarbeiten an Holbein Gardens, London aus.;Bauausführung;;;
Vereinigtes Königreich;Cleveland Steel & Tubes;—;Channel Projects;Arbeiteten am ReFrame-Stahlpiloten zusammen.;Konsortialpartner;;;
Vereinigtes Königreich;House of Fraser;←;Stiff + Trevillion;Entwarf House of Fraser.;Entwurf;;;
Vereinigtes Königreich;House of Fraser;←;ECE Architecture;Entwarf House of Fraser.;Entwurf;;;
Vereinigtes Königreich;House of Fraser;←;McLaren Construction;Führte den Rückbau von House of Fraser aus.;Rückbau;;;
Vereinigtes Königreich;BedZED;←;BioRegional;Plante das Tragwerk für BedZED.;Fachplanung;;;
Vereinigtes Königreich;BedZED;←;Peabody Trust;Verantwortete BedZED als Bauherrschaft.;Bauherrschaft;;;
Vereinigtes Königreich;BedZED;←;Bill Dunster / ZEDfactory;Entwarf BedZED.;Entwurf;;;
Vereinigtes Königreich;BedZED;←;Ellis & Moore Consulting Engineers;Plante das Tragwerk für BedZED.;Fachplanung;;;
Vereinigtes Königreich;PLP London HQ circular…;←;Contrax Furniture;Fertigte Tischlerarbeiten für das PLP London HQ.;Bauausführung;;;
Vereinigtes Königreich;PLP London HQ circular…;←;Solus;Lieferte Terrazzo für das PLP London HQ.;Bauteillieferung;;;
Vereinigtes Königreich;Contrax Furniture;—;PLP Architecture;Fertigten Tischlerarbeiten für das PLP-Projekt.;Gemeinsames Bauvorhaben;;;
Vereinigtes Königreich;Solus;→;PLP Architecture;Lieferte Terrazzo für das PLP-Projekt.;Lieferbeziehung;;;
Vereinigtes Königreich;Roots in the Sky;←;Studio RHE;Entwarf Roots in the Sky.;Entwurf;;;
Vereinigtes Königreich;Roots in the Sky;←;Sheppard Robson;Entwarf Roots in the Sky.;Entwurf;;;
Vereinigtes Königreich;Roots in the Sky;←;Symmetrys;Plante das Tragwerk für Roots in the Sky.;Fachplanung;;;
Vereinigtes Königreich;Roots in the Sky;←;Mace;Führte die Bauarbeiten an Roots in the Sky aus.;Bauausführung;;;
Vereinigtes Königreich;Roots in the Sky;←;Erith;Führte den Rückbau von Roots in the Sky aus.;Rückbau;;;
Vereinigtes Königreich;Roots in the Sky;←;Fabrix;Verantwortete Roots in the Sky als Bauherrschaft.;Bauherrschaft;;;Fabrix entwickelte das Projekt Roots in the Sky.
Vereinigtes Königreich;Symmetrys;→;55 Great Suffolk Street;Plante das Tragwerk für 55 Great Suffolk Street.;Fachplanung;;;Symmetrys übernahm Tragwerks- und Tiefbauplanung für das Projekt.
Vereinigtes Königreich;Mace;→;Timber Square London;Führte die Bauarbeiten an Timber Square London aus.;Bauausführung;;;Mace wurde als Hauptauftragnehmer für Timber Square beauftragt.
Vereinigtes Königreich;Timber Square London;←;Landsec;Verantwortete Timber Square London als Bauherrschaft.;Bauherrschaft;;;
Vereinigtes Königreich;Timber Square London;←;Bennetts Associates;Entwarf Timber Square London.;Entwurf;;;
Vereinigtes Königreich;Timber Square London;←;Hoare Lea;Beriet Timber Square zur Nachhaltigkeit.;Fachplanung;;;
Vereinigtes Königreich;Timber Square London;←;Alinea / T+T Alinea;Übernahm die Fachplanung für Timber Square London.;Fachplanung;;;
Vereinigtes Königreich;Timber Square London;←;Hybrid Structures;Führte die Bauarbeiten an Timber Square London aus.;Bauausführung;;;
Vereinigtes Königreich;Fabrix;→;55 Great Suffolk Street;Verantwortete 55 Great Suffolk Street als Bauherrschaft.;Bauherrschaft;;;
Österreich;re:store / HarvestMAP Vienna;←;materialnomaden;Betreibt re:store als Herausgeberin.;Betreiberschaft;ja;;
Österreich;BIG (Bundesimmob.);←;BauKarussell;Führte Social Urban Mining am MedUni-Campus durch.;Dienstleistungsbeziehung;ja;;
Österreich;MedUni Wien;—;BauKarussell;Arbeiteten am MedUni-Campus zusammen.;Gemeinsames Bauvorhaben;ja;;
Österreich;DRZ;→;MedUni Campus Wien;"War an MedUni Campus Wien beteiligt; Aufgabe offen.";Projektbeteiligung, Aufgabe unklar;ja;;
Österreich;DRZ;→;Ferry-Dusika-Stadion Rückbau;Führte den Rückbau des Ferry-Dusika-Stadions aus.;Rückbau;ja;;
Österreich;Die Kümmerei;→;Ferry-Dusika-Stadion Rückbau;Führte den Rückbau des Ferry-Dusika-Stadions aus.;Rückbau;ja;;
Österreich;MedUni Campus Wien;←;BauKarussell;Erarbeitete das Reuse-Konzept für MedUni Campus Wien.;Reuse-Konzept;ja;;
Österreich;BauKarussell;←;Re-Use Austria;Gründete die BauKarussell-Genossenschaft mit.;Gründung;ja;;
Österreich;BauKarussell;→;Ferry-Dusika-Stadion Rückbau;Erarbeitete das Reuse-Konzept für Ferry-Dusika-Stadion.;Reuse-Konzept;ja;;
Österreich;BauKarussell;←;Job-TransFair gemeinnützige GmbH;Nimmt an der BauKarussell-Genossenschaft teil.;Mitgliedschaft;ja;;
Österreich;BauKarussell;←;pulswerk GmbH;Nimmt an der BauKarussell-Genossenschaft teil.;Mitgliedschaft;ja;;BauKarussell und pulswerk GmbH bildeten gemeinsam das BauKarussell-Projektteam.
Österreich;Re-Use Austria;→;Ferry-Dusika-Stadion Rückbau;Führte den Rückbau des Ferry-Dusika-Stadions aus.;Rückbau;ja;;
Österreich;Ferry-Dusika-Stadion Rückbau;←;Job-TransFair gemeinnützige GmbH;"War an Ferry-Dusika-Stadion beteiligt; Aufgabe offen.";Projektbeteiligung, Aufgabe unklar;ja;;
Österreich;Ferry-Dusika-Stadion Rückbau;←;pulswerk GmbH;Führte den Rückbau des Ferry-Dusika-Stadions aus.;Rückbau;ja;;
Österreich;Ferry-Dusika-Stadion Rückbau;←;WSE Wiener Standortentwicklung GmbH;Übernahm das Projektmanagement des Stadionrückbaus.;Projektsteuerung;ja;;
Österreich;Wiener Aufzugmus.;—;BauKarussell;Keine Quelle belegt eine direkte Verbindung.;Kein Beleg für eine Beziehung;;ja;
Österreich;BauKarussell;←;ATP sustain GmbH;Nimmt an der BauKarussell-Genossenschaft teil.;Mitgliedschaft;;;
Österreich;BauKarussell;←;Gesa – Gemeinnützige Sanierungs- und Beschäftigungs GmbH;Nimmt an der BauKarussell-Genossenschaft teil.;Mitgliedschaft;;;
Österreich;BauKarussell;←;Volkshilfe Wien;Nimmt an der BauKarussell-Genossenschaft teil.;Mitgliedschaft;;;
Österreich;BauKarussell;—;Drees & Sommer (Österreich);Keine Quelle belegt eine direkte Verbindung.;Kein Beleg für eine Beziehung;;ja;
Österreich;BauKarussell;—;IBO – Österr. Institut für Bauen und Ökologie (BuildReUse);Arbeiteten im BuildReUse-Verbund zusammen.;Konsortialpartner;;;Beide arbeiteten im Forschungsprojekt BuildReUse zusammen.
Österreich;Ökologie-Institut;—;ATP sustain GmbH;Arbeiteten im BuildReUse-Verbund zusammen.;Konsortialpartner;;;Beide waren Projektpartner im Forschungsprojekt BuildReUse.
Österreich;Ökologie-Institut;—;IBO – Österr. Institut für Bauen und Ökologie (BuildReUse);Arbeiteten im BuildReUse-Verbund zusammen.;Konsortialpartner;;;
Österreich;Romm ZT;→;Ferry-Dusika-Stadion Rückbau;Führte den Rückbau des Ferry-Dusika-Stadions aus.;Rückbau;;;
Österreich;ATP sustain GmbH;—;Madaster Austria GmbH;Schlossen eine Partnerschaft für Madaster Austria.;Kooperationsvereinbarung;;;ATP sustain ist formaler Partner von Madaster Austria.
Österreich;Ferry-Dusika-Stadion Rückbau;←;Schindel und Holz;Führte den Rückbau des Ferry-Dusika-Stadions aus.;Rückbau;;;
Österreich;Ferry-Dusika-Stadion Rückbau;—;TEAWork;Keine Quelle belegt eine direkte Verbindung.;Kein Beleg für eine Beziehung;;ja;
Österreich;Ferry-Dusika-Stadion Rückbau;←;Verein ISSBA;Führte den Rückbau des Ferry-Dusika-Stadions aus.;Rückbau;;;
Österreich;Ferry-Dusika-Stadion Rückbau;←;Volkshilfe Wien;"War an Ferry-Dusika-Stadion beteiligt; Aufgabe offen.";Projektbeteiligung, Aufgabe unklar;;;
Österreich;Drees & Sommer (Österreich);—;Madaster Austria GmbH;Keine Quelle belegt eine direkte Verbindung.;Kein Beleg für eine Beziehung;;ja;
