label,node_count,distinct_property_keys,property_keys
Akteur,679,40,_archive; actor_registry_loader_seen; actor_registry_order; akteur_kontext_text; aliases; candidate_source_count; candidate_source_status; candidate_source_urls; id; invalid_candidate_source_urls; land; migration_origin; name; name_full; primary_source_url; raw_role_evidence; repair_phase; repaired_at; reuse_relevanz_text; review_run; review_status; source_count; source_file; source_freshness_summary; source_quality_summary; source_resolution_status; source_scope; source_trace_migrated_at; source_trace_migration; source_trust_score; source_url; source_url_node_ids; source_urls; source_urls_updated_at; strict_candidate_url_array_cleanup; strict_candidate_url_array_cleanup_at; strict_invalid_url_cleanup; strict_invalid_url_cleanup_at; strict_source_url_cleanup; strict_source_url_cleanup_at
Akteurrolle,24,7,aliases; id; migration_origin; name; scope_note; source_scope; source_urls_updated_at
Akteurtyp,10,6,aliases; id; migration_origin; name; source_scope; source_urls_updated_at
Akzeptanz,7,7,id; migration_origin; name; name_full; scope_note; source_scope; source_urls_updated_at
Aufbereitungsverfahren,62,16,candidate_source_count; candidate_source_status; candidate_source_urls; created_by; id; is_parent_category; last_seen_by; migration_origin; name; review_status; scope_note; source_resolution_status; source_scope; source_urls_updated_at; strict_source_url_cleanup; strict_source_url_cleanup_at
BauaufgabeIntervention,10,5,id; migration_origin; name; source_scope; source_urls_updated_at
Bauobjektklasse,8,5,id; migration_origin; name; source_scope; source_urls_updated_at
Bauobjektrolle,6,5,id; migration_origin; name; source_scope; source_urls_updated_at
Bauproduktstatus,15,7,id; migration_origin; name; name_full; scope_note; source_scope; source_urls_updated_at
Bausystem,9,6,definition; id; migration_origin; name; source_scope; source_urls_updated_at
Bauteilebene,6,5,id; migration_origin; name; source_scope; source_urls_updated_at
Bauteilgruppe,369,40,_archive; alte_funktion; bg_kind; candidate_source_count; candidate_source_status; candidate_source_urls; direct_reuse_relevant; donor_resolution_status; donor_unknown; huelle; id; invalid_candidate_source_urls; menge_kg; menge_m; menge_m2; menge_original_key; menge_source; menge_stueck; menge_t; menge_unbekannt; migration_origin; name; name_full; neue_funktion; primary_bauteiltyp_id; primary_material_id; raeumlich; reuse_status; review_status; source_resolution_status; source_scope; source_trace_migrated_at; source_trace_migration; source_urls_updated_at; strict_candidate_url_array_cleanup; strict_candidate_url_array_cleanup_at; strict_source_url_cleanup; strict_source_url_cleanup_at; technisch; tragend
Bauteiltyp,23,19,brand_layer; candidate_source_count; candidate_source_status; candidate_source_urls; created_by; id; last_seen_by; migration_origin; name; name_full; review_status; scope_note; source_resolution_status; source_scope; source_trace_migrated_at; source_trace_migration; source_urls_updated_at; strict_source_url_cleanup; strict_source_url_cleanup_at
Bauweise,6,5,id; migration_origin; name; source_scope; source_urls_updated_at
Bauwerk,186,27,_archive; baujahr; candidate_source_count; candidate_source_status; candidate_source_urls; era_unknown; flaeche_m2; id; invalid_candidate_source_urls; land; migration_origin; name; name_full; nutzung_text; review_status; source_freshness_summary; source_quality_summary; source_resolution_status; source_scope; source_trace_migrated_at; source_trace_migration; source_trust_score; source_urls_updated_at; strict_candidate_url_array_cleanup; strict_candidate_url_array_cleanup_at; strict_source_url_cleanup; strict_source_url_cleanup_at
BauwerkEra,6,8,id; migration_origin; name; notes; source_scope; source_urls_updated_at; year_from; year_to
Beschaffungsweg,10,8,beschreibung; datenqualitaet; id; migration_origin; name; review_status; source_scope; source_urls_updated_at
DataIssue,29061,31,candidate_source_count; created_at; description; detected_at; end_id; evidence_excerpt_preview; evidence_origin; evidence_source_id; found_at; found_by; id; invalid_source_url; kind; legacy_rel_element_id; message; migration_origin; ref_id; ref_label; ref_labels; rel_element_id; rel_type; resolution_note; review_status; severity; source_scope; source_trace_migration; start_id; status; subject_id; subject_label; url
Defekt,10,7,id; migration_origin; name; name_full; scope_note; source_scope; source_urls_updated_at
DeprecatedType,13,11,deprecated_at; deprecated_by; evidence_basis; evidence_confidence; evidence_origin; id; kind; migration_origin; new_name; old_name; reason
Dossier,100,35,_archive; _created_at; _created_by; access_date; aliases; candidate_source_count; candidate_source_status; candidate_source_urls; id; invalid_candidate_source_urls; migration_origin; name; primary_source_url; quelltyp; review_status; source_count; source_file; source_resolution_status; source_scope; source_trace_migrated_at; source_trace_migration; source_url; source_url_node_ids; source_urls; strict_candidate_url_array_cleanup; strict_candidate_url_array_cleanup_at; strict_invalid_url_cleanup; strict_invalid_url_cleanup_at; strict_source_url_cleanup; strict_source_url_cleanup_at; text_content_chars_pre_strip; text_content_loaded_at; text_content_retry_attempted_at; text_content_retry_result; text_content_stripped_at
DossierEntityTarget,2591,14,created_at_utc; entity_type; entity_value; entity_value_norm; exact_match_candidate_ids; exact_match_label; exact_match_node_id; id; migration_origin; name; review_status; source_scope; unfolding_kind; unfolding_origin
ExternalLink,5026,61,_archive; _created_at; _created_by; actor_registry_loader_seen; also_in_dossier; also_in_edge; also_in_node; also_in_research; created_by; evidence_basis; evidence_confidence; evidence_origin; evidence_source_id; extracted_at; first_seen_in_dossier; first_seen_in_research; id; invalid_candidate_source_urls; invalid_source_url; last_seen_by; migration_origin; name; primary_source_url; quelltyp; source_count; source_file; source_resolution_status; source_scope; source_trace_migrated_at; source_trace_migration; source_url; source_url_node_ids; source_urls; strict_invalid_url_cleanup; strict_invalid_url_cleanup_at; strict_node_url_array_cleanup; strict_node_url_array_cleanup_at; strict_source_url_cleanup; strict_source_url_cleanup_at; title; url; url_body_cache_format; url_body_cache_path; url_body_md5; url_content_length_bytes; url_content_type; url_final_url; url_http_code; url_last_checked_at; url_last_modified_header; url_origin; url_probe_attempts; url_probe_duration_ms; url_redirect_chain; url_response_headers; url_server_header; url_status; url_user_agent; url_wayback_attempted; url_wayback_snapshot; url_wayback_timestamp
Funktionswechsel,6,5,id; migration_origin; name; source_scope; source_urls_updated_at
Geltungsbereich,6,11,evidence_basis; evidence_confidence; evidence_origin; evidence_source_id; id; migration_origin; name; scope_note; scope_system; scope_type; source_scope
Huerde,28,9,id; migration_origin; name; review_status; source_resolution_status; source_scope; source_trace_migrated_at; source_trace_migration; source_urls_updated_at
HuerdeKategorie,10,5,id; migration_origin; name; source_scope; source_urls_updated_at
Kennwert,258,34,bilanzgrenze; candidate_source_count; candidate_source_status; candidate_source_urls; category; einheit; fact_index; id; invalid_candidate_source_urls; kennwert; loader; method; migration_origin; primary_source_url; raw_property; review_status; source_count; source_id; source_resolution_status; source_scope; source_trace_migrated_at; source_trace_migration; source_urls; source_urls_updated_at; strict_candidate_url_array_cleanup; strict_candidate_url_array_cleanup_at; strict_invalid_url_cleanup; strict_invalid_url_cleanup_at; strict_source_url_cleanup; strict_source_url_cleanup_at; wert; wert_max; wert_min; wert_text
LCAModule,5,11,en15978_code; evidence_basis; evidence_confidence; evidence_origin; evidence_source_id; id; migration_origin; name; scope_note; source_scope; source_urls_updated_at
Land,16,12,actor_registry_loader_seen; aliases; asbest_neshap_year; asbest_note; asbest_verbot_jahr; country_iso; country_iso2; id; kmf_grenzwert_jahr; name; pcb_verbot_jahr; source_scope
Layer,6,10,brand_position; evidence_basis; evidence_confidence; evidence_origin; evidence_source_id; id; migration_origin; name; source_scope; source_urls_updated_at
Leistungsanforderung,46,21,aliases; archive_mentioned_in_corpus; archive_mentions; candidate_source_count; candidate_source_status; candidate_source_urls; classified_at; created_by; id; last_seen_by; migration_origin; name; not_yet_referenced_in_corpus; review_status; scope; source_resolution_status; source_scope; source_urls_updated_at; strict_source_url_cleanup; strict_source_url_cleanup_at; topic
Logistik,10,5,id; migration_origin; name; source_scope; source_urls_updated_at
Marktmodell,11,7,id; migration_origin; name; name_full; scope_note; source_scope; source_urls_updated_at
MatchingQualitaet,9,7,id; migration_origin; name; name_full; scope_note; source_scope; source_urls_updated_at
Material,26,22,aliases; archive_mentioned_in_corpus; archive_mentions; candidate_source_count; candidate_source_status; candidate_source_urls; created_by; id; last_seen_by; migration_origin; name; name_full; note; review_status; scope_note; source_resolution_status; source_scope; source_trace_migrated_at; source_trace_migration; source_urls_updated_at; strict_source_url_cleanup; strict_source_url_cleanup_at
Materialdepot,23,22,_archive; candidate_source_count; candidate_source_status; candidate_source_urls; era_unknown; flaeche_m2; id; invalid_candidate_source_urls; is_material_depot; land; migration_origin; name; name_full; nutzung_text; review_status; source_resolution_status; source_scope; source_urls_updated_at; strict_candidate_url_array_cleanup; strict_candidate_url_array_cleanup_at; strict_source_url_cleanup; strict_source_url_cleanup_at
Materialgruppe,11,7,id; migration_origin; name; name_full; scope_note; source_scope; source_urls_updated_at
Methode,13,9,id; migration_origin; name; review_status; source_resolution_status; source_scope; source_trace_migrated_at; source_trace_migration; source_urls_updated_at
Norm,103,34,aliases; candidate_source_count; candidate_source_status; candidate_source_urls; classified_at; country_short; definition; evidence_basis; evidence_confidence; evidence_origin; evidence_source_id; id; invalid_candidate_source_urls; migration_origin; name; name_full; not_yet_referenced_in_corpus; note; repair_phase; repaired_at; review_status; scope; scope_note; source_resolution_status; source_scope; source_trace_migrated_at; source_trace_migration; source_urls_updated_at; standards_body; strict_candidate_url_array_cleanup; strict_candidate_url_array_cleanup_at; strict_source_url_cleanup; strict_source_url_cleanup_at; topic
Nutzung,9,5,id; migration_origin; name; source_scope; source_urls_updated_at
OntologyAnchor,2,16,access_date; actor_registry_loader_seen; hinweis; id; name; name_full; primary_source_url; quelltyp; source_count; source_file; source_resolution_status; source_scope; source_trace_migrated_at; source_trace_migration; source_url_node_ids; source_urls
Programm,29,68,_archive; actor_registry_loader_seen; actor_registry_mentioned; aliases; candidate_source_count; candidate_source_status; candidate_source_urls; classified_at; classified_reason; co2_facts; cost_facts; end_year; eu_contribution_eur; eu_funding_programme; evidence_basis; evidence_confidence; evidence_origin; funding_amount_eur; funding_programme; funding_source; grant_agreement_reference; host_institution; id; import_status; invalid_candidate_source_urls; lead_organisation; migration_origin; name; name_full; needs_dossier_extraction; needs_project_file; node_role; note; original_label; primary_source_url; project_category; quality_tier; quality_tier_computed_by; quality_tier_has_components; quality_tier_has_evidence; quality_tier_has_land; quality_tier_has_metric; quality_tier_has_year; quality_tier_n_bg; quality_tier_n_bg_quantified; quality_tier_n_curated_evidence; reuse_share_facts; review_status; scope_note; short_description; source_count; source_resolution_status; source_scope; source_trace_migrated_at; source_trace_migration; source_urls; source_urls_updated_at; start_year; status; strict_candidate_url_array_cleanup; strict_candidate_url_array_cleanup_at; strict_invalid_url_cleanup; strict_invalid_url_cleanup_at; strict_source_url_cleanup; strict_source_url_cleanup_at; type; usage_countries; usage_project_count
Projekt,101,46,_archive; actor_registry_loader_seen; actor_registry_mentioned; area_m2_gross; area_m2_range_max; area_m2_range_min; bewertung; candidate_source_count; candidate_source_status; candidate_source_urls; co2_facts; cost_facts; id; invalid_candidate_source_urls; migration_origin; name; name_full; node_role; nutzung_text; primary_source_url; project_category; projektstatus_text; quality_tier; quality_tier_facts; raw_year_fields; reuse_share_facts; review_status; source_count; source_freshness_summary; source_quality_summary; source_resolution_status; source_scope; source_trace_migrated_at; source_trace_migration; source_trust_score; source_url; source_url_node_ids; source_urls; source_urls_updated_at; strict_candidate_url_array_cleanup; strict_candidate_url_array_cleanup_at; strict_invalid_url_cleanup; strict_invalid_url_cleanup_at; strict_source_url_cleanup; strict_source_url_cleanup_at; year_completed
Prozessphase,10,5,id; migration_origin; name; source_scope; source_urls_updated_at
PruefungNachweis,120,22,archive_mentioned_in_corpus; archive_mentions; candidate_source_count; candidate_source_status; candidate_source_urls; created_by; id; last_seen_by; migration_origin; name; primary_source_url; review_status; scope_note; source_count; source_resolution_status; source_scope; source_urls; source_urls_updated_at; strict_invalid_url_cleanup; strict_invalid_url_cleanup_at; strict_source_url_cleanup; strict_source_url_cleanup_at
Quelle,5343,86,_archive; _created_at; _created_by; access_date; actor_registry_loader_seen; aliases; also_in_dossier; also_in_edge; also_in_node; also_in_research; candidate_source_count; candidate_source_status; candidate_source_urls; created_at; created_by; demoted_legal_condition_ids; demoted_legal_condition_records; evidence_basis; evidence_confidence; evidence_origin; evidence_source_id; extracted_at; first_seen_in_dossier; first_seen_in_research; id; invalid_candidate_source_urls; invalid_source_url; last_seen_by; legal_condition_demoted_at; legal_condition_demoted_by; legal_condition_evidence_basis; legal_condition_evidence_confidence; legal_condition_evidence_origin; legal_condition_evidence_source_ids; legal_condition_ids; legal_condition_source_edge_ids; legal_conditions; migration_origin; name; primary_source_url; quelltyp; review_status; source_count; source_file; source_resolution_status; source_scope; source_trace_migrated_at; source_trace_migration; source_url; source_url_node_ids; source_urls; strict_candidate_url_array_cleanup; strict_candidate_url_array_cleanup_at; strict_invalid_url_cleanup; strict_invalid_url_cleanup_at; strict_node_url_array_cleanup; strict_node_url_array_cleanup_at; strict_source_url_cleanup; strict_source_url_cleanup_at; text_content_chars_pre_strip; text_content_loaded_at; text_content_retry_attempted_at; text_content_retry_result; text_content_stripped_at; title; url; url_body_cache_format; url_body_cache_path; url_body_md5; url_content_length_bytes; url_content_type; url_final_url; url_http_code; url_last_checked_at; url_last_modified_header; url_origin; url_probe_attempts; url_probe_duration_ms; url_redirect_chain; url_response_headers; url_server_header; url_status; url_user_agent; url_wayback_attempted; url_wayback_snapshot; url_wayback_timestamp
RechtlicheBedingung,14,15,evidence_basis; evidence_confidence; evidence_origin; id; is_universal; migration_origin; name; review_status; scope_note; source_resolution_status; source_scope; source_urls_updated_at; strict_source_url_cleanup; strict_source_url_cleanup_at; stub_note
ResearchDocument,403,59,candidate_source_count; candidate_source_status; candidate_source_urls; created_at; created_by; demoted_legal_condition_ids; demoted_legal_condition_records; extracted_at; id; last_seen_by; legal_condition_demoted_at; legal_condition_demoted_by; legal_condition_evidence_basis; legal_condition_evidence_confidence; legal_condition_evidence_origin; legal_condition_evidence_source_ids; legal_condition_ids; legal_condition_source_edge_ids; legal_conditions; migration_origin; name; primary_source_url; quelltyp; review_status; source_count; source_file; source_resolution_status; source_scope; source_trace_migrated_at; source_trace_migration; source_url; source_url_node_ids; source_urls; strict_invalid_url_cleanup; strict_invalid_url_cleanup_at; strict_source_url_cleanup; strict_source_url_cleanup_at; title; url; url_body_cache_format; url_body_cache_path; url_body_md5; url_content_length_bytes; url_content_type; url_final_url; url_http_code; url_last_checked_at; url_last_modified_header; url_origin; url_probe_attempts; url_probe_duration_ms; url_redirect_chain; url_response_headers; url_server_header; url_status; url_user_agent; url_wayback_attempted; url_wayback_snapshot; url_wayback_timestamp
Ressourcenquelle,16,7,beschreibung; datenqualitaet; id; migration_origin; name; source_scope; source_urls_updated_at
ReuseRule,20,36,candidate_source_count; candidate_source_status; candidate_source_urls; country_iso; country_name; evidence_basis; evidence_confidence; evidence_origin; evidence_source_id; id; key_norms; legal_conditions; material; material_id; migration_origin; name; pollutant_risks; primary_source_url; priority; processing_methods; project_cluster; rank; required_tests; source_count; source_resolution_status; source_scope; source_trace_migrated_at; source_trace_migration; source_url; source_urls; source_urls_updated_at; strict_invalid_url_cleanup; strict_invalid_url_cleanup_at; strict_source_url_cleanup; strict_source_url_cleanup_at; suggested_graph_action
Rueckbauverfahren,5,5,id; migration_origin; name; source_scope; source_urls_updated_at
Schadstoff,9,10,created_by; id; last_seen_by; migration_origin; name; scope; source_scope; source_urls_updated_at; standards_body; topic
SectionRef,641,41,_archive; _created_at; _created_by; extracted_at; id; invalid_candidate_source_urls; migration_origin; name; primary_source_url; quelltyp; source_count; source_resolution_status; source_scope; source_trace_migrated_at; source_trace_migration; source_url; source_url_node_ids; source_urls; strict_node_url_array_cleanup; strict_node_url_array_cleanup_at; url; url_body_cache_format; url_body_cache_path; url_body_md5; url_content_length_bytes; url_content_type; url_final_url; url_http_code; url_last_checked_at; url_last_modified_header; url_origin; url_probe_attempts; url_probe_duration_ms; url_redirect_chain; url_response_headers; url_server_header; url_status; url_user_agent; url_wayback_attempted; url_wayback_snapshot; url_wayback_timestamp
Software,19,20,candidate_source_count; candidate_source_status; candidate_source_urls; funktion; id; invalid_candidate_source_urls; kind; migration_origin; name; name_full; note; review_status; software_basis; source_resolution_status; source_scope; source_urls_updated_at; strict_candidate_url_array_cleanup; strict_candidate_url_array_cleanup_at; strict_source_url_cleanup; strict_source_url_cleanup_at
Stadt,76,4,aliases; id; name; source_scope
Status,9,7,aliases; id; kind; migration_origin; name; source_scope; source_urls_updated_at
Tool,8,20,candidate_source_count; candidate_source_status; candidate_source_urls; funktion; id; invalid_candidate_source_urls; kind; migration_origin; name; name_full; note; review_status; software_basis; source_resolution_status; source_scope; source_urls_updated_at; strict_candidate_url_array_cleanup; strict_candidate_url_array_cleanup_at; strict_source_url_cleanup; strict_source_url_cleanup_at
Tragwerksprinzip,4,5,id; migration_origin; name; source_scope; source_urls_updated_at
Verbindungstechnik,15,19,candidate_source_count; candidate_source_status; candidate_source_urls; created_by; id; invalid_candidate_source_urls; last_seen_by; migration_origin; name; note; review_status; scope_note; source_resolution_status; source_scope; source_urls_updated_at; strict_candidate_url_array_cleanup; strict_candidate_url_array_cleanup_at; strict_source_url_cleanup; strict_source_url_cleanup_at
WiederverwendungsArt,11,6,facet; id; migration_origin; name; source_scope; source_urls_updated_at
Wiederverwendungskette,14,21,beschaffungsweg; candidate_source_count; candidate_source_status; candidate_source_urls; distanz_km; id; invalid_candidate_source_urls; methodische_abgrenzung; migration_origin; name; name_full; prozess; review_status; source_resolution_status; source_scope; source_urls_updated_at; status; strict_candidate_url_array_cleanup; strict_candidate_url_array_cleanup_at; strict_source_url_cleanup; strict_source_url_cleanup_at
Wirtschaft,12,6,id; migration_origin; name; scope_note; source_scope; source_urls_updated_at
Zertifizierungssystem,8,15,aliases; evidence_basis; evidence_confidence; evidence_origin; evidence_source_id; id; migration_origin; name; review_status; scheme_kind; source_resolution_status; source_scope; source_urls_updated_at; strict_source_url_cleanup; strict_source_url_cleanup_at
ZustandsKlasse,6,7,id; migration_origin; name; name_full; scope_note; source_scope; source_urls_updated_at
