claim_id,claim_kind,element_id,from_id,to_id,rel_type_or_label,asserted_claim,basis_type,basis_ref,fetched,http_status,verdict_before,verdict_after,confidence,proof_quote,proposed_action,patch_op,agent_id,notes,coverage_level,graph_element_id,evidence_basis,matched_aliases,alias_score,project_anchor_hit,component_family_hit,search_tier,queries_tried
EP03-1204,rel,5:5f542910-8dcf-46a9-a77c-dfff0c64ee65:1153001768955675295,bg_metall_ausbau_medunicampus_bike_workshop,mat_stahl,NUTZT_MATERIAL,bg_metall_ausbau_medunicampus_bike_workshop -NUTZT_MATERIAL-> Stahl,web,,false,,UNSUPPORTED,UNSUPPORTED,unbelegt,,KEEP_DEFERRED,,BG-W2-01,"{""queries_tried"": 0, ""urls"": [], ""reason"": ""no_qualifying_quote""}",bg_hunt,5:5f542910-8dcf-46a9-a77c-dfff0c64ee65:1153001768955675295,,,,false,false,,0
EP03-1205,rel,5:5f542910-8dcf-46a9-a77c-dfff0c64ee65:1153001768955675296,bg_metall_ausbau_medunicampus_heavy_shelves,mat_stahl,NUTZT_MATERIAL,bg_metall_ausbau_medunicampus_heavy_shelves -NUTZT_MATERIAL-> Stahl,web,,false,,UNSUPPORTED,UNSUPPORTED,unbelegt,,KEEP_DEFERRED,,BG-W2-01,"{""queries_tried"": 0, ""urls"": [], ""reason"": ""no_qualifying_quote""}",bg_hunt,5:5f542910-8dcf-46a9-a77c-dfff0c64ee65:1153001768955675296,,,,false,false,,0
EP03-0519,rel,5:5f542910-8dcf-46a9-a77c-dfff0c64ee65:1152988574816141725,bg_stahlbeton_mehrere_mehrow_wbs70_floor_slabs,bt_dach,HAT_BAUTEILTYP,bg_stahlbeton_mehrere_mehrow_wbs70_floor_slabs -HAT_BAUTEILTYP-> Dach,web,,false,,UNSUPPORTED,UNSUPPORTED,unbelegt,,KEEP_DEFERRED,,BG-W2-01,"{""queries_tried"": 1, ""urls"": [""https://www.tagesspiegel.de/potsdam/brandenburg/plattenbau-wird-familienhaus-8009110.html""], ""reason"": ""no_qualifying_quote""}",bg_hunt,5:5f542910-8dcf-46a9-a77c-dfff0c64ee65:1152988574816141725,,,,false,false,,1
EP03-0520,rel,5:5f542910-8dcf-46a9-a77c-dfff0c64ee65:1155240374629826973,bg_stahlbeton_mehrere_mehrow_wbs70_floor_slabs,bt_decke,HAT_BAUTEILTYP,bg_stahlbeton_mehrere_mehrow_wbs70_floor_slabs -HAT_BAUTEILTYP-> Decke,web,,false,,UNSUPPORTED,UNSUPPORTED,unbelegt,,KEEP_DEFERRED,,BG-W2-01,"{""queries_tried"": 1, ""urls"": [""https://www.tagesspiegel.de/potsdam/brandenburg/plattenbau-wird-familienhaus-8009110.html""], ""reason"": ""no_qualifying_quote""}",bg_hunt,5:5f542910-8dcf-46a9-a77c-dfff0c64ee65:1155240374629826973,,,,false,false,,1
EP03-0535,rel,5:5f542910-8dcf-46a9-a77c-dfff0c64ee65:1152988574816141726,bg_stahlbeton_wand_mehrow_wbs70_slabs,bt_wand,HAT_BAUTEILTYP,bg_stahlbeton_wand_mehrow_wbs70_slabs -HAT_BAUTEILTYP-> Wand,web,,false,,UNSUPPORTED,UNSUPPORTED,unbelegt,,KEEP_DEFERRED,,BG-W2-01,"{""queries_tried"": 1, ""urls"": [""https://www.tagesspiegel.de/potsdam/brandenburg/plattenbau-wird-familienhaus-8009110.html""], ""reason"": ""no_qualifying_quote""}",bg_hunt,5:5f542910-8dcf-46a9-a77c-dfff0c64ee65:1152988574816141726,,,,false,false,,1
EP03-1285,rel,5:5f542910-8dcf-46a9-a77c-dfff0c64ee65:1153001768955675037,bg_stahlbeton_mehrere_mehrow_wbs70_floor_slabs,mat_stahlbeton,NUTZT_MATERIAL,bg_stahlbeton_mehrere_mehrow_wbs70_floor_slabs -NUTZT_MATERIAL-> Stahlbeton,web,,false,,UNSUPPORTED,UNSUPPORTED,unbelegt,,KEEP_DEFERRED,,BG-W2-01,"{""queries_tried"": 1, ""urls"": [""https://www.tagesspiegel.de/potsdam/brandenburg/plattenbau-wird-familienhaus-8009110.html""], ""reason"": ""no_qualifying_quote""}",bg_hunt,5:5f542910-8dcf-46a9-a77c-dfff0c64ee65:1153001768955675037,,,,false,false,,1
EP03-1295,rel,5:5f542910-8dcf-46a9-a77c-dfff0c64ee65:1153001768955675038,bg_stahlbeton_wand_mehrow_wbs70_slabs,mat_stahlbeton,NUTZT_MATERIAL,bg_stahlbeton_wand_mehrow_wbs70_slabs -NUTZT_MATERIAL-> Stahlbeton,web,,false,,UNSUPPORTED,UNSUPPORTED,unbelegt,,KEEP_DEFERRED,,BG-W2-01,"{""queries_tried"": 1, ""urls"": [""https://www.tagesspiegel.de/potsdam/brandenburg/plattenbau-wird-familienhaus-8009110.html""], ""reason"": ""no_qualifying_quote""}",bg_hunt,5:5f542910-8dcf-46a9-a77c-dfff0c64ee65:1153001768955675038,,,,false,false,,1
EP03-0521,rel,5:5f542910-8dcf-46a9-a77c-dfff0c64ee65:1152988574816141727,bg_stahlbeton_mehrere_melkinlaituri_hollow_core_slabs,bt_boden,HAT_BAUTEILTYP,bg_stahlbeton_mehrere_melkinlaituri_hollow_core_slabs -HAT_BAUTEILTYP-> Boden,web,,false,,UNSUPPORTED,UNSUPPORTED,unbelegt,,KEEP_DEFERRED,,BG-W2-01,"{""queries_tried"": 2, ""urls"": [""https://verstasarkkitehdit.fi/projects/melkinlaituri-school-and-daycare-centre/""], ""reason"": ""no_qualifying_quote""}",bg_hunt,5:5f542910-8dcf-46a9-a77c-dfff0c64ee65:1152988574816141727,,,,false,false,,2
EP03-0522,rel,5:5f542910-8dcf-46a9-a77c-dfff0c64ee65:1155240374629826975,bg_stahlbeton_mehrere_melkinlaituri_hollow_core_slabs,bt_decke,HAT_BAUTEILTYP,bg_stahlbeton_mehrere_melkinlaituri_hollow_core_slabs -HAT_BAUTEILTYP-> Decke,web,,false,,UNSUPPORTED,UNSUPPORTED,unbelegt,,KEEP_DEFERRED,,BG-W2-01,"{""queries_tried"": 2, ""urls"": [""https://verstasarkkitehdit.fi/projects/melkinlaituri-school-and-daycare-centre/""], ""reason"": ""no_qualifying_quote""}",bg_hunt,5:5f542910-8dcf-46a9-a77c-dfff0c64ee65:1155240374629826975,,,,false,false,,2
EP03-1286,rel,5:5f542910-8dcf-46a9-a77c-dfff0c64ee65:1153001768955675039,bg_stahlbeton_mehrere_melkinlaituri_hollow_core_slabs,mat_stahlbeton,NUTZT_MATERIAL,bg_stahlbeton_mehrere_melkinlaituri_hollow_core_slabs -NUTZT_MATERIAL-> Stahlbeton,web,,false,,UNSUPPORTED,UNSUPPORTED,unbelegt,,KEEP_DEFERRED,,BG-W2-01,"{""queries_tried"": 2, ""urls"": [""https://verstasarkkitehdit.fi/projects/melkinlaituri-school-and-daycare-centre/""], ""reason"": ""no_qualifying_quote""}",bg_hunt,5:5f542910-8dcf-46a9-a77c-dfff0c64ee65:1153001768955675039,,,,false,false,,2
EP03-0404,rel,5:5f542910-8dcf-46a9-a77c-dfff0c64ee65:1152988574816141738,bg_naturstein_boden_multi_granite_natural_tiles,bt_boden,HAT_BAUTEILTYP,bg_naturstein_boden_multi_granite_natural_tiles -HAT_BAUTEILTYP-> Boden,web,https://www.multibrussels.eu/,true,200,UNSUPPORTED,PARTIAL,niedrig,View on google maps Chapter 02 ABOUT MULTI The building Lobby Office +/- 44.000 SQM spread over 18 floors Multiple meeting centres Workplace for over 2000 people Restaurant with terrace Public parking for 527 vehicles Spectacular views On top of the piétonnier Work café for a coffee or after work dr,KEEP,,BG-W2-01,"{""matched_aliases"": [""Multi"", ""floor""], ""score"": 9, ""tier"": ""secondary""}",bg_hunt,5:5f542910-8dcf-46a9-a77c-dfff0c64ee65:1152988574816141738,bg_hunt_alias_match,Multi;floor,9,true,true,secondary,2
EP03-0407,rel,5:5f542910-8dcf-46a9-a77c-dfff0c64ee65:1152988574816141737,bg_naturstein_mehrere_multi_blaustein_facade_slabs,bt_boden,HAT_BAUTEILTYP,bg_naturstein_mehrere_multi_blaustein_facade_slabs -HAT_BAUTEILTYP-> Boden,web,https://www.multibrussels.eu/,true,200,UNSUPPORTED,PARTIAL,niedrig,View on google maps Chapter 02 ABOUT MULTI The building Lobby Office +/- 44.000 SQM spread over 18 floors Multiple meeting centres Workplace for over 2000 people Restaurant with terrace Public parking for 527 vehicles Spectacular views On top of the piétonnier Work café for a coffee or after work dr,KEEP,,BG-W2-01,"{""matched_aliases"": [""Multi"", ""floor""], ""score"": 6, ""tier"": ""secondary""}",bg_hunt,5:5f542910-8dcf-46a9-a77c-dfff0c64ee65:1152988574816141737,bg_hunt_alias_match,Multi;floor,6,true,false,secondary,1
EP03-0408,rel,5:5f542910-8dcf-46a9-a77c-dfff0c64ee65:1155240374629826985,bg_naturstein_mehrere_multi_blaustein_facade_slabs,bt_fassade,HAT_BAUTEILTYP,bg_naturstein_mehrere_multi_blaustein_facade_slabs -HAT_BAUTEILTYP-> Fassade,web,,false,,UNSUPPORTED,UNSUPPORTED,unbelegt,,KEEP_DEFERRED,,BG-W2-01,"{""queries_tried"": 1, ""urls"": [""https://www.multibrussels.eu/""], ""reason"": ""no_qualifying_quote""}",bg_hunt,5:5f542910-8dcf-46a9-a77c-dfff0c64ee65:1155240374629826985,,,,false,false,,1
EP03-0409,rel,5:5f542910-8dcf-46a9-a77c-dfff0c64ee65:1157492174443512233,bg_naturstein_mehrere_multi_blaustein_facade_slabs,bt_wand,HAT_BAUTEILTYP,bg_naturstein_mehrere_multi_blaustein_facade_slabs -HAT_BAUTEILTYP-> Wand,web,,false,,UNSUPPORTED,UNSUPPORTED,unbelegt,,KEEP_DEFERRED,,BG-W2-01,"{""queries_tried"": 1, ""urls"": [""https://www.multibrussels.eu/""], ""reason"": ""no_qualifying_quote""}",bg_hunt,5:5f542910-8dcf-46a9-a77c-dfff0c64ee65:1157492174443512233,,,,false,false,,1
EP03-0489,rel,5:5f542910-8dcf-46a9-a77c-dfff0c64ee65:1152988574816141739,bg_stahl_technik_multi_reinstalled_elevator_motors,bt_technik,HAT_BAUTEILTYP,bg_stahl_technik_multi_reinstalled_elevator_motors -HAT_BAUTEILTYP-> Technik,web,,false,,UNSUPPORTED,UNSUPPORTED,unbelegt,,KEEP_DEFERRED,,BG-W2-01,"{""queries_tried"": 1, ""urls"": [""https://www.multibrussels.eu/""], ""reason"": ""no_qualifying_quote""}",bg_hunt,5:5f542910-8dcf-46a9-a77c-dfff0c64ee65:1152988574816141739,,,,false,false,,1
EP03-1214,rel,5:5f542910-8dcf-46a9-a77c-dfff0c64ee65:1153001768955675050,bg_naturstein_boden_multi_granite_natural_tiles,mat_naturstein,NUTZT_MATERIAL,bg_naturstein_boden_multi_granite_natural_tiles -NUTZT_MATERIAL-> Naturstein,web,https://www.multibrussels.eu/,true,200,UNSUPPORTED,PARTIAL,niedrig,View on google maps Chapter 02 ABOUT MULTI The building Lobby Office +/- 44.000 SQM spread over 18 floors Multiple meeting centres Workplace for over 2000 people Restaurant with terrace Public parking for 527 vehicles Spectacular views On top of the piétonnier Work café for a coffee or after work dr,KEEP,,BG-W2-01,"{""matched_aliases"": [""Multi"", ""floor""], ""score"": 7, ""tier"": ""secondary""}",bg_hunt,5:5f542910-8dcf-46a9-a77c-dfff0c64ee65:1153001768955675050,bg_hunt_alias_match,Multi;floor,7,true,true,secondary,2
EP03-1216,rel,5:5f542910-8dcf-46a9-a77c-dfff0c64ee65:1153001768955675049,bg_naturstein_mehrere_multi_blaustein_facade_slabs,mat_naturstein,NUTZT_MATERIAL,bg_naturstein_mehrere_multi_blaustein_facade_slabs -NUTZT_MATERIAL-> Naturstein,web,,false,,UNSUPPORTED,UNSUPPORTED,unbelegt,,KEEP_DEFERRED,,BG-W2-01,"{""queries_tried"": 1, ""urls"": [""https://www.multibrussels.eu/""], ""reason"": ""no_qualifying_quote""}",bg_hunt,5:5f542910-8dcf-46a9-a77c-dfff0c64ee65:1153001768955675049,,,,false,false,,1
EP03-1261,rel,5:5f542910-8dcf-46a9-a77c-dfff0c64ee65:1153001768955675051,bg_stahl_technik_multi_reinstalled_elevator_motors,mat_stahl,NUTZT_MATERIAL,bg_stahl_technik_multi_reinstalled_elevator_motors -NUTZT_MATERIAL-> Stahl,web,,false,,UNSUPPORTED,UNSUPPORTED,unbelegt,,KEEP_DEFERRED,,BG-W2-01,"{""queries_tried"": 1, ""urls"": [""https://www.multibrussels.eu/""], ""reason"": ""no_qualifying_quote""}",bg_hunt,5:5f542910-8dcf-46a9-a77c-dfff0c64ee65:1153001768955675051,,,,false,false,,1
EP03-0560,rel,5:5f542910-8dcf-46a9-a77c-dfff0c64ee65:1152988574816141740,bg_ziegel_mehrere_musef_facade,bt_fassade,HAT_BAUTEILTYP,bg_ziegel_mehrere_musef_facade -HAT_BAUTEILTYP-> Fassade,web,,false,,UNSUPPORTED,UNSUPPORTED,unbelegt,,KEEP_DEFERRED,,BG-W2-01,"{""queries_tried"": 1, ""urls"": [], ""reason"": ""no_qualifying_quote""}",bg_hunt,5:5f542910-8dcf-46a9-a77c-dfff0c64ee65:1152988574816141740,,,,false,false,,1
EP03-0561,rel,5:5f542910-8dcf-46a9-a77c-dfff0c64ee65:1155240374629826988,bg_ziegel_mehrere_musef_facade,bt_wand,HAT_BAUTEILTYP,bg_ziegel_mehrere_musef_facade -HAT_BAUTEILTYP-> Wand,web,,false,,UNSUPPORTED,UNSUPPORTED,unbelegt,,KEEP_DEFERRED,,BG-W2-01,"{""queries_tried"": 1, ""urls"": [], ""reason"": ""no_qualifying_quote""}",bg_hunt,5:5f542910-8dcf-46a9-a77c-dfff0c64ee65:1155240374629826988,,,,false,false,,1
EP03-1310,rel,5:5f542910-8dcf-46a9-a77c-dfff0c64ee65:1153001768955675052,bg_ziegel_mehrere_musef_facade,mat_ziegel,NUTZT_MATERIAL,bg_ziegel_mehrere_musef_facade -NUTZT_MATERIAL-> Ziegel,web,,false,,UNSUPPORTED,UNSUPPORTED,unbelegt,,KEEP_DEFERRED,,BG-W2-01,"{""queries_tried"": 1, ""urls"": [], ""reason"": ""no_qualifying_quote""}",bg_hunt,5:5f542910-8dcf-46a9-a77c-dfff0c64ee65:1153001768955675052,,,,false,false,,1
EP03-0108,rel,5:5f542910-8dcf-46a9-a77c-dfff0c64ee65:1152988574816141742,bg_beton_fundament_peoples_pavilion_elements,bt_fundament,HAT_BAUTEILTYP,bg_beton_fundament_peoples_pavilion_elements -HAT_BAUTEILTYP-> Fundament,web,,false,,UNSUPPORTED,UNSUPPORTED,hoch,,KEEP_DEFERRED,,BG-W2-01,"{""queries_tried"": 2, ""urls"": [""https://overtredersw.nl/projects/peoples-pavilion""], ""reason"": ""no_qualifying_quote""}",bg_hunt,5:5f542910-8dcf-46a9-a77c-dfff0c64ee65:1152988574816141742,,,,false,false,,2
EP03-0143,rel,5:5f542910-8dcf-46a9-a77c-dfff0c64ee65:1152988574816141743,bg_glas_dach_peoples_pavilion,bt_dach,HAT_BAUTEILTYP,bg_glas_dach_peoples_pavilion -HAT_BAUTEILTYP-> Dach,web,,false,,UNSUPPORTED,UNSUPPORTED,hoch,,KEEP_DEFERRED,,BG-W2-01,"{""queries_tried"": 2, ""urls"": [""https://overtredersw.nl/projects/peoples-pavilion""], ""reason"": ""no_qualifying_quote""}",bg_hunt,5:5f542910-8dcf-46a9-a77c-dfff0c64ee65:1152988574816141743,,,,false,false,,2
EP03-0237,rel,5:5f542910-8dcf-46a9-a77c-dfff0c64ee65:1152988574816141745,bg_holz_traeger_peoples_pavilion,bt_traeger,HAT_BAUTEILTYP,bg_holz_traeger_peoples_pavilion -HAT_BAUTEILTYP-> Traeger,web,,false,,UNSUPPORTED,UNSUPPORTED,hoch,,KEEP_DEFERRED,,BG-W2-01,"{""queries_tried"": 2, ""urls"": [""https://overtredersw.nl/projects/peoples-pavilion""], ""reason"": ""no_qualifying_quote""}",bg_hunt,5:5f542910-8dcf-46a9-a77c-dfff0c64ee65:1152988574816141745,,,,false,false,,2
EP03-0263,rel,5:5f542910-8dcf-46a9-a77c-dfff0c64ee65:1152988574816141744,bg_kunststoff_fassade_peoples_pavilion_pretty_plastic_shingles,bt_fassade,HAT_BAUTEILTYP,bg_kunststoff_fassade_peoples_pavilion_pretty_plastic_shingles -HAT_BAUTEILTYP-> Fassade,web,E:\recherche\_neo4j\processed\projects\records\p_peoples_pavilion_eindhoven.kg.jsonl,true,local,UNSUPPORTED,PARTIAL,niedrig,Pretty Plastic Schindeln aus Haushaltskunststoff,KEEP,,BG-W2-01,"{""matched_aliases"": [""Pretty"", ""pretty"", ""plastic""], ""score"": 9, ""tier"": ""primary"", ""source"": ""dossier_partial""}",bg_hunt,5:5f542910-8dcf-46a9-a77c-dfff0c64ee65:1152988574816141744,dossier,Pretty;pretty;plastic,9,true,true,primary,1
EP03-0282,rel,5:5f542910-8dcf-46a9-a77c-dfff0c64ee65:1152988574816141741,bg_mehrere_fassade_peoples_pavilion_borrowed_elements,bt_fassade,HAT_BAUTEILTYP,bg_mehrere_fassade_peoples_pavilion_borrowed_elements -HAT_BAUTEILTYP-> Fassade,web,,false,,UNSUPPORTED,UNSUPPORTED,unbelegt,,KEEP_DEFERRED,,BG-W2-01,"{""queries_tried"": 2, ""urls"": [""https://overtredersw.nl/projects/peoples-pavilion""], ""reason"": ""no_qualifying_quote""}",bg_hunt,5:5f542910-8dcf-46a9-a77c-dfff0c64ee65:1152988574816141741,,,,false,false,,2
EP03-0931,rel,5:5f542910-8dcf-46a9-a77c-dfff0c64ee65:1153001768955675054,bg_beton_fundament_peoples_pavilion_elements,mat_beton,NUTZT_MATERIAL,bg_beton_fundament_peoples_pavilion_elements -NUTZT_MATERIAL-> Beton,web,,false,,UNSUPPORTED,UNSUPPORTED,unbelegt,,KEEP_DEFERRED,,BG-W2-01,"{""queries_tried"": 2, ""urls"": [""https://overtredersw.nl/projects/peoples-pavilion""], ""reason"": ""no_qualifying_quote""}",bg_hunt,5:5f542910-8dcf-46a9-a77c-dfff0c64ee65:1153001768955675054,,,,false,false,,2
EP03-0958,rel,5:5f542910-8dcf-46a9-a77c-dfff0c64ee65:1153001768955675055,bg_glas_dach_peoples_pavilion,mat_glas,NUTZT_MATERIAL,bg_glas_dach_peoples_pavilion -NUTZT_MATERIAL-> Glas,web,,false,,UNSUPPORTED,UNSUPPORTED,unbelegt,,KEEP_DEFERRED,,BG-W2-01,"{""queries_tried"": 2, ""urls"": [""https://overtredersw.nl/projects/peoples-pavilion""], ""reason"": ""no_qualifying_quote""}",bg_hunt,5:5f542910-8dcf-46a9-a77c-dfff0c64ee65:1153001768955675055,,,,false,false,,2
EP03-1024,rel,5:5f542910-8dcf-46a9-a77c-dfff0c64ee65:1153001768955675057,bg_holz_traeger_peoples_pavilion,mat_holz,NUTZT_MATERIAL,bg_holz_traeger_peoples_pavilion -NUTZT_MATERIAL-> Holz,web,,false,,UNSUPPORTED,UNSUPPORTED,unbelegt,,KEEP_DEFERRED,,BG-W2-01,"{""queries_tried"": 2, ""urls"": [""https://overtredersw.nl/projects/peoples-pavilion""], ""reason"": ""no_qualifying_quote""}",bg_hunt,5:5f542910-8dcf-46a9-a77c-dfff0c64ee65:1153001768955675057,,,,false,false,,2
EP03-1045,rel,5:5f542910-8dcf-46a9-a77c-dfff0c64ee65:1153001768955675056,bg_kunststoff_fassade_peoples_pavilion_pretty_plastic_shingles,mat_kunststoff,NUTZT_MATERIAL,bg_kunststoff_fassade_peoples_pavilion_pretty_plastic_shingles -NUTZT_MATERIAL-> Kunststoff,web,https://overtredersw.nl/projects/peoples-pavilion,true,local,UNSUPPORTED,PROVEN,belegt,Pretty Plastic Schindeln aus Haushaltskunststoff,UPGRADE,set_rel_properties,BG-W2-01,"{""matched_aliases"": [""Pretty"", ""pretty"", ""plastic""], ""score"": 11, ""tier"": ""primary"", ""source"": ""dossier""}",bg_hunt,5:5f542910-8dcf-46a9-a77c-dfff0c64ee65:1153001768955675056,bg_hunt_alias_match,Pretty;pretty;plastic,11,true,true,primary,1
EP03-1072,rel,5:5f542910-8dcf-46a9-a77c-dfff0c64ee65:1153001768955675053,bg_mehrere_fassade_peoples_pavilion_borrowed_elements,mat_beton,NUTZT_MATERIAL,bg_mehrere_fassade_peoples_pavilion_borrowed_elements -NUTZT_MATERIAL-> Beton,web,,false,,UNSUPPORTED,UNSUPPORTED,unbelegt,,KEEP_DEFERRED,,BG-W2-01,"{""queries_tried"": 2, ""urls"": [""https://overtredersw.nl/projects/peoples-pavilion""], ""reason"": ""no_qualifying_quote""}",bg_hunt,5:5f542910-8dcf-46a9-a77c-dfff0c64ee65:1153001768955675053,,,,false,false,,2
EP03-1073,rel,5:5f542910-8dcf-46a9-a77c-dfff0c64ee65:1155253568769360301,bg_mehrere_fassade_peoples_pavilion_borrowed_elements,mat_glas,NUTZT_MATERIAL,bg_mehrere_fassade_peoples_pavilion_borrowed_elements -NUTZT_MATERIAL-> Glas,web,,false,,UNSUPPORTED,UNSUPPORTED,unbelegt,,KEEP_DEFERRED,,BG-W2-01,"{""queries_tried"": 2, ""urls"": [""https://overtredersw.nl/projects/peoples-pavilion""], ""reason"": ""no_qualifying_quote""}",bg_hunt,5:5f542910-8dcf-46a9-a77c-dfff0c64ee65:1155253568769360301,,,,false,false,,2
EP03-1074,rel,5:5f542910-8dcf-46a9-a77c-dfff0c64ee65:1157505368583045549,bg_mehrere_fassade_peoples_pavilion_borrowed_elements,mat_holz,NUTZT_MATERIAL,bg_mehrere_fassade_peoples_pavilion_borrowed_elements -NUTZT_MATERIAL-> Holz,web,,false,,UNSUPPORTED,UNSUPPORTED,unbelegt,,KEEP_DEFERRED,,BG-W2-01,"{""queries_tried"": 2, ""urls"": [""https://overtredersw.nl/projects/peoples-pavilion""], ""reason"": ""no_qualifying_quote""}",bg_hunt,5:5f542910-8dcf-46a9-a77c-dfff0c64ee65:1157505368583045549,,,,false,false,,2
EP03-1075,rel,5:5f542910-8dcf-46a9-a77c-dfff0c64ee65:1159757168396730797,bg_mehrere_fassade_peoples_pavilion_borrowed_elements,mat_kunststoff,NUTZT_MATERIAL,bg_mehrere_fassade_peoples_pavilion_borrowed_elements -NUTZT_MATERIAL-> Kunststoff,web,,false,,UNSUPPORTED,UNSUPPORTED,unbelegt,,KEEP_DEFERRED,,BG-W2-01,"{""queries_tried"": 2, ""urls"": [""https://overtredersw.nl/projects/peoples-pavilion""], ""reason"": ""no_qualifying_quote""}",bg_hunt,5:5f542910-8dcf-46a9-a77c-dfff0c64ee65:1159757168396730797,,,,false,false,,2
EP03-0355,rel,5:5f542910-8dcf-46a9-a77c-dfff0c64ee65:1152988574816141746,bg_mehrere_mehrere_plattenpalast_palast_fenster,bt_fassade,HAT_BAUTEILTYP,bg_mehrere_mehrere_plattenpalast_palast_fenster -HAT_BAUTEILTYP-> Fassade,web,E:\recherche\_neo4j\processed\projects\records\p_plattenpalast_berlin.kg.jsonl,true,local,UNSUPPORTED,PARTIAL,niedrig,Fenster und Rahmen aus dem Palast der Republik,KEEP,,BG-W2-01,"{""matched_aliases"": [""Fenster"", ""fenster""], ""score"": 7, ""tier"": ""primary"", ""source"": ""dossier_partial""}",bg_hunt,5:5f542910-8dcf-46a9-a77c-dfff0c64ee65:1152988574816141746,dossier,Fenster;fenster,7,true,true,primary,1
EP03-0356,rel,5:5f542910-8dcf-46a9-a77c-dfff0c64ee65:1155240374629826994,bg_mehrere_mehrere_plattenpalast_palast_fenster,bt_fenster,HAT_BAUTEILTYP,bg_mehrere_mehrere_plattenpalast_palast_fenster -HAT_BAUTEILTYP-> Fenster,web,E:\recherche\_neo4j\processed\projects\records\p_plattenpalast_berlin.kg.jsonl,true,local,UNSUPPORTED,PROVEN,belegt,Fenster und Rahmen aus dem Palast der Republik,UPGRADE,set_rel_properties,BG-W2-01,"{""matched_aliases"": [""Fenster"", ""fenster""], ""score"": 9, ""tier"": ""primary"", ""source"": ""dossier""}",bg_hunt,5:5f542910-8dcf-46a9-a77c-dfff0c64ee65:1155240374629826994,bg_hunt_alias_match,Fenster;fenster,9,true,true,primary,1
EP03-0523,rel,5:5f542910-8dcf-46a9-a77c-dfff0c64ee65:1152988574816141747,bg_stahlbeton_mehrere_plattenpalast_wbs70_wand_deckenelemente,bt_decke,HAT_BAUTEILTYP,bg_stahlbeton_mehrere_plattenpalast_wbs70_wand_deckenelemente -HAT_BAUTEILTYP-> Decke,web,E:\recherche\_neo4j\processed\projects\records\p_plattenpalast_berlin.kg.jsonl,true,local,UNSUPPORTED,PARTIAL,niedrig,13 WBS70-Wand- und Deckenelemente,KEEP,,BG-W2-01,"{""matched_aliases"": [""WBS70"", ""wand""], ""score"": 7, ""tier"": ""primary"", ""source"": ""dossier_partial""}",bg_hunt,5:5f542910-8dcf-46a9-a77c-dfff0c64ee65:1152988574816141747,dossier,WBS70;wand,7,true,true,primary,1
EP03-0524,rel,5:5f542910-8dcf-46a9-a77c-dfff0c64ee65:1155240374629826995,bg_stahlbeton_mehrere_plattenpalast_wbs70_wand_deckenelemente,bt_fassade,HAT_BAUTEILTYP,bg_stahlbeton_mehrere_plattenpalast_wbs70_wand_deckenelemente -HAT_BAUTEILTYP-> Fassade,web,E:\recherche\_neo4j\processed\projects\records\p_plattenpalast_berlin.kg.jsonl,true,local,UNSUPPORTED,PARTIAL,niedrig,13 WBS70-Wand- und Deckenelemente,KEEP,,BG-W2-01,"{""matched_aliases"": [""WBS70"", ""wand""], ""score"": 7, ""tier"": ""primary"", ""source"": ""dossier_partial""}",bg_hunt,5:5f542910-8dcf-46a9-a77c-dfff0c64ee65:1155240374629826995,dossier,WBS70;wand,7,true,true,primary,1
EP03-0525,rel,5:5f542910-8dcf-46a9-a77c-dfff0c64ee65:1157492174443512243,bg_stahlbeton_mehrere_plattenpalast_wbs70_wand_deckenelemente,bt_wand,HAT_BAUTEILTYP,bg_stahlbeton_mehrere_plattenpalast_wbs70_wand_deckenelemente -HAT_BAUTEILTYP-> Wand,web,E:\recherche\_neo4j\processed\projects\records\p_plattenpalast_berlin.kg.jsonl,true,local,UNSUPPORTED,PROVEN,belegt,13 WBS70-Wand- und Deckenelemente,UPGRADE,set_rel_properties,BG-W2-01,"{""matched_aliases"": [""WBS70"", ""wand""], ""score"": 9, ""tier"": ""primary"", ""source"": ""dossier""}",bg_hunt,5:5f542910-8dcf-46a9-a77c-dfff0c64ee65:1157492174443512243,bg_hunt_alias_match,WBS70;wand,9,true,true,primary,1
EP03-1152,rel,5:5f542910-8dcf-46a9-a77c-dfff0c64ee65:1153001768955675058,bg_mehrere_mehrere_plattenpalast_palast_fenster,mat_aluminium,NUTZT_MATERIAL,bg_mehrere_mehrere_plattenpalast_palast_fenster -NUTZT_MATERIAL-> Aluminium,web,E:\recherche\_neo4j\processed\projects\records\p_plattenpalast_berlin.kg.jsonl,true,local,UNSUPPORTED,PARTIAL,niedrig,Fenster und Rahmen aus dem Palast der Republik,KEEP,,BG-W2-01,"{""matched_aliases"": [""Fenster"", ""fenster""], ""score"": 7, ""tier"": ""primary"", ""source"": ""dossier_partial""}",bg_hunt,5:5f542910-8dcf-46a9-a77c-dfff0c64ee65:1153001768955675058,dossier,Fenster;fenster,7,true,true,primary,1
EP03-1153,rel,5:5f542910-8dcf-46a9-a77c-dfff0c64ee65:1155253568769360306,bg_mehrere_mehrere_plattenpalast_palast_fenster,mat_glas,NUTZT_MATERIAL,bg_mehrere_mehrere_plattenpalast_palast_fenster -NUTZT_MATERIAL-> Glas,web,E:\recherche\_neo4j\processed\projects\records\p_plattenpalast_berlin.kg.jsonl,true,local,UNSUPPORTED,PARTIAL,niedrig,Fenster und Rahmen aus dem Palast der Republik,KEEP,,BG-W2-01,"{""matched_aliases"": [""Fenster"", ""fenster""], ""score"": 7, ""tier"": ""primary"", ""source"": ""dossier_partial""}",bg_hunt,5:5f542910-8dcf-46a9-a77c-dfff0c64ee65:1155253568769360306,dossier,Fenster;fenster,7,true,true,primary,1
EP03-1287,rel,5:5f542910-8dcf-46a9-a77c-dfff0c64ee65:1153001768955675059,bg_stahlbeton_mehrere_plattenpalast_wbs70_wand_deckenelemente,mat_stahlbeton,NUTZT_MATERIAL,bg_stahlbeton_mehrere_plattenpalast_wbs70_wand_deckenelemente -NUTZT_MATERIAL-> Stahlbeton,web,E:\recherche\_neo4j\processed\projects\records\p_plattenpalast_berlin.kg.jsonl,true,local,UNSUPPORTED,PARTIAL,niedrig,13 WBS70-Wand- und Deckenelemente,KEEP,,BG-W2-01,"{""matched_aliases"": [""WBS70"", ""wand""], ""score"": 7, ""tier"": ""primary"", ""source"": ""dossier_partial""}",bg_hunt,5:5f542910-8dcf-46a9-a77c-dfff0c64ee65:1153001768955675059,dossier,WBS70;wand,7,true,true,primary,1
EP03-0120,rel,5:5f542910-8dcf-46a9-a77c-dfff0c64ee65:1152988574816141748,bg_beton_mehrere_plattenvereinigung_betonfertigteile,bt_decke,HAT_BAUTEILTYP,bg_beton_mehrere_plattenvereinigung_betonfertigteile -HAT_BAUTEILTYP-> Decke,web,,false,,UNSUPPORTED,UNSUPPORTED,hoch,,KEEP_DEFERRED,,BG-W2-01,"{""queries_tried"": 2, ""urls"": [""https://www.plattenvereinigung.de/project/orte/""], ""reason"": ""no_qualifying_quote""}",bg_hunt,5:5f542910-8dcf-46a9-a77c-dfff0c64ee65:1152988574816141748,,,,false,false,,2
EP03-0121,rel,5:5f542910-8dcf-46a9-a77c-dfff0c64ee65:1155240374629826996,bg_beton_mehrere_plattenvereinigung_betonfertigteile,bt_fassade,HAT_BAUTEILTYP,bg_beton_mehrere_plattenvereinigung_betonfertigteile -HAT_BAUTEILTYP-> Fassade,web,,false,,UNSUPPORTED,UNSUPPORTED,hoch,,KEEP_DEFERRED,,BG-W2-01,"{""queries_tried"": 2, ""urls"": [""https://www.plattenvereinigung.de/project/orte/""], ""reason"": ""no_qualifying_quote""}",bg_hunt,5:5f542910-8dcf-46a9-a77c-dfff0c64ee65:1155240374629826996,,,,false,false,,2
EP03-0122,rel,5:5f542910-8dcf-46a9-a77c-dfff0c64ee65:1157492174443512244,bg_beton_mehrere_plattenvereinigung_betonfertigteile,bt_wand,HAT_BAUTEILTYP,bg_beton_mehrere_plattenvereinigung_betonfertigteile -HAT_BAUTEILTYP-> Wand,web,,false,,UNSUPPORTED,UNSUPPORTED,hoch,,KEEP_DEFERRED,,BG-W2-01,"{""queries_tried"": 2, ""urls"": [""https://www.plattenvereinigung.de/project/orte/""], ""reason"": ""no_qualifying_quote""}",bg_hunt,5:5f542910-8dcf-46a9-a77c-dfff0c64ee65:1157492174443512244,,,,false,false,,2
EP03-0123,rel,5:5f542910-8dcf-46a9-a77c-dfff0c64ee65:1152988574816141751,bg_beton_mehrere_plattenvereinigung_wand_fassadenelemente,bt_fassade,HAT_BAUTEILTYP,bg_beton_mehrere_plattenvereinigung_wand_fassadenelemente -HAT_BAUTEILTYP-> Fassade,web,E:\recherche\_neo4j\processed\projects\records\p_plattenvereinigung_berlin.kg.jsonl,true,local,UNSUPPORTED,PARTIAL,niedrig,Wand- und Fassadenelemente aus Betonfertigteilen,KEEP,,BG-W2-01,"{""matched_aliases"": [""Wand"", ""wand""], ""score"": 7, ""tier"": ""primary"", ""source"": ""dossier_partial""}",bg_hunt,5:5f542910-8dcf-46a9-a77c-dfff0c64ee65:1152988574816141751,dossier,Wand;wand,7,true,true,primary,1
EP03-0124,rel,5:5f542910-8dcf-46a9-a77c-dfff0c64ee65:1155240374629826999,bg_beton_mehrere_plattenvereinigung_wand_fassadenelemente,bt_wand,HAT_BAUTEILTYP,bg_beton_mehrere_plattenvereinigung_wand_fassadenelemente -HAT_BAUTEILTYP-> Wand,web,https://www.plattenvereinigung.de/project/orte/,true,local,UNSUPPORTED,PROVEN,belegt,Wand- und Fassadenelemente aus Betonfertigteilen,UPGRADE,set_rel_properties,BG-W2-01,"{""matched_aliases"": [""Wand"", ""wand""], ""score"": 9, ""tier"": ""primary"", ""source"": ""dossier""}",bg_hunt,5:5f542910-8dcf-46a9-a77c-dfff0c64ee65:1155240374629826999,bg_hunt_alias_match,Wand;wand,9,true,true,primary,1
EP03-0279,rel,5:5f542910-8dcf-46a9-a77c-dfff0c64ee65:1152988574816141749,bg_mehrere_decke_plattenvereinigung_deckenelemente,bt_decke,HAT_BAUTEILTYP,bg_mehrere_decke_plattenvereinigung_deckenelemente -HAT_BAUTEILTYP-> Decke,web,,false,,UNSUPPORTED,UNSUPPORTED,unbelegt,,KEEP_DEFERRED,,BG-W2-01,"{""queries_tried"": 1, ""urls"": [""https://www.plattenvereinigung.de/project/orte/""], ""reason"": ""no_qualifying_quote""}",bg_hunt,5:5f542910-8dcf-46a9-a77c-dfff0c64ee65:1152988574816141749,,,,false,false,,1
EP03-0392,rel,5:5f542910-8dcf-46a9-a77c-dfff0c64ee65:1152988574816141750,bg_mehrere_treppe_plattenvereinigung_treppenelemente,bt_treppe,HAT_BAUTEILTYP,bg_mehrere_treppe_plattenvereinigung_treppenelemente -HAT_BAUTEILTYP-> Treppe,web,,false,,UNSUPPORTED,UNSUPPORTED,unbelegt,,KEEP_DEFERRED,,BG-W2-01,"{""queries_tried"": 1, ""urls"": [""https://www.plattenvereinigung.de/project/orte/""], ""reason"": ""no_qualifying_quote""}",bg_hunt,5:5f542910-8dcf-46a9-a77c-dfff0c64ee65:1152988574816141750,,,,false,false,,1
EP03-0939,rel,5:5f542910-8dcf-46a9-a77c-dfff0c64ee65:1153001768955675060,bg_beton_mehrere_plattenvereinigung_betonfertigteile,mat_beton,NUTZT_MATERIAL,bg_beton_mehrere_plattenvereinigung_betonfertigteile -NUTZT_MATERIAL-> Beton,web,,false,,UNSUPPORTED,UNSUPPORTED,unbelegt,,KEEP_DEFERRED,,BG-W2-01,"{""queries_tried"": 2, ""urls"": [""https://www.plattenvereinigung.de/project/orte/""], ""reason"": ""no_qualifying_quote""}",bg_hunt,5:5f542910-8dcf-46a9-a77c-dfff0c64ee65:1153001768955675060,,,,false,false,,2
EP03-0940,rel,5:5f542910-8dcf-46a9-a77c-dfff0c64ee65:1155253568769360308,bg_beton_mehrere_plattenvereinigung_betonfertigteile,mat_stahlbeton,NUTZT_MATERIAL,bg_beton_mehrere_plattenvereinigung_betonfertigteile -NUTZT_MATERIAL-> Stahlbeton,web,,false,,UNSUPPORTED,UNSUPPORTED,unbelegt,,KEEP_DEFERRED,,BG-W2-01,"{""queries_tried"": 2, ""urls"": [""https://www.plattenvereinigung.de/project/orte/""], ""reason"": ""no_qualifying_quote""}",bg_hunt,5:5f542910-8dcf-46a9-a77c-dfff0c64ee65:1155253568769360308,,,,false,false,,2
EP03-0941,rel,5:5f542910-8dcf-46a9-a77c-dfff0c64ee65:1153001768955675063,bg_beton_mehrere_plattenvereinigung_wand_fassadenelemente,mat_beton,NUTZT_MATERIAL,bg_beton_mehrere_plattenvereinigung_wand_fassadenelemente -NUTZT_MATERIAL-> Beton,web,E:\recherche\_neo4j\processed\projects\records\p_plattenvereinigung_berlin.kg.jsonl,true,local,UNSUPPORTED,PARTIAL,niedrig,Wand- und Fassadenelemente aus Betonfertigteilen,KEEP,,BG-W2-01,"{""matched_aliases"": [""Wand"", ""wand""], ""score"": 7, ""tier"": ""primary"", ""source"": ""dossier_partial""}",bg_hunt,5:5f542910-8dcf-46a9-a77c-dfff0c64ee65:1153001768955675063,dossier,Wand;wand,7,true,true,primary,1
EP03-0942,rel,5:5f542910-8dcf-46a9-a77c-dfff0c64ee65:1155253568769360311,bg_beton_mehrere_plattenvereinigung_wand_fassadenelemente,mat_stahlbeton,NUTZT_MATERIAL,bg_beton_mehrere_plattenvereinigung_wand_fassadenelemente -NUTZT_MATERIAL-> Stahlbeton,web,E:\recherche\_neo4j\processed\projects\records\p_plattenvereinigung_berlin.kg.jsonl,true,local,UNSUPPORTED,PARTIAL,niedrig,Wand- und Fassadenelemente aus Betonfertigteilen,KEEP,,BG-W2-01,"{""matched_aliases"": [""Wand"", ""wand""], ""score"": 7, ""tier"": ""primary"", ""source"": ""dossier_partial""}",bg_hunt,5:5f542910-8dcf-46a9-a77c-dfff0c64ee65:1155253568769360311,dossier,Wand;wand,7,true,true,primary,1
EP03-1066,rel,5:5f542910-8dcf-46a9-a77c-dfff0c64ee65:1153001768955675061,bg_mehrere_decke_plattenvereinigung_deckenelemente,mat_beton,NUTZT_MATERIAL,bg_mehrere_decke_plattenvereinigung_deckenelemente -NUTZT_MATERIAL-> Beton,web,,false,,UNSUPPORTED,UNSUPPORTED,unbelegt,,KEEP_DEFERRED,,BG-W2-01,"{""queries_tried"": 1, ""urls"": [""https://www.plattenvereinigung.de/project/orte/""], ""reason"": ""no_qualifying_quote""}",bg_hunt,5:5f542910-8dcf-46a9-a77c-dfff0c64ee65:1153001768955675061,,,,false,false,,1
EP03-1067,rel,5:5f542910-8dcf-46a9-a77c-dfff0c64ee65:1155253568769360309,bg_mehrere_decke_plattenvereinigung_deckenelemente,mat_stahlbeton,NUTZT_MATERIAL,bg_mehrere_decke_plattenvereinigung_deckenelemente -NUTZT_MATERIAL-> Stahlbeton,web,,false,,UNSUPPORTED,UNSUPPORTED,unbelegt,,KEEP_DEFERRED,,BG-W2-01,"{""queries_tried"": 1, ""urls"": [""https://www.plattenvereinigung.de/project/orte/""], ""reason"": ""no_qualifying_quote""}",bg_hunt,5:5f542910-8dcf-46a9-a77c-dfff0c64ee65:1155253568769360309,,,,false,false,,1
EP03-1200,rel,5:5f542910-8dcf-46a9-a77c-dfff0c64ee65:1153001768955675062,bg_mehrere_treppe_plattenvereinigung_treppenelemente,mat_beton,NUTZT_MATERIAL,bg_mehrere_treppe_plattenvereinigung_treppenelemente -NUTZT_MATERIAL-> Beton,web,,false,,UNSUPPORTED,UNSUPPORTED,unbelegt,,KEEP_DEFERRED,,BG-W2-01,"{""queries_tried"": 1, ""urls"": [""https://www.plattenvereinigung.de/project/orte/""], ""reason"": ""no_qualifying_quote""}",bg_hunt,5:5f542910-8dcf-46a9-a77c-dfff0c64ee65:1153001768955675062,,,,false,false,,1
EP03-1201,rel,5:5f542910-8dcf-46a9-a77c-dfff0c64ee65:1155253568769360310,bg_mehrere_treppe_plattenvereinigung_treppenelemente,mat_stahlbeton,NUTZT_MATERIAL,bg_mehrere_treppe_plattenvereinigung_treppenelemente -NUTZT_MATERIAL-> Stahlbeton,web,,false,,UNSUPPORTED,UNSUPPORTED,unbelegt,,KEEP_DEFERRED,,BG-W2-01,"{""queries_tried"": 1, ""urls"": [""https://www.plattenvereinigung.de/project/orte/""], ""reason"": ""no_qualifying_quote""}",bg_hunt,5:5f542910-8dcf-46a9-a77c-dfff0c64ee65:1155253568769360310,,,,false,false,,1
EP03-0273,rel,5:5f542910-8dcf-46a9-a77c-dfff0c64ee65:1152988574816141753,bg_mehrere_ausbau_plp_materialbibliothek_oberflaechen,bt_ausbau,HAT_BAUTEILTYP,bg_mehrere_ausbau_plp_materialbibliothek_oberflaechen -HAT_BAUTEILTYP-> Ausbau,web,,false,,UNSUPPORTED,UNSUPPORTED,unbelegt,,KEEP_DEFERRED,,BG-W2-01,"{""queries_tried"": 0, ""urls"": [], ""reason"": ""no_qualifying_quote""}",bg_hunt,5:5f542910-8dcf-46a9-a77c-dfff0c64ee65:1152988574816141753,,,,false,false,,0
EP03-0357,rel,5:5f542910-8dcf-46a9-a77c-dfff0c64ee65:1152988574816141756,bg_mehrere_mehrere_plp_feste_fitout_komponenten,bt_ausbau,HAT_BAUTEILTYP,bg_mehrere_mehrere_plp_feste_fitout_komponenten -HAT_BAUTEILTYP-> Ausbau,web,,false,,UNSUPPORTED,UNSUPPORTED,unbelegt,,KEEP_DEFERRED,,BG-W2-01,"{""queries_tried"": 0, ""urls"": [], ""reason"": ""no_qualifying_quote""}",bg_hunt,5:5f542910-8dcf-46a9-a77c-dfff0c64ee65:1152988574816141756,,,,false,false,,0
EP03-0358,rel,5:5f542910-8dcf-46a9-a77c-dfff0c64ee65:1155240374629827004,bg_mehrere_mehrere_plp_feste_fitout_komponenten,bt_technik,HAT_BAUTEILTYP,bg_mehrere_mehrere_plp_feste_fitout_komponenten -HAT_BAUTEILTYP-> Technik,web,,false,,UNSUPPORTED,UNSUPPORTED,unbelegt,,KEEP_DEFERRED,,BG-W2-01,"{""queries_tried"": 0, ""urls"": [], ""reason"": ""no_qualifying_quote""}",bg_hunt,5:5f542910-8dcf-46a9-a77c-dfff0c64ee65:1155240374629827004,,,,false,false,,0
EP03-0359,rel,5:5f542910-8dcf-46a9-a77c-dfff0c64ee65:1152988574816141755,bg_mehrere_mehrere_plp_terrazzo_arbeits_kuechenflaechen,bt_ausbau,HAT_BAUTEILTYP,bg_mehrere_mehrere_plp_terrazzo_arbeits_kuechenflaechen -HAT_BAUTEILTYP-> Ausbau,web,,false,,UNSUPPORTED,UNSUPPORTED,unbelegt,,KEEP_DEFERRED,,BG-W2-01,"{""queries_tried"": 0, ""urls"": [], ""reason"": ""no_qualifying_quote""}",bg_hunt,5:5f542910-8dcf-46a9-a77c-dfff0c64ee65:1152988574816141755,,,,false,false,,0
EP03-0360,rel,5:5f542910-8dcf-46a9-a77c-dfff0c64ee65:1155240374629827003,bg_mehrere_mehrere_plp_terrazzo_arbeits_kuechenflaechen,bt_boden,HAT_BAUTEILTYP,bg_mehrere_mehrere_plp_terrazzo_arbeits_kuechenflaechen -HAT_BAUTEILTYP-> Boden,web,,false,,UNSUPPORTED,UNSUPPORTED,unbelegt,,KEEP_DEFERRED,,BG-W2-01,"{""queries_tried"": 0, ""urls"": [], ""reason"": ""no_qualifying_quote""}",bg_hunt,5:5f542910-8dcf-46a9-a77c-dfff0c64ee65:1155240374629827003,,,,false,false,,0
EP03-0410,rel,5:5f542910-8dcf-46a9-a77c-dfff0c64ee65:1152988574816141754,bg_naturstein_mehrere_plp_marble_feste_oberflaechen,bt_ausbau,HAT_BAUTEILTYP,bg_naturstein_mehrere_plp_marble_feste_oberflaechen -HAT_BAUTEILTYP-> Ausbau,web,E:\recherche\_neo4j\processed\projects\records\p_plp_london_hq_circular_studio_fitout.kg.jsonl,true,local,UNSUPPORTED,PARTIAL,niedrig,Reclaimed marble / feste Oberflächen,KEEP,,BG-W2-01,"{""matched_aliases"": [""Marble"", ""feste""], ""score"": 7, ""tier"": ""primary"", ""source"": ""dossier_partial""}",bg_hunt,5:5f542910-8dcf-46a9-a77c-dfff0c64ee65:1152988574816141754,dossier,Marble;feste,7,true,true,primary,1
EP03-0411,rel,5:5f542910-8dcf-46a9-a77c-dfff0c64ee65:1155240374629827002,bg_naturstein_mehrere_plp_marble_feste_oberflaechen,bt_boden,HAT_BAUTEILTYP,bg_naturstein_mehrere_plp_marble_feste_oberflaechen -HAT_BAUTEILTYP-> Boden,web,E:\recherche\_neo4j\processed\projects\records\p_plp_london_hq_circular_studio_fitout.kg.jsonl,true,local,UNSUPPORTED,PARTIAL,niedrig,Reclaimed marble / feste Oberflächen,KEEP,,BG-W2-01,"{""matched_aliases"": [""Marble"", ""feste""], ""score"": 7, ""tier"": ""primary"", ""source"": ""dossier_partial""}",bg_hunt,5:5f542910-8dcf-46a9-a77c-dfff0c64ee65:1155240374629827002,dossier,Marble;feste,7,true,true,primary,1
EP03-1053,rel,5:5f542910-8dcf-46a9-a77c-dfff0c64ee65:1153001768955675065,bg_mehrere_ausbau_plp_materialbibliothek_oberflaechen,mat_glas,NUTZT_MATERIAL,bg_mehrere_ausbau_plp_materialbibliothek_oberflaechen -NUTZT_MATERIAL-> Glas,web,,false,,UNSUPPORTED,UNSUPPORTED,unbelegt,,KEEP_DEFERRED,,BG-W2-01,"{""queries_tried"": 0, ""urls"": [], ""reason"": ""no_qualifying_quote""}",bg_hunt,5:5f542910-8dcf-46a9-a77c-dfff0c64ee65:1153001768955675065,,,,false,false,,0
EP03-1054,rel,5:5f542910-8dcf-46a9-a77c-dfff0c64ee65:1155253568769360313,bg_mehrere_ausbau_plp_materialbibliothek_oberflaechen,mat_keramik,NUTZT_MATERIAL,bg_mehrere_ausbau_plp_materialbibliothek_oberflaechen -NUTZT_MATERIAL-> Keramik,web,,false,,UNSUPPORTED,UNSUPPORTED,unbelegt,,KEEP_DEFERRED,,BG-W2-01,"{""queries_tried"": 0, ""urls"": [], ""reason"": ""no_qualifying_quote""}",bg_hunt,5:5f542910-8dcf-46a9-a77c-dfff0c64ee65:1155253568769360313,,,,false,false,,0
EP03-1055,rel,5:5f542910-8dcf-46a9-a77c-dfff0c64ee65:1157505368583045561,bg_mehrere_ausbau_plp_materialbibliothek_oberflaechen,mat_naturstein,NUTZT_MATERIAL,bg_mehrere_ausbau_plp_materialbibliothek_oberflaechen -NUTZT_MATERIAL-> Naturstein,web,,false,,UNSUPPORTED,UNSUPPORTED,unbelegt,,KEEP_DEFERRED,,BG-W2-01,"{""queries_tried"": 0, ""urls"": [], ""reason"": ""no_qualifying_quote""}",bg_hunt,5:5f542910-8dcf-46a9-a77c-dfff0c64ee65:1157505368583045561,,,,false,false,,0
EP03-1154,rel,5:5f542910-8dcf-46a9-a77c-dfff0c64ee65:1153001768955675068,bg_mehrere_mehrere_plp_feste_fitout_komponenten,mat_holz,NUTZT_MATERIAL,bg_mehrere_mehrere_plp_feste_fitout_komponenten -NUTZT_MATERIAL-> Holz,web,,false,,UNSUPPORTED,UNSUPPORTED,unbelegt,,KEEP_DEFERRED,,BG-W2-01,"{""queries_tried"": 0, ""urls"": [], ""reason"": ""no_qualifying_quote""}",bg_hunt,5:5f542910-8dcf-46a9-a77c-dfff0c64ee65:1153001768955675068,,,,false,false,,0
EP03-1155,rel,5:5f542910-8dcf-46a9-a77c-dfff0c64ee65:1155253568769360316,bg_mehrere_mehrere_plp_feste_fitout_komponenten,mat_kunststoff,NUTZT_MATERIAL,bg_mehrere_mehrere_plp_feste_fitout_komponenten -NUTZT_MATERIAL-> Kunststoff,web,,false,,UNSUPPORTED,UNSUPPORTED,unbelegt,,KEEP_DEFERRED,,BG-W2-01,"{""queries_tried"": 0, ""urls"": [], ""reason"": ""no_qualifying_quote""}",bg_hunt,5:5f542910-8dcf-46a9-a77c-dfff0c64ee65:1155253568769360316,,,,false,false,,0
EP03-1156,rel,5:5f542910-8dcf-46a9-a77c-dfff0c64ee65:1157505368583045564,bg_mehrere_mehrere_plp_feste_fitout_komponenten,mat_stahl,NUTZT_MATERIAL,bg_mehrere_mehrere_plp_feste_fitout_komponenten -NUTZT_MATERIAL-> Stahl,web,,false,,UNSUPPORTED,UNSUPPORTED,unbelegt,,KEEP_DEFERRED,,BG-W2-01,"{""queries_tried"": 0, ""urls"": [], ""reason"": ""no_qualifying_quote""}",bg_hunt,5:5f542910-8dcf-46a9-a77c-dfff0c64ee65:1157505368583045564,,,,false,false,,0
EP03-1157,rel,5:5f542910-8dcf-46a9-a77c-dfff0c64ee65:1153001768955675067,bg_mehrere_mehrere_plp_terrazzo_arbeits_kuechenflaechen,mat_beton,NUTZT_MATERIAL,bg_mehrere_mehrere_plp_terrazzo_arbeits_kuechenflaechen -NUTZT_MATERIAL-> Beton,web,,false,,UNSUPPORTED,UNSUPPORTED,unbelegt,,KEEP_DEFERRED,,BG-W2-01,"{""queries_tried"": 0, ""urls"": [], ""reason"": ""no_qualifying_quote""}",bg_hunt,5:5f542910-8dcf-46a9-a77c-dfff0c64ee65:1153001768955675067,,,,false,false,,0
EP03-1158,rel,5:5f542910-8dcf-46a9-a77c-dfff0c64ee65:1155253568769360315,bg_mehrere_mehrere_plp_terrazzo_arbeits_kuechenflaechen,mat_keramik,NUTZT_MATERIAL,bg_mehrere_mehrere_plp_terrazzo_arbeits_kuechenflaechen -NUTZT_MATERIAL-> Keramik,web,,false,,UNSUPPORTED,UNSUPPORTED,unbelegt,,KEEP_DEFERRED,,BG-W2-01,"{""queries_tried"": 0, ""urls"": [], ""reason"": ""no_qualifying_quote""}",bg_hunt,5:5f542910-8dcf-46a9-a77c-dfff0c64ee65:1155253568769360315,,,,false,false,,0
EP03-1159,rel,5:5f542910-8dcf-46a9-a77c-dfff0c64ee65:1157505368583045563,bg_mehrere_mehrere_plp_terrazzo_arbeits_kuechenflaechen,mat_naturstein,NUTZT_MATERIAL,bg_mehrere_mehrere_plp_terrazzo_arbeits_kuechenflaechen -NUTZT_MATERIAL-> Naturstein,web,,false,,UNSUPPORTED,UNSUPPORTED,unbelegt,,KEEP_DEFERRED,,BG-W2-01,"{""queries_tried"": 0, ""urls"": [], ""reason"": ""no_qualifying_quote""}",bg_hunt,5:5f542910-8dcf-46a9-a77c-dfff0c64ee65:1157505368583045563,,,,false,false,,0
EP03-1217,rel,5:5f542910-8dcf-46a9-a77c-dfff0c64ee65:1153001768955675066,bg_naturstein_mehrere_plp_marble_feste_oberflaechen,mat_naturstein,NUTZT_MATERIAL,bg_naturstein_mehrere_plp_marble_feste_oberflaechen -NUTZT_MATERIAL-> Naturstein,web,E:\recherche\_neo4j\processed\projects\records\p_plp_london_hq_circular_studio_fitout.kg.jsonl,true,local,UNSUPPORTED,PARTIAL,niedrig,Reclaimed marble / feste Oberflächen,KEEP,,BG-W2-01,"{""matched_aliases"": [""Marble"", ""feste""], ""score"": 7, ""tier"": ""primary"", ""source"": ""dossier_partial""}",bg_hunt,5:5f542910-8dcf-46a9-a77c-dfff0c64ee65:1153001768955675066,dossier,Marble;feste,7,true,true,primary,1
EP03-0125,rel,5:5f542910-8dcf-46a9-a77c-dfff0c64ee65:1152988574816141757,bg_beton_mehrere_recrete_betonbloecke_bogensegmente,bt_traeger,HAT_BAUTEILTYP,bg_beton_mehrere_recrete_betonbloecke_bogensegmente -HAT_BAUTEILTYP-> Traeger,web,E:\recherche\_neo4j\processed\projects\records\p_recrete_footbridge_reused_concrete_blocks.kg.jsonl,true,local,UNSUPPORTED,PARTIAL,niedrig,25 Betonblöcke / Bogensegmente aus Ortbeton-Kellerwänden,KEEP,,BG-W2-01,"{""matched_aliases"": [""25 Betonbl\u00f6cke"", ""bogensegmente""], ""score"": 7, ""tier"": ""primary"", ""source"": ""dossier_partial""}",bg_hunt,5:5f542910-8dcf-46a9-a77c-dfff0c64ee65:1152988574816141757,dossier,25 Betonblöcke;bogensegmente,7,true,true,primary,1
EP03-0126,rel,5:5f542910-8dcf-46a9-a77c-dfff0c64ee65:1155240374629827005,bg_beton_mehrere_recrete_betonbloecke_bogensegmente,bt_wand,HAT_BAUTEILTYP,bg_beton_mehrere_recrete_betonbloecke_bogensegmente -HAT_BAUTEILTYP-> Wand,web,E:\recherche\_neo4j\processed\projects\records\p_recrete_footbridge_reused_concrete_blocks.kg.jsonl,true,local,UNSUPPORTED,PARTIAL,niedrig,25 Betonblöcke / Bogensegmente aus Ortbeton-Kellerwänden,KEEP,,BG-W2-01,"{""matched_aliases"": [""25 Betonbl\u00f6cke"", ""bogensegmente""], ""score"": 7, ""tier"": ""primary"", ""source"": ""dossier_partial""}",bg_hunt,5:5f542910-8dcf-46a9-a77c-dfff0c64ee65:1155240374629827005,dossier,25 Betonblöcke;bogensegmente,7,true,true,primary,1
EP03-0943,rel,5:5f542910-8dcf-46a9-a77c-dfff0c64ee65:1153001768955675069,bg_beton_mehrere_recrete_betonbloecke_bogensegmente,mat_beton,NUTZT_MATERIAL,bg_beton_mehrere_recrete_betonbloecke_bogensegmente -NUTZT_MATERIAL-> Beton,web,E:\recherche\_neo4j\processed\projects\records\p_recrete_footbridge_reused_concrete_blocks.kg.jsonl,true,local,UNSUPPORTED,PARTIAL,niedrig,25 Betonblöcke / Bogensegmente aus Ortbeton-Kellerwänden,KEEP,,BG-W2-01,"{""matched_aliases"": [""25 Betonbl\u00f6cke"", ""bogensegmente""], ""score"": 7, ""tier"": ""primary"", ""source"": ""dossier_partial""}",bg_hunt,5:5f542910-8dcf-46a9-a77c-dfff0c64ee65:1153001768955675069,dossier,25 Betonblöcke;bogensegmente,7,true,true,primary,1
EP03-0944,rel,5:5f542910-8dcf-46a9-a77c-dfff0c64ee65:1155253568769360317,bg_beton_mehrere_recrete_betonbloecke_bogensegmente,mat_stahlbeton,NUTZT_MATERIAL,bg_beton_mehrere_recrete_betonbloecke_bogensegmente -NUTZT_MATERIAL-> Stahlbeton,web,E:\recherche\_neo4j\processed\projects\records\p_recrete_footbridge_reused_concrete_blocks.kg.jsonl,true,local,UNSUPPORTED,PARTIAL,niedrig,25 Betonblöcke / Bogensegmente aus Ortbeton-Kellerwänden,KEEP,,BG-W2-01,"{""matched_aliases"": [""25 Betonbl\u00f6cke"", ""bogensegmente""], ""score"": 7, ""tier"": ""primary"", ""source"": ""dossier_partial""}",bg_hunt,5:5f542910-8dcf-46a9-a77c-dfff0c64ee65:1155253568769360317,dossier,25 Betonblöcke;bogensegmente,7,true,true,primary,1
EP03-0142,rel,5:5f542910-8dcf-46a9-a77c-dfff0c64ee65:1152988574816141760,bg_faserzement_fassade_recyclinghaus_faserzement,bt_fassade,HAT_BAUTEILTYP,bg_faserzement_fassade_recyclinghaus_faserzement -HAT_BAUTEILTYP-> Fassade,web,,false,,UNSUPPORTED,UNSUPPORTED,hoch,,KEEP_DEFERRED,,BG-W2-01,"{""queries_tried"": 1, ""urls"": [""https://www.gundlach-bau.de/projekte/recyclinghaus-hannover""], ""reason"": ""no_qualifying_quote""}",bg_hunt,5:5f542910-8dcf-46a9-a77c-dfff0c64ee65:1152988574816141760,,,,false,false,,1
EP03-0152,rel,5:5f542910-8dcf-46a9-a77c-dfff0c64ee65:1152988574816141759,bg_glas_mehrere_recyclinghaus_aluminiumfenster,bt_fassade,HAT_BAUTEILTYP,bg_glas_mehrere_recyclinghaus_aluminiumfenster -HAT_BAUTEILTYP-> Fassade,web,,false,,UNSUPPORTED,UNSUPPORTED,hoch,,KEEP_DEFERRED,,BG-W2-01,"{""queries_tried"": 1, ""urls"": [""https://www.gundlach-bau.de/projekte/recyclinghaus-hannover""], ""reason"": ""no_qualifying_quote""}",bg_hunt,5:5f542910-8dcf-46a9-a77c-dfff0c64ee65:1152988574816141759,,,,false,false,,1
EP03-0153,rel,5:5f542910-8dcf-46a9-a77c-dfff0c64ee65:1155240374629827007,bg_glas_mehrere_recyclinghaus_aluminiumfenster,bt_fenster,HAT_BAUTEILTYP,bg_glas_mehrere_recyclinghaus_aluminiumfenster -HAT_BAUTEILTYP-> Fenster,web,,false,,UNSUPPORTED,UNSUPPORTED,hoch,,KEEP_DEFERRED,,BG-W2-01,"{""queries_tried"": 1, ""urls"": [""https://www.gundlach-bau.de/projekte/recyclinghaus-hannover""], ""reason"": ""no_qualifying_quote""}",bg_hunt,5:5f542910-8dcf-46a9-a77c-dfff0c64ee65:1155240374629827007,,,,false,false,,1
EP03-0154,rel,5:5f542910-8dcf-46a9-a77c-dfff0c64ee65:1152988574816141762,bg_glas_mehrere_recyclinghaus_profilbauglas,bt_fassade,HAT_BAUTEILTYP,bg_glas_mehrere_recyclinghaus_profilbauglas -HAT_BAUTEILTYP-> Fassade,web,,false,,UNSUPPORTED,UNSUPPORTED,hoch,,KEEP_DEFERRED,,BG-W2-01,"{""queries_tried"": 2, ""urls"": [""https://www.gundlach-bau.de/projekte/recyclinghaus-hannover""], ""reason"": ""no_qualifying_quote""}",bg_hunt,5:5f542910-8dcf-46a9-a77c-dfff0c64ee65:1152988574816141762,,,,false,false,,2
EP03-0155,rel,5:5f542910-8dcf-46a9-a77c-dfff0c64ee65:1155240374629827010,bg_glas_mehrere_recyclinghaus_profilbauglas,bt_fenster,HAT_BAUTEILTYP,bg_glas_mehrere_recyclinghaus_profilbauglas -HAT_BAUTEILTYP-> Fenster,web,,false,,UNSUPPORTED,UNSUPPORTED,hoch,,KEEP_DEFERRED,,BG-W2-01,"{""queries_tried"": 2, ""urls"": [""https://www.gundlach-bau.de/projekte/recyclinghaus-hannover""], ""reason"": ""no_qualifying_quote""}",bg_hunt,5:5f542910-8dcf-46a9-a77c-dfff0c64ee65:1155240374629827010,,,,false,false,,2
EP03-0222,rel,5:5f542910-8dcf-46a9-a77c-dfff0c64ee65:1152988574816141761,bg_holz_mehrere_recyclinghaus_messebauplatten_innenausbau,bt_ausbau,HAT_BAUTEILTYP,bg_holz_mehrere_recyclinghaus_messebauplatten_innenausbau -HAT_BAUTEILTYP-> Ausbau,web,,false,,UNSUPPORTED,UNSUPPORTED,hoch,,KEEP_DEFERRED,,BG-W2-01,"{""queries_tried"": 1, ""urls"": [""https://www.gundlach-bau.de/projekte/recyclinghaus-hannover""], ""reason"": ""no_qualifying_quote""}",bg_hunt,5:5f542910-8dcf-46a9-a77c-dfff0c64ee65:1152988574816141761,,,,false,false,,1
EP03-0223,rel,5:5f542910-8dcf-46a9-a77c-dfff0c64ee65:1155240374629827009,bg_holz_mehrere_recyclinghaus_messebauplatten_innenausbau,bt_tuer,HAT_BAUTEILTYP,bg_holz_mehrere_recyclinghaus_messebauplatten_innenausbau -HAT_BAUTEILTYP-> Tuer,web,,false,,UNSUPPORTED,UNSUPPORTED,hoch,,KEEP_DEFERRED,,BG-W2-01,"{""queries_tried"": 1, ""urls"": [""https://www.gundlach-bau.de/projekte/recyclinghaus-hannover""], ""reason"": ""no_qualifying_quote""}",bg_hunt,5:5f542910-8dcf-46a9-a77c-dfff0c64ee65:1155240374629827009,,,,false,false,,1
EP03-0224,rel,5:5f542910-8dcf-46a9-a77c-dfff0c64ee65:1157492174443512257,bg_holz_mehrere_recyclinghaus_messebauplatten_innenausbau,bt_wand,HAT_BAUTEILTYP,bg_holz_mehrere_recyclinghaus_messebauplatten_innenausbau -HAT_BAUTEILTYP-> Wand,web,,false,,UNSUPPORTED,UNSUPPORTED,hoch,,KEEP_DEFERRED,,BG-W2-01,"{""queries_tried"": 1, ""urls"": [""https://www.gundlach-bau.de/projekte/recyclinghaus-hannover""], ""reason"": ""no_qualifying_quote""}",bg_hunt,5:5f542910-8dcf-46a9-a77c-dfff0c64ee65:1157492174443512257,,,,false,false,,1
EP03-0225,rel,5:5f542910-8dcf-46a9-a77c-dfff0c64ee65:1152988574816141765,bg_holz_mehrere_recyclinghaus_saunabank_holzleisten,bt_ausbau,HAT_BAUTEILTYP,bg_holz_mehrere_recyclinghaus_saunabank_holzleisten -HAT_BAUTEILTYP-> Ausbau,web,E:\recherche\_neo4j\processed\projects\records\p_recyclinghaus_hannover.kg.jsonl,true,local,UNSUPPORTED,PARTIAL,niedrig,Holzleisten aus alten Saunabänken,KEEP,,BG-W2-01,"{""matched_aliases"": [""Holzleisten"", ""holzleisten""], ""score"": 7, ""tier"": ""primary"", ""source"": ""dossier_partial""}",bg_hunt,5:5f542910-8dcf-46a9-a77c-dfff0c64ee65:1152988574816141765,dossier,Holzleisten;holzleisten,7,true,true,primary,1
EP03-0226,rel,5:5f542910-8dcf-46a9-a77c-dfff0c64ee65:1155240374629827013,bg_holz_mehrere_recyclinghaus_saunabank_holzleisten,bt_fassade,HAT_BAUTEILTYP,bg_holz_mehrere_recyclinghaus_saunabank_holzleisten -HAT_BAUTEILTYP-> Fassade,web,E:\recherche\_neo4j\processed\projects\records\p_recyclinghaus_hannover.kg.jsonl,true,local,UNSUPPORTED,PARTIAL,niedrig,Holzleisten aus alten Saunabänken,KEEP,,BG-W2-01,"{""matched_aliases"": [""Holzleisten"", ""holzleisten""], ""score"": 7, ""tier"": ""primary"", ""source"": ""dossier_partial""}",bg_hunt,5:5f542910-8dcf-46a9-a77c-dfff0c64ee65:1155240374629827013,dossier,Holzleisten;holzleisten,7,true,true,primary,1
EP03-0361,rel,5:5f542910-8dcf-46a9-a77c-dfff0c64ee65:1152988574816141764,bg_mehrere_mehrere_recyclinghaus_sanitaer_feste_einbauten,bt_ausbau,HAT_BAUTEILTYP,bg_mehrere_mehrere_recyclinghaus_sanitaer_feste_einbauten -HAT_BAUTEILTYP-> Ausbau,web,,false,,UNSUPPORTED,UNSUPPORTED,unbelegt,,KEEP_DEFERRED,,BG-W2-01,"{""queries_tried"": 1, ""urls"": [""https://www.gundlach-bau.de/projekte/recyclinghaus-hannover""], ""reason"": ""no_qualifying_quote""}",bg_hunt,5:5f542910-8dcf-46a9-a77c-dfff0c64ee65:1152988574816141764,,,,false,false,,1
EP03-0362,rel,5:5f542910-8dcf-46a9-a77c-dfff0c64ee65:1155240374629827012,bg_mehrere_mehrere_recyclinghaus_sanitaer_feste_einbauten,bt_technik,HAT_BAUTEILTYP,bg_mehrere_mehrere_recyclinghaus_sanitaer_feste_einbauten -HAT_BAUTEILTYP-> Technik,web,,false,,UNSUPPORTED,UNSUPPORTED,unbelegt,,KEEP_DEFERRED,,BG-W2-01,"{""queries_tried"": 1, ""urls"": [""https://www.gundlach-bau.de/projekte/recyclinghaus-hannover""], ""reason"": ""no_qualifying_quote""}",bg_hunt,5:5f542910-8dcf-46a9-a77c-dfff0c64ee65:1155240374629827012,,,,false,false,,1
EP03-0413,rel,5:5f542910-8dcf-46a9-a77c-dfff0c64ee65:1152988574816141763,bg_recyclingbeton_mehrere_recyclinghaus_fundament,bt_boden,HAT_BAUTEILTYP,bg_recyclingbeton_mehrere_recyclinghaus_fundament -HAT_BAUTEILTYP-> Boden,web,,false,,UNSUPPORTED,UNSUPPORTED,unbelegt,,KEEP_DEFERRED,,BG-W2-01,"{""queries_tried"": 1, ""urls"": [""https://www.gundlach-bau.de/projekte/recyclinghaus-hannover""], ""reason"": ""no_qualifying_quote""}",bg_hunt,5:5f542910-8dcf-46a9-a77c-dfff0c64ee65:1152988574816141763,,,,false,false,,1
EP03-0414,rel,5:5f542910-8dcf-46a9-a77c-dfff0c64ee65:1155240374629827011,bg_recyclingbeton_mehrere_recyclinghaus_fundament,bt_fundament,HAT_BAUTEILTYP,bg_recyclingbeton_mehrere_recyclinghaus_fundament -HAT_BAUTEILTYP-> Fundament,web,,false,,UNSUPPORTED,UNSUPPORTED,unbelegt,,KEEP_DEFERRED,,BG-W2-01,"{""queries_tried"": 1, ""urls"": [""https://www.gundlach-bau.de/projekte/recyclinghaus-hannover""], ""reason"": ""no_qualifying_quote""}",bg_hunt,5:5f542910-8dcf-46a9-a77c-dfff0c64ee65:1155240374629827011,,,,false,false,,1
EP03-0418,rel,5:5f542910-8dcf-46a9-a77c-dfff0c64ee65:1152988574816141766,bg_stahl_fassade_recyclinghaus_wellblech,bt_fassade,HAT_BAUTEILTYP,bg_stahl_fassade_recyclinghaus_wellblech -HAT_BAUTEILTYP-> Fassade,web,https://www.gundlach-bau.de/projekte/recyclinghaus-hannover,true,404,UNSUPPORTED,PARTIAL,niedrig,Fehler 404: Gundlach Bau und Immobilien NEU IM VERKAUF: SonnenGärten | Reihenhäuser zum Kauf in Hannover-Groß-Buchholz - hier klicken und mehr erfahren Eingaben löschen Zuhause kaufen Zu den Neubauprojekten Mit gutem Gefühl kaufen Zuhause mieten Unsere Mietangebote Mit gutem Gefühl mieten Kapitalanl,KEEP,,BG-W2-01,"{""matched_aliases"": [""Hannover"", ""stahl""], ""score"": 6, ""tier"": ""secondary""}",bg_hunt,5:5f542910-8dcf-46a9-a77c-dfff0c64ee65:1152988574816141766,bg_hunt_alias_match,Hannover;stahl,6,true,false,secondary,1
EP03-0568,rel,5:5f542910-8dcf-46a9-a77c-dfff0c64ee65:1152988574816141758,bg_ziegel_wand_recyclinghaus_abbruchziegel_innenwaende,bt_wand,HAT_BAUTEILTYP,bg_ziegel_wand_recyclinghaus_abbruchziegel_innenwaende -HAT_BAUTEILTYP-> Wand,web,,false,,UNSUPPORTED,UNSUPPORTED,unbelegt,,KEEP_DEFERRED,,BG-W2-01,"{""queries_tried"": 1, ""urls"": [""https://www.gundlach-bau.de/projekte/recyclinghaus-hannover""], ""reason"": ""no_qualifying_quote""}",bg_hunt,5:5f542910-8dcf-46a9-a77c-dfff0c64ee65:1152988574816141758,,,,false,false,,1
EP03-0957,rel,5:5f542910-8dcf-46a9-a77c-dfff0c64ee65:1153001768955675072,bg_faserzement_fassade_recyclinghaus_faserzement,mat_faserzement,NUTZT_MATERIAL,bg_faserzement_fassade_recyclinghaus_faserzement -NUTZT_MATERIAL-> Faserzement / Eternit,web,,false,,UNSUPPORTED,UNSUPPORTED,unbelegt,,KEEP_DEFERRED,,BG-W2-01,"{""queries_tried"": 1, ""urls"": [""https://www.gundlach-bau.de/projekte/recyclinghaus-hannover""], ""reason"": ""no_qualifying_quote""}",bg_hunt,5:5f542910-8dcf-46a9-a77c-dfff0c64ee65:1153001768955675072,,,,false,false,,1
EP03-0964,rel,5:5f542910-8dcf-46a9-a77c-dfff0c64ee65:1153001768955675071,bg_glas_mehrere_recyclinghaus_aluminiumfenster,mat_aluminium,NUTZT_MATERIAL,bg_glas_mehrere_recyclinghaus_aluminiumfenster -NUTZT_MATERIAL-> Aluminium,web,,false,,UNSUPPORTED,UNSUPPORTED,unbelegt,,KEEP_DEFERRED,,BG-W2-01,"{""queries_tried"": 1, ""urls"": [""https://www.gundlach-bau.de/projekte/recyclinghaus-hannover""], ""reason"": ""no_qualifying_quote""}",bg_hunt,5:5f542910-8dcf-46a9-a77c-dfff0c64ee65:1153001768955675071,,,,false,false,,1
EP03-0965,rel,5:5f542910-8dcf-46a9-a77c-dfff0c64ee65:1155253568769360319,bg_glas_mehrere_recyclinghaus_aluminiumfenster,mat_glas,NUTZT_MATERIAL,bg_glas_mehrere_recyclinghaus_aluminiumfenster -NUTZT_MATERIAL-> Glas,web,,false,,UNSUPPORTED,UNSUPPORTED,unbelegt,,KEEP_DEFERRED,,BG-W2-01,"{""queries_tried"": 1, ""urls"": [""https://www.gundlach-bau.de/projekte/recyclinghaus-hannover""], ""reason"": ""no_qualifying_quote""}",bg_hunt,5:5f542910-8dcf-46a9-a77c-dfff0c64ee65:1155253568769360319,,,,false,false,,1
EP03-0966,rel,5:5f542910-8dcf-46a9-a77c-dfff0c64ee65:1153001768955675074,bg_glas_mehrere_recyclinghaus_profilbauglas,mat_glas,NUTZT_MATERIAL,bg_glas_mehrere_recyclinghaus_profilbauglas -NUTZT_MATERIAL-> Glas,web,,false,,UNSUPPORTED,UNSUPPORTED,unbelegt,,KEEP_DEFERRED,,BG-W2-01,"{""queries_tried"": 2, ""urls"": [""https://www.gundlach-bau.de/projekte/recyclinghaus-hannover""], ""reason"": ""no_qualifying_quote""}",bg_hunt,5:5f542910-8dcf-46a9-a77c-dfff0c64ee65:1153001768955675074,,,,false,false,,2
EP03-1017,rel,5:5f542910-8dcf-46a9-a77c-dfff0c64ee65:1153001768955675073,bg_holz_mehrere_recyclinghaus_messebauplatten_innenausbau,mat_holz,NUTZT_MATERIAL,bg_holz_mehrere_recyclinghaus_messebauplatten_innenausbau -NUTZT_MATERIAL-> Holz,web,,false,,UNSUPPORTED,UNSUPPORTED,unbelegt,,KEEP_DEFERRED,,BG-W2-01,"{""queries_tried"": 1, ""urls"": [""https://www.gundlach-bau.de/projekte/recyclinghaus-hannover""], ""reason"": ""no_qualifying_quote""}",bg_hunt,5:5f542910-8dcf-46a9-a77c-dfff0c64ee65:1153001768955675073,,,,false,false,,1
EP03-1018,rel,5:5f542910-8dcf-46a9-a77c-dfff0c64ee65:1153001768955675077,bg_holz_mehrere_recyclinghaus_saunabank_holzleisten,mat_holz,NUTZT_MATERIAL,bg_holz_mehrere_recyclinghaus_saunabank_holzleisten -NUTZT_MATERIAL-> Holz,web,E:\recherche\_neo4j\processed\projects\records\p_recyclinghaus_hannover.kg.jsonl,true,local,UNSUPPORTED,PARTIAL,niedrig,Holzleisten aus alten Saunabänken,KEEP,,BG-W2-01,"{""matched_aliases"": [""Holzleisten"", ""holzleisten""], ""score"": 7, ""tier"": ""primary"", ""source"": ""dossier_partial""}",bg_hunt,5:5f542910-8dcf-46a9-a77c-dfff0c64ee65:1153001768955675077,dossier,Holzleisten;holzleisten,7,true,true,primary,1
EP03-1160,rel,5:5f542910-8dcf-46a9-a77c-dfff0c64ee65:1153001768955675076,bg_mehrere_mehrere_recyclinghaus_sanitaer_feste_einbauten,mat_keramik,NUTZT_MATERIAL,bg_mehrere_mehrere_recyclinghaus_sanitaer_feste_einbauten -NUTZT_MATERIAL-> Keramik,web,,false,,UNSUPPORTED,UNSUPPORTED,unbelegt,,KEEP_DEFERRED,,BG-W2-01,"{""queries_tried"": 1, ""urls"": [""https://www.gundlach-bau.de/projekte/recyclinghaus-hannover""], ""reason"": ""no_qualifying_quote""}",bg_hunt,5:5f542910-8dcf-46a9-a77c-dfff0c64ee65:1153001768955675076,,,,false,false,,1
EP03-1161,rel,5:5f542910-8dcf-46a9-a77c-dfff0c64ee65:1155253568769360324,bg_mehrere_mehrere_recyclinghaus_sanitaer_feste_einbauten,mat_stahl,NUTZT_MATERIAL,bg_mehrere_mehrere_recyclinghaus_sanitaer_feste_einbauten -NUTZT_MATERIAL-> Stahl,web,https://www.gundlach-bau.de/projekte/recyclinghaus-hannover,true,404,UNSUPPORTED,PARTIAL,niedrig,Fehler 404: Gundlach Bau und Immobilien NEU IM VERKAUF: SonnenGärten | Reihenhäuser zum Kauf in Hannover-Groß-Buchholz - hier klicken und mehr erfahren Eingaben löschen Zuhause kaufen Zu den Neubauprojekten Mit gutem Gefühl kaufen Zuhause mieten Unsere Mietangebote Mit gutem Gefühl mieten Kapitalanl,KEEP,,BG-W2-01,"{""matched_aliases"": [""Hannover"", ""stahl""], ""score"": 6, ""tier"": ""secondary""}",bg_hunt,5:5f542910-8dcf-46a9-a77c-dfff0c64ee65:1155253568769360324,bg_hunt_alias_match,Hannover;stahl,6,true,false,secondary,1
EP03-1219,rel,5:5f542910-8dcf-46a9-a77c-dfff0c64ee65:6924364691430969886,bg_recyclingbeton_mehrere_recyclinghaus_fundament,mat_recyclingbeton,NUTZT_MATERIAL,bg_recyclingbeton_mehrere_recyclinghaus_fundament -NUTZT_MATERIAL-> Recyclingbeton,web,,false,,UNSUPPORTED,UNSUPPORTED,unbelegt,,KEEP_DEFERRED,,BG-W2-01,"{""queries_tried"": 1, ""urls"": [""https://www.gundlach-bau.de/projekte/recyclinghaus-hannover""], ""reason"": ""no_qualifying_quote""}",bg_hunt,5:5f542910-8dcf-46a9-a77c-dfff0c64ee65:6924364691430969886,,,,false,false,,1
EP03-1223,rel,5:5f542910-8dcf-46a9-a77c-dfff0c64ee65:1153001768955675078,bg_stahl_fassade_recyclinghaus_wellblech,mat_stahl,NUTZT_MATERIAL,bg_stahl_fassade_recyclinghaus_wellblech -NUTZT_MATERIAL-> Stahl,web,https://www.gundlach-bau.de/projekte/recyclinghaus-hannover,true,404,UNSUPPORTED,PARTIAL,niedrig,Fehler 404: Gundlach Bau und Immobilien NEU IM VERKAUF: SonnenGärten | Reihenhäuser zum Kauf in Hannover-Groß-Buchholz - hier klicken und mehr erfahren Eingaben löschen Zuhause kaufen Zu den Neubauprojekten Mit gutem Gefühl kaufen Zuhause mieten Unsere Mietangebote Mit gutem Gefühl mieten Kapitalanl,KEEP,,BG-W2-01,"{""matched_aliases"": [""Hannover"", ""stahl""], ""score"": 8, ""tier"": ""secondary""}",bg_hunt,5:5f542910-8dcf-46a9-a77c-dfff0c64ee65:1153001768955675078,bg_hunt_alias_match,Hannover;stahl,8,true,false,secondary,1
EP03-1316,rel,5:5f542910-8dcf-46a9-a77c-dfff0c64ee65:1153001768955675070,bg_ziegel_wand_recyclinghaus_abbruchziegel_innenwaende,mat_ziegel,NUTZT_MATERIAL,bg_ziegel_wand_recyclinghaus_abbruchziegel_innenwaende -NUTZT_MATERIAL-> Ziegel,web,,false,,UNSUPPORTED,UNSUPPORTED,unbelegt,,KEEP_DEFERRED,,BG-W2-01,"{""queries_tried"": 1, ""urls"": [""https://www.gundlach-bau.de/projekte/recyclinghaus-hannover""], ""reason"": ""no_qualifying_quote""}",bg_hunt,5:5f542910-8dcf-46a9-a77c-dfff0c64ee65:1153001768955675070,,,,false,false,,1
EP03-0182,rel,5:5f542910-8dcf-46a9-a77c-dfff0c64ee65:1152988574816141553,bg_holz_mehrere_brettschichtholzbogen_recypark_demets,bt_dach,HAT_BAUTEILTYP,bg_holz_mehrere_brettschichtholzbogen_recypark_demets -HAT_BAUTEILTYP-> Dach,web,,false,,UNSUPPORTED,UNSUPPORTED,hoch,,KEEP_DEFERRED,,BG-W2-01,"{""queries_tried"": 0, ""urls"": [], ""reason"": ""no_qualifying_quote""}",bg_hunt,5:5f542910-8dcf-46a9-a77c-dfff0c64ee65:1152988574816141553,,,,false,false,,0
EP03-0183,rel,5:5f542910-8dcf-46a9-a77c-dfff0c64ee65:1155240374629826801,bg_holz_mehrere_brettschichtholzbogen_recypark_demets,bt_traeger,HAT_BAUTEILTYP,bg_holz_mehrere_brettschichtholzbogen_recypark_demets -HAT_BAUTEILTYP-> Traeger,web,,false,,UNSUPPORTED,UNSUPPORTED,hoch,,KEEP_DEFERRED,,BG-W2-01,"{""queries_tried"": 0, ""urls"": [], ""reason"": ""no_qualifying_quote""}",bg_hunt,5:5f542910-8dcf-46a9-a77c-dfff0c64ee65:1155240374629826801,,,,false,false,,0
EP03-0995,rel,5:5f542910-8dcf-46a9-a77c-dfff0c64ee65:1153001768955674865,bg_holz_mehrere_brettschichtholzbogen_recypark_demets,mat_holz,NUTZT_MATERIAL,bg_holz_mehrere_brettschichtholzbogen_recypark_demets -NUTZT_MATERIAL-> Holz,web,,false,,UNSUPPORTED,UNSUPPORTED,unbelegt,,KEEP_DEFERRED,,BG-W2-01,"{""queries_tried"": 0, ""urls"": [], ""reason"": ""no_qualifying_quote""}",bg_hunt,5:5f542910-8dcf-46a9-a77c-dfff0c64ee65:1153001768955674865,,,,false,false,,0
EP03-0156,rel,5:5f542910-8dcf-46a9-a77c-dfff0c64ee65:1152988574816141655,bg_gusseisen_technik_gussradiatoren_resilience,bt_technik,HAT_BAUTEILTYP,bg_gusseisen_technik_gussradiatoren_resilience -HAT_BAUTEILTYP-> Technik,web,E:\recherche\_neo4j\processed\projects\records\p_resilience_la_ferme_des_possibles_stains.kg.jsonl,true,local,UNSUPPORTED,PARTIAL,niedrig,Gussradiatoren Résilience,KEEP,,BG-W2-01,"{""matched_aliases"": [""R\u00e9silience"", ""resilience""], ""score"": 7, ""tier"": ""primary"", ""source"": ""dossier_partial""}",bg_hunt,5:5f542910-8dcf-46a9-a77c-dfff0c64ee65:1152988574816141655,dossier,Résilience;resilience,7,true,true,primary,1
EP03-0173,rel,5:5f542910-8dcf-46a9-a77c-dfff0c64ee65:1152988574816141604,bg_holz_fenster_doppeltverglaste_holzfenster_resilience,bt_fenster,HAT_BAUTEILTYP,bg_holz_fenster_doppeltverglaste_holzfenster_resilience -HAT_BAUTEILTYP-> Fenster,web,E:\recherche\_neo4j\processed\projects\records\p_resilience_la_ferme_des_possibles_stains.kg.jsonl,true,local,UNSUPPORTED,PARTIAL,niedrig,Doppeltverglaste Holzfenster Résilience,KEEP,,BG-W2-01,"{""matched_aliases"": [""R\u00e9silience"", ""holzfenster""], ""score"": 7, ""tier"": ""primary"", ""source"": ""dossier_partial""}",bg_hunt,5:5f542910-8dcf-46a9-a77c-dfff0c64ee65:1152988574816141604,dossier,Résilience;holzfenster,7,true,true,primary,1
EP03-0201,rel,5:5f542910-8dcf-46a9-a77c-dfff0c64ee65:1152988574816141607,bg_holz_mehrere_einfachverglaste_holzfenster_resilience,bt_fassade,HAT_BAUTEILTYP,bg_holz_mehrere_einfachverglaste_holzfenster_resilience -HAT_BAUTEILTYP-> Fassade,web,,false,,UNSUPPORTED,UNSUPPORTED,hoch,,KEEP_DEFERRED,,BG-W2-01,"{""queries_tried"": 0, ""urls"": [], ""reason"": ""no_qualifying_quote""}",bg_hunt,5:5f542910-8dcf-46a9-a77c-dfff0c64ee65:1152988574816141607,,,,false,false,,0
EP03-0202,rel,5:5f542910-8dcf-46a9-a77c-dfff0c64ee65:1155240374629826855,bg_holz_mehrere_einfachverglaste_holzfenster_resilience,bt_fenster,HAT_BAUTEILTYP,bg_holz_mehrere_einfachverglaste_holzfenster_resilience -HAT_BAUTEILTYP-> Fenster,web,,false,,UNSUPPORTED,UNSUPPORTED,hoch,,KEEP_DEFERRED,,BG-W2-01,"{""queries_tried"": 0, ""urls"": [], ""reason"": ""no_qualifying_quote""}",bg_hunt,5:5f542910-8dcf-46a9-a77c-dfff0c64ee65:1155240374629826855,,,,false,false,,0
EP03-0259,rel,5:5f542910-8dcf-46a9-a77c-dfff0c64ee65:1152988574816141767,bg_keramik_technik_sanitarobjekte_resilience,bt_technik,HAT_BAUTEILTYP,bg_keramik_technik_sanitarobjekte_resilience -HAT_BAUTEILTYP-> Technik,web,E:\recherche\_neo4j\processed\projects\records\p_resilience_la_ferme_des_possibles_stains.kg.jsonl,true,local,UNSUPPORTED,PARTIAL,niedrig,Sanitärobjekte Résilience,KEEP,,BG-W2-01,"{""matched_aliases"": [""R\u00e9silience"", ""resilience""], ""score"": 7, ""tier"": ""primary"", ""source"": ""dossier_partial""}",bg_hunt,5:5f542910-8dcf-46a9-a77c-dfff0c64ee65:1152988574816141767,dossier,Résilience;resilience,7,true,true,primary,1
EP03-0266,rel,5:5f542910-8dcf-46a9-a77c-dfff0c64ee65:1152988574816141562,bg_lehm_mehrere_btc_ziegel_mur_trombe_resilience,bt_fassade,HAT_BAUTEILTYP,bg_lehm_mehrere_btc_ziegel_mur_trombe_resilience -HAT_BAUTEILTYP-> Fassade,web,E:\recherche\_neo4j\processed\projects\records\p_resilience_la_ferme_des_possibles_stains.kg.jsonl,true,local,UNSUPPORTED,PARTIAL,niedrig,BTC-Ziegel Mur Trombe Résilience,KEEP,,BG-W2-01,"{""matched_aliases"": [""R\u00e9silience"", ""mur""], ""score"": 7, ""tier"": ""primary"", ""source"": ""dossier_partial""}",bg_hunt,5:5f542910-8dcf-46a9-a77c-dfff0c64ee65:1152988574816141562,dossier,Résilience;mur,7,true,true,primary,1
EP03-0267,rel,5:5f542910-8dcf-46a9-a77c-dfff0c64ee65:1155240374629826810,bg_lehm_mehrere_btc_ziegel_mur_trombe_resilience,bt_wand,HAT_BAUTEILTYP,bg_lehm_mehrere_btc_ziegel_mur_trombe_resilience -HAT_BAUTEILTYP-> Wand,web,E:\recherche\_neo4j\processed\projects\records\p_resilience_la_ferme_des_possibles_stains.kg.jsonl,true,local,UNSUPPORTED,PROVEN,belegt,BTC-Ziegel Mur Trombe Résilience,UPGRADE,set_rel_properties,BG-W2-01,"{""matched_aliases"": [""R\u00e9silience"", ""mur""], ""score"": 9, ""tier"": ""primary"", ""source"": ""dossier""}",bg_hunt,5:5f542910-8dcf-46a9-a77c-dfff0c64ee65:1155240374629826810,bg_hunt_alias_match,Résilience;mur,9,true,true,primary,1
EP03-0389,rel,5:5f542910-8dcf-46a9-a77c-dfff0c64ee65:1152988574816141703,bg_mehrere_technik_leuchten_resilience,bt_technik,HAT_BAUTEILTYP,bg_mehrere_technik_leuchten_resilience -HAT_BAUTEILTYP-> Technik,web,E:\recherche\_neo4j\processed\projects\records\p_resilience_la_ferme_des_possibles_stains.kg.jsonl,true,local,UNSUPPORTED,PARTIAL,niedrig,Leuchten Résilience,KEEP,,BG-W2-01,"{""matched_aliases"": [""R\u00e9silience"", ""resilience""], ""score"": 7, ""tier"": ""primary"", ""source"": ""dossier_partial""}",bg_hunt,5:5f542910-8dcf-46a9-a77c-dfff0c64ee65:1152988574816141703,dossier,Résilience;resilience,7,true,true,primary,1
EP03-0403,rel,5:5f542910-8dcf-46a9-a77c-dfff0c64ee65:1152988574816141637,bg_naturstein_boden_granitpflaster_resilience,bt_boden,HAT_BAUTEILTYP,bg_naturstein_boden_granitpflaster_resilience -HAT_BAUTEILTYP-> Boden,web,E:\recherche\_neo4j\processed\projects\records\p_resilience_la_ferme_des_possibles_stains.kg.jsonl,true,local,UNSUPPORTED,PARTIAL,niedrig,Granitpflaster Résilience,KEEP,,BG-W2-01,"{""matched_aliases"": [""R\u00e9silience"", ""resilience""], ""score"": 7, ""tier"": ""primary"", ""source"": ""dossier_partial""}",bg_hunt,5:5f542910-8dcf-46a9-a77c-dfff0c64ee65:1152988574816141637,dossier,Résilience;resilience,7,true,true,primary,1
EP03-0967,rel,5:5f542910-8dcf-46a9-a77c-dfff0c64ee65:6924364691430969880,bg_gusseisen_technik_gussradiatoren_resilience,mat_gusseisen,NUTZT_MATERIAL,bg_gusseisen_technik_gussradiatoren_resilience -NUTZT_MATERIAL-> Gusseisen,web,E:\recherche\_neo4j\processed\projects\records\p_resilience_la_ferme_des_possibles_stains.kg.jsonl,true,local,UNSUPPORTED,PARTIAL,niedrig,Gussradiatoren Résilience,KEEP,,BG-W2-01,"{""matched_aliases"": [""R\u00e9silience"", ""resilience""], ""score"": 7, ""tier"": ""primary"", ""source"": ""dossier_partial""}",bg_hunt,5:5f542910-8dcf-46a9-a77c-dfff0c64ee65:6924364691430969880,dossier,Résilience;resilience,7,true,true,primary,1
EP03-0988,rel,5:5f542910-8dcf-46a9-a77c-dfff0c64ee65:1153001768955674916,bg_holz_fenster_doppeltverglaste_holzfenster_resilience,mat_glas,NUTZT_MATERIAL,bg_holz_fenster_doppeltverglaste_holzfenster_resilience -NUTZT_MATERIAL-> Glas,web,E:\recherche\_neo4j\processed\projects\records\p_resilience_la_ferme_des_possibles_stains.kg.jsonl,true,local,UNSUPPORTED,PARTIAL,niedrig,Doppeltverglaste Holzfenster Résilience,KEEP,,BG-W2-01,"{""matched_aliases"": [""R\u00e9silience"", ""holzfenster""], ""score"": 7, ""tier"": ""primary"", ""source"": ""dossier_partial""}",bg_hunt,5:5f542910-8dcf-46a9-a77c-dfff0c64ee65:1153001768955674916,dossier,Résilience;holzfenster,7,true,true,primary,1
EP03-0989,rel,5:5f542910-8dcf-46a9-a77c-dfff0c64ee65:1155253568769360164,bg_holz_fenster_doppeltverglaste_holzfenster_resilience,mat_holz,NUTZT_MATERIAL,bg_holz_fenster_doppeltverglaste_holzfenster_resilience -NUTZT_MATERIAL-> Holz,web,E:\recherche\_neo4j\processed\projects\records\p_resilience_la_ferme_des_possibles_stains.kg.jsonl,true,local,UNSUPPORTED,PARTIAL,niedrig,Doppeltverglaste Holzfenster Résilience,KEEP,,BG-W2-01,"{""matched_aliases"": [""R\u00e9silience"", ""holzfenster""], ""score"": 7, ""tier"": ""primary"", ""source"": ""dossier_partial""}",bg_hunt,5:5f542910-8dcf-46a9-a77c-dfff0c64ee65:1155253568769360164,dossier,Résilience;holzfenster,7,true,true,primary,1
EP03-1004,rel,5:5f542910-8dcf-46a9-a77c-dfff0c64ee65:1153001768955674919,bg_holz_mehrere_einfachverglaste_holzfenster_resilience,mat_glas,NUTZT_MATERIAL,bg_holz_mehrere_einfachverglaste_holzfenster_resilience -NUTZT_MATERIAL-> Glas,web,,false,,UNSUPPORTED,UNSUPPORTED,unbelegt,,KEEP_DEFERRED,,BG-W2-01,"{""queries_tried"": 0, ""urls"": [], ""reason"": ""no_qualifying_quote""}",bg_hunt,5:5f542910-8dcf-46a9-a77c-dfff0c64ee65:1153001768955674919,,,,false,false,,0
EP03-1005,rel,5:5f542910-8dcf-46a9-a77c-dfff0c64ee65:1155253568769360167,bg_holz_mehrere_einfachverglaste_holzfenster_resilience,mat_holz,NUTZT_MATERIAL,bg_holz_mehrere_einfachverglaste_holzfenster_resilience -NUTZT_MATERIAL-> Holz,web,,false,,UNSUPPORTED,UNSUPPORTED,unbelegt,,KEEP_DEFERRED,,BG-W2-01,"{""queries_tried"": 0, ""urls"": [], ""reason"": ""no_qualifying_quote""}",bg_hunt,5:5f542910-8dcf-46a9-a77c-dfff0c64ee65:1155253568769360167,,,,false,false,,0
EP03-1041,rel,5:5f542910-8dcf-46a9-a77c-dfff0c64ee65:1153001768955675079,bg_keramik_technik_sanitarobjekte_resilience,mat_keramik,NUTZT_MATERIAL,bg_keramik_technik_sanitarobjekte_resilience -NUTZT_MATERIAL-> Keramik,web,E:\recherche\_neo4j\processed\projects\records\p_resilience_la_ferme_des_possibles_stains.kg.jsonl,true,local,UNSUPPORTED,PARTIAL,niedrig,Sanitärobjekte Résilience,KEEP,,BG-W2-01,"{""matched_aliases"": [""R\u00e9silience"", ""resilience""], ""score"": 7, ""tier"": ""primary"", ""source"": ""dossier_partial""}",bg_hunt,5:5f542910-8dcf-46a9-a77c-dfff0c64ee65:1153001768955675079,dossier,Résilience;resilience,7,true,true,primary,1
EP03-1048,rel,5:5f542910-8dcf-46a9-a77c-dfff0c64ee65:1153001768955674874,bg_lehm_mehrere_btc_ziegel_mur_trombe_resilience,mat_lehm,NUTZT_MATERIAL,bg_lehm_mehrere_btc_ziegel_mur_trombe_resilience -NUTZT_MATERIAL-> Lehm,web,E:\recherche\_neo4j\processed\projects\records\p_resilience_la_ferme_des_possibles_stains.kg.jsonl,true,local,UNSUPPORTED,PARTIAL,niedrig,BTC-Ziegel Mur Trombe Résilience,KEEP,,BG-W2-01,"{""matched_aliases"": [""R\u00e9silience"", ""mur""], ""score"": 7, ""tier"": ""primary"", ""source"": ""dossier_partial""}",bg_hunt,5:5f542910-8dcf-46a9-a77c-dfff0c64ee65:1153001768955674874,dossier,Résilience;mur,7,true,true,primary,1
EP03-1195,rel,5:5f542910-8dcf-46a9-a77c-dfff0c64ee65:1153001768955675015,bg_mehrere_technik_leuchten_resilience,mat_glas,NUTZT_MATERIAL,bg_mehrere_technik_leuchten_resilience -NUTZT_MATERIAL-> Glas,web,E:\recherche\_neo4j\processed\projects\records\p_resilience_la_ferme_des_possibles_stains.kg.jsonl,true,local,UNSUPPORTED,PARTIAL,niedrig,Leuchten Résilience,KEEP,,BG-W2-01,"{""matched_aliases"": [""R\u00e9silience"", ""resilience""], ""score"": 7, ""tier"": ""primary"", ""source"": ""dossier_partial""}",bg_hunt,5:5f542910-8dcf-46a9-a77c-dfff0c64ee65:1153001768955675015,dossier,Résilience;resilience,7,true,true,primary,1
EP03-1196,rel,5:5f542910-8dcf-46a9-a77c-dfff0c64ee65:1155253568769360263,bg_mehrere_technik_leuchten_resilience,mat_stahl,NUTZT_MATERIAL,bg_mehrere_technik_leuchten_resilience -NUTZT_MATERIAL-> Stahl,web,E:\recherche\_neo4j\processed\projects\records\p_resilience_la_ferme_des_possibles_stains.kg.jsonl,true,local,UNSUPPORTED,PARTIAL,niedrig,Leuchten Résilience,KEEP,,BG-W2-01,"{""matched_aliases"": [""R\u00e9silience"", ""resilience""], ""score"": 7, ""tier"": ""primary"", ""source"": ""dossier_partial""}",bg_hunt,5:5f542910-8dcf-46a9-a77c-dfff0c64ee65:1155253568769360263,dossier,Résilience;resilience,7,true,true,primary,1
EP03-1213,rel,5:5f542910-8dcf-46a9-a77c-dfff0c64ee65:1153001768955674949,bg_naturstein_boden_granitpflaster_resilience,mat_naturstein,NUTZT_MATERIAL,bg_naturstein_boden_granitpflaster_resilience -NUTZT_MATERIAL-> Naturstein,web,E:\recherche\_neo4j\processed\projects\records\p_resilience_la_ferme_des_possibles_stains.kg.jsonl,true,local,UNSUPPORTED,PARTIAL,niedrig,Granitpflaster Résilience,KEEP,,BG-W2-01,"{""matched_aliases"": [""R\u00e9silience"", ""resilience""], ""score"": 7, ""tier"": ""primary"", ""source"": ""dossier_partial""}",bg_hunt,5:5f542910-8dcf-46a9-a77c-dfff0c64ee65:1153001768955674949,dossier,Résilience;resilience,7,true,true,primary,1
EP03-0562,rel,5:5f542910-8dcf-46a9-a77c-dfff0c64ee65:1152988574816141813,bg_ziegel_mehrere_resource_rows_ziegelfassade,bt_fassade,HAT_BAUTEILTYP,bg_ziegel_mehrere_resource_rows_ziegelfassade -HAT_BAUTEILTYP-> Fassade,web,,false,,UNSUPPORTED,UNSUPPORTED,unbelegt,,KEEP_DEFERRED,,BG-W2-01,"{""queries_tried"": 1, ""urls"": [""https://dac.dk/en/magazine/resource-rows""], ""reason"": ""no_qualifying_quote""}",bg_hunt,5:5f542910-8dcf-46a9-a77c-dfff0c64ee65:1152988574816141813,,,,false,false,,1
EP03-0563,rel,5:5f542910-8dcf-46a9-a77c-dfff0c64ee65:1155240374629827061,bg_ziegel_mehrere_resource_rows_ziegelfassade,bt_wand,HAT_BAUTEILTYP,bg_ziegel_mehrere_resource_rows_ziegelfassade -HAT_BAUTEILTYP-> Wand,web,,false,,UNSUPPORTED,UNSUPPORTED,unbelegt,,KEEP_DEFERRED,,BG-W2-01,"{""queries_tried"": 1, ""urls"": [""https://dac.dk/en/magazine/resource-rows""], ""reason"": ""no_qualifying_quote""}",bg_hunt,5:5f542910-8dcf-46a9-a77c-dfff0c64ee65:1155240374629827061,,,,false,false,,1
EP03-1311,rel,5:5f542910-8dcf-46a9-a77c-dfff0c64ee65:1153001768955675125,bg_ziegel_mehrere_resource_rows_ziegelfassade,mat_ziegel,NUTZT_MATERIAL,bg_ziegel_mehrere_resource_rows_ziegelfassade -NUTZT_MATERIAL-> Ziegel,web,,false,,UNSUPPORTED,UNSUPPORTED,unbelegt,,KEEP_DEFERRED,,BG-W2-01,"{""queries_tried"": 1, ""urls"": [""https://dac.dk/en/magazine/resource-rows""], ""reason"": ""no_qualifying_quote""}",bg_hunt,5:5f542910-8dcf-46a9-a77c-dfff0c64ee65:1153001768955675125,,,,false,false,,1
EP03-0288,rel,5:5f542910-8dcf-46a9-a77c-dfff0c64ee65:1152988574816141528,bg_mehrere_mehrere_bestandsfundamente_und_erste_geschosse_blackfriars,bt_decke,HAT_BAUTEILTYP,bg_mehrere_mehrere_bestandsfundamente_und_erste_geschosse_blackfriars -HAT_BAUTEILTYP-> Decke,web,E:\recherche\_neo4j\processed\projects\records\p_roots_in_the_sky_blackfriars_crown_court.kg.jsonl,true,local,UNSUPPORTED,PARTIAL,niedrig,Bestandsfundamente und erste Geschosse Blackfriars,KEEP,,BG-W2-01,"{""matched_aliases"": [""blackfriars"", ""erste""], ""score"": 7, ""tier"": ""primary"", ""source"": ""dossier_partial""}",bg_hunt,5:5f542910-8dcf-46a9-a77c-dfff0c64ee65:1152988574816141528,dossier,blackfriars;erste,7,true,true,primary,1
EP03-0289,rel,5:5f542910-8dcf-46a9-a77c-dfff0c64ee65:1155240374629826776,bg_mehrere_mehrere_bestandsfundamente_und_erste_geschosse_blackfriars,bt_fundament,HAT_BAUTEILTYP,bg_mehrere_mehrere_bestandsfundamente_und_erste_geschosse_blackfriars -HAT_BAUTEILTYP-> Fundament,web,E:\recherche\_neo4j\processed\projects\records\p_roots_in_the_sky_blackfriars_crown_court.kg.jsonl,true,local,UNSUPPORTED,PARTIAL,niedrig,Bestandsfundamente und erste Geschosse Blackfriars,KEEP,,BG-W2-01,"{""matched_aliases"": [""blackfriars"", ""erste""], ""score"": 7, ""tier"": ""primary"", ""source"": ""dossier_partial""}",bg_hunt,5:5f542910-8dcf-46a9-a77c-dfff0c64ee65:1155240374629826776,dossier,blackfriars;erste,7,true,true,primary,1
EP03-0290,rel,5:5f542910-8dcf-46a9-a77c-dfff0c64ee65:1157492174443512024,bg_mehrere_mehrere_bestandsfundamente_und_erste_geschosse_blackfriars,bt_wand,HAT_BAUTEILTYP,bg_mehrere_mehrere_bestandsfundamente_und_erste_geschosse_blackfriars -HAT_BAUTEILTYP-> Wand,web,E:\recherche\_neo4j\processed\projects\records\p_roots_in_the_sky_blackfriars_crown_court.kg.jsonl,true,local,UNSUPPORTED,PARTIAL,niedrig,Bestandsfundamente und erste Geschosse Blackfriars,KEEP,,BG-W2-01,"{""matched_aliases"": [""blackfriars"", ""erste""], ""score"": 7, ""tier"": ""primary"", ""source"": ""dossier_partial""}",bg_hunt,5:5f542910-8dcf-46a9-a77c-dfff0c64ee65:1157492174443512024,dossier,blackfriars;erste,7,true,true,primary,1
EP03-0447,rel,5:5f542910-8dcf-46a9-a77c-dfff0c64ee65:1152988574816141625,bg_stahl_mehrere_geplante_stahltrager_roots,bt_stuetze,HAT_BAUTEILTYP,bg_stahl_mehrere_geplante_stahltrager_roots -HAT_BAUTEILTYP-> Stuetze,web,E:\recherche\_neo4j\processed\projects\records\p_roots_in_the_sky_blackfriars_crown_court.kg.jsonl,true,local,UNSUPPORTED,PARTIAL,niedrig,Geplante Stahlträger / Stahlprofile Roots,KEEP,,BG-W2-01,"{""matched_aliases"": [""Roots"", ""roots""], ""score"": 7, ""tier"": ""primary"", ""source"": ""dossier_partial""}",bg_hunt,5:5f542910-8dcf-46a9-a77c-dfff0c64ee65:1152988574816141625,dossier,Roots;roots,7,true,true,primary,1
EP03-0448,rel,5:5f542910-8dcf-46a9-a77c-dfff0c64ee65:1155240374629826873,bg_stahl_mehrere_geplante_stahltrager_roots,bt_traeger,HAT_BAUTEILTYP,bg_stahl_mehrere_geplante_stahltrager_roots -HAT_BAUTEILTYP-> Traeger,web,E:\recherche\_neo4j\processed\projects\records\p_roots_in_the_sky_blackfriars_crown_court.kg.jsonl,true,local,UNSUPPORTED,PARTIAL,niedrig,Geplante Stahlträger / Stahlprofile Roots,KEEP,,BG-W2-01,"{""matched_aliases"": [""Roots"", ""roots""], ""score"": 7, ""tier"": ""primary"", ""source"": ""dossier_partial""}",bg_hunt,5:5f542910-8dcf-46a9-a77c-dfff0c64ee65:1155240374629826873,dossier,Roots;roots,7,true,true,primary,1
EP03-1082,rel,5:5f542910-8dcf-46a9-a77c-dfff0c64ee65:1153001768955674840,bg_mehrere_mehrere_bestandsfundamente_und_erste_geschosse_blackfriars,mat_beton,NUTZT_MATERIAL,bg_mehrere_mehrere_bestandsfundamente_und_erste_geschosse_blackfriars -NUTZT_MATERIAL-> Beton,web,E:\recherche\_neo4j\processed\projects\records\p_roots_in_the_sky_blackfriars_crown_court.kg.jsonl,true,local,UNSUPPORTED,PARTIAL,niedrig,Bestandsfundamente und erste Geschosse Blackfriars,KEEP,,BG-W2-01,"{""matched_aliases"": [""blackfriars"", ""erste""], ""score"": 7, ""tier"": ""primary"", ""source"": ""dossier_partial""}",bg_hunt,5:5f542910-8dcf-46a9-a77c-dfff0c64ee65:1153001768955674840,dossier,blackfriars;erste,7,true,true,primary,1
EP03-1083,rel,5:5f542910-8dcf-46a9-a77c-dfff0c64ee65:1155253568769360088,bg_mehrere_mehrere_bestandsfundamente_und_erste_geschosse_blackfriars,mat_stahl,NUTZT_MATERIAL,bg_mehrere_mehrere_bestandsfundamente_und_erste_geschosse_blackfriars -NUTZT_MATERIAL-> Stahl,web,E:\recherche\_neo4j\processed\projects\records\p_roots_in_the_sky_blackfriars_crown_court.kg.jsonl,true,local,UNSUPPORTED,PARTIAL,niedrig,Bestandsfundamente und erste Geschosse Blackfriars,KEEP,,BG-W2-01,"{""matched_aliases"": [""blackfriars"", ""erste""], ""score"": 7, ""tier"": ""primary"", ""source"": ""dossier_partial""}",bg_hunt,5:5f542910-8dcf-46a9-a77c-dfff0c64ee65:1155253568769360088,dossier,blackfriars;erste,7,true,true,primary,1
EP03-1240,rel,5:5f542910-8dcf-46a9-a77c-dfff0c64ee65:1153001768955674937,bg_stahl_mehrere_geplante_stahltrager_roots,mat_stahl,NUTZT_MATERIAL,bg_stahl_mehrere_geplante_stahltrager_roots -NUTZT_MATERIAL-> Stahl,web,E:\recherche\_neo4j\processed\projects\records\p_roots_in_the_sky_blackfriars_crown_court.kg.jsonl,true,local,UNSUPPORTED,PARTIAL,niedrig,Geplante Stahlträger / Stahlprofile Roots,KEEP,,BG-W2-01,"{""matched_aliases"": [""Roots"", ""roots""], ""score"": 7, ""tier"": ""primary"", ""source"": ""dossier_partial""}",bg_hunt,5:5f542910-8dcf-46a9-a77c-dfff0c64ee65:1153001768955674937,dossier,Roots;roots,7,true,true,primary,1
EP03-0443,rel,5:5f542910-8dcf-46a9-a77c-dfff0c64ee65:1152988574816141605,bg_stahl_mehrere_drill_stem_pipe_dachtragwerk_saxum,bt_dach,HAT_BAUTEILTYP,bg_stahl_mehrere_drill_stem_pipe_dachtragwerk_saxum -HAT_BAUTEILTYP-> Dach,web,E:\recherche\_neo4j\processed\projects\records\p_saxum_vineyard_equipment_barn_paso_robles.kg.jsonl,true,local,UNSUPPORTED,PARTIAL,niedrig,Drill-Stem-Pipe Dachtragwerk Saxum,KEEP,,BG-W2-01,"{""matched_aliases"": [""Saxum"", ""pipe""], ""score"": 7, ""tier"": ""primary"", ""source"": ""dossier_partial""}",bg_hunt,5:5f542910-8dcf-46a9-a77c-dfff0c64ee65:1152988574816141605,dossier,Saxum;pipe,7,true,true,primary,1
EP03-0444,rel,5:5f542910-8dcf-46a9-a77c-dfff0c64ee65:1155240374629826853,bg_stahl_mehrere_drill_stem_pipe_dachtragwerk_saxum,bt_traeger,HAT_BAUTEILTYP,bg_stahl_mehrere_drill_stem_pipe_dachtragwerk_saxum -HAT_BAUTEILTYP-> Traeger,web,E:\recherche\_neo4j\processed\projects\records\p_saxum_vineyard_equipment_barn_paso_robles.kg.jsonl,true,local,UNSUPPORTED,PARTIAL,niedrig,Drill-Stem-Pipe Dachtragwerk Saxum,KEEP,,BG-W2-01,"{""matched_aliases"": [""Saxum"", ""pipe""], ""score"": 7, ""tier"": ""primary"", ""source"": ""dossier_partial""}",bg_hunt,5:5f542910-8dcf-46a9-a77c-dfff0c64ee65:1155240374629826853,dossier,Saxum;pipe,7,true,true,primary,1
EP03-0485,rel,5:5f542910-8dcf-46a9-a77c-dfff0c64ee65:1152988574816141808,bg_stahl_mehrere_wetternde_offcut_tore_saxum,bt_fassade,HAT_BAUTEILTYP,bg_stahl_mehrere_wetternde_offcut_tore_saxum -HAT_BAUTEILTYP-> Fassade,web,E:\recherche\_neo4j\processed\projects\records\p_saxum_vineyard_equipment_barn_paso_robles.kg.jsonl,true,local,UNSUPPORTED,PARTIAL,niedrig,Wetternde Stahl-Offcut-Tore Saxum,KEEP,,BG-W2-01,"{""matched_aliases"": [""Saxum"", ""tore"", ""stahl""], ""score"": 9, ""tier"": ""primary"", ""source"": ""dossier_partial""}",bg_hunt,5:5f542910-8dcf-46a9-a77c-dfff0c64ee65:1152988574816141808,dossier,Saxum;tore;stahl,9,true,true,primary,1
EP03-0486,rel,5:5f542910-8dcf-46a9-a77c-dfff0c64ee65:1155240374629827056,bg_stahl_mehrere_wetternde_offcut_tore_saxum,bt_tuer,HAT_BAUTEILTYP,bg_stahl_mehrere_wetternde_offcut_tore_saxum -HAT_BAUTEILTYP-> Tuer,web,E:\recherche\_neo4j\processed\projects\records\p_saxum_vineyard_equipment_barn_paso_robles.kg.jsonl,true,local,UNSUPPORTED,PARTIAL,niedrig,Wetternde Stahl-Offcut-Tore Saxum,KEEP,,BG-W2-01,"{""matched_aliases"": [""Saxum"", ""tore"", ""stahl""], ""score"": 9, ""tier"": ""primary"", ""source"": ""dossier_partial""}",bg_hunt,5:5f542910-8dcf-46a9-a77c-dfff0c64ee65:1155240374629827056,dossier,Saxum;tore;stahl,9,true,true,primary,1
EP03-0488,rel,5:5f542910-8dcf-46a9-a77c-dfff0c64ee65:1152988574816141606,bg_stahl_stuetze_drill_stem_pipe_stutzen_saxum,bt_stuetze,HAT_BAUTEILTYP,bg_stahl_stuetze_drill_stem_pipe_stutzen_saxum -HAT_BAUTEILTYP-> Stuetze,web,E:\recherche\_neo4j\processed\projects\records\p_saxum_vineyard_equipment_barn_paso_robles.kg.jsonl,true,local,UNSUPPORTED,PARTIAL,niedrig,Drill-Stem-Pipe Stützen Saxum,KEEP,,BG-W2-01,"{""matched_aliases"": [""Saxum"", ""stem""], ""score"": 7, ""tier"": ""primary"", ""source"": ""dossier_partial""}",bg_hunt,5:5f542910-8dcf-46a9-a77c-dfff0c64ee65:1152988574816141606,dossier,Saxum;stem,7,true,true,primary,1
EP03-1238,rel,5:5f542910-8dcf-46a9-a77c-dfff0c64ee65:1153001768955674917,bg_stahl_mehrere_drill_stem_pipe_dachtragwerk_saxum,mat_stahl,NUTZT_MATERIAL,bg_stahl_mehrere_drill_stem_pipe_dachtragwerk_saxum -NUTZT_MATERIAL-> Stahl,web,E:\recherche\_neo4j\processed\projects\records\p_saxum_vineyard_equipment_barn_paso_robles.kg.jsonl,true,local,UNSUPPORTED,PARTIAL,niedrig,Drill-Stem-Pipe Dachtragwerk Saxum,KEEP,,BG-W2-01,"{""matched_aliases"": [""Saxum"", ""pipe""], ""score"": 7, ""tier"": ""primary"", ""source"": ""dossier_partial""}",bg_hunt,5:5f542910-8dcf-46a9-a77c-dfff0c64ee65:1153001768955674917,dossier,Saxum;pipe,7,true,true,primary,1
EP03-1258,rel,5:5f542910-8dcf-46a9-a77c-dfff0c64ee65:1153001768955675120,bg_stahl_mehrere_wetternde_offcut_tore_saxum,mat_stahl,NUTZT_MATERIAL,bg_stahl_mehrere_wetternde_offcut_tore_saxum -NUTZT_MATERIAL-> Stahl,web,https://www.saxumvineyards.com/,true,local,UNSUPPORTED,PROVEN,belegt,Wetternde Stahl-Offcut-Tore Saxum,UPGRADE,set_rel_properties,BG-W2-01,"{""matched_aliases"": [""Saxum"", ""tore"", ""stahl""], ""score"": 11, ""tier"": ""primary"", ""source"": ""dossier""}",bg_hunt,5:5f542910-8dcf-46a9-a77c-dfff0c64ee65:1153001768955675120,bg_hunt_alias_match,Saxum;tore;stahl,11,true,true,primary,1
EP03-1260,rel,5:5f542910-8dcf-46a9-a77c-dfff0c64ee65:1153001768955674918,bg_stahl_stuetze_drill_stem_pipe_stutzen_saxum,mat_stahl,NUTZT_MATERIAL,bg_stahl_stuetze_drill_stem_pipe_stutzen_saxum -NUTZT_MATERIAL-> Stahl,web,E:\recherche\_neo4j\processed\projects\records\p_saxum_vineyard_equipment_barn_paso_robles.kg.jsonl,true,local,UNSUPPORTED,PARTIAL,niedrig,Drill-Stem-Pipe Stützen Saxum,KEEP,,BG-W2-01,"{""matched_aliases"": [""Saxum"", ""stem""], ""score"": 7, ""tier"": ""primary"", ""source"": ""dossier_partial""}",bg_hunt,5:5f542910-8dcf-46a9-a77c-dfff0c64ee65:1153001768955674918,dossier,Saxum;stem,7,true,true,primary,1
EP03-0364,rel,5:5f542910-8dcf-46a9-a77c-dfff0c64ee65:1152988574816141769,bg_mehrere_mehrere_superlocal_beton_wohnungsteile,bt_decke,HAT_BAUTEILTYP,bg_mehrere_mehrere_superlocal_beton_wohnungsteile -HAT_BAUTEILTYP-> Decke,web,E:\recherche\_neo4j\processed\projects\records\p_superlocal_expogebouw_bleijerheide.kg.jsonl,true,local,UNSUPPORTED,PARTIAL,niedrig,Drei Beton-Wohnungsteile / Großmodule,KEEP,,BG-W2-01,"{""matched_aliases"": [""Drei Beton-Wohnungsteile"", ""wohnungsteile""], ""score"": 7, ""tier"": ""primary"", ""source"": ""dossier_partial""}",bg_hunt,5:5f542910-8dcf-46a9-a77c-dfff0c64ee65:1152988574816141769,dossier,Drei Beton-Wohnungsteile;wohnungsteile,7,true,true,primary,1
EP03-0365,rel,5:5f542910-8dcf-46a9-a77c-dfff0c64ee65:1155240374629827017,bg_mehrere_mehrere_superlocal_beton_wohnungsteile,bt_wand,HAT_BAUTEILTYP,bg_mehrere_mehrere_superlocal_beton_wohnungsteile -HAT_BAUTEILTYP-> Wand,web,E:\recherche\_neo4j\processed\projects\records\p_superlocal_expogebouw_bleijerheide.kg.jsonl,true,local,UNSUPPORTED,PARTIAL,niedrig,Drei Beton-Wohnungsteile / Großmodule,KEEP,,BG-W2-01,"{""matched_aliases"": [""Drei Beton-Wohnungsteile"", ""wohnungsteile""], ""score"": 7, ""tier"": ""primary"", ""source"": ""dossier_partial""}",bg_hunt,5:5f542910-8dcf-46a9-a77c-dfff0c64ee65:1155240374629827017,dossier,Drei Beton-Wohnungsteile;wohnungsteile,7,true,true,primary,1
EP03-0366,rel,5:5f542910-8dcf-46a9-a77c-dfff0c64ee65:1152988574816141770,bg_mehrere_mehrere_superlocal_fenster_kozijnen,bt_fassade,HAT_BAUTEILTYP,bg_mehrere_mehrere_superlocal_fenster_kozijnen -HAT_BAUTEILTYP-> Fassade,web,,false,,UNSUPPORTED,UNSUPPORTED,unbelegt,,KEEP_DEFERRED,,BG-W2-01,"{""queries_tried"": 2, ""urls"": [""https://www.kerkrade.nl/superlocal-bleijerheide""], ""reason"": ""no_qualifying_quote""}",bg_hunt,5:5f542910-8dcf-46a9-a77c-dfff0c64ee65:1152988574816141770,,,,false,false,,2
EP03-0367,rel,5:5f542910-8dcf-46a9-a77c-dfff0c64ee65:1155240374629827018,bg_mehrere_mehrere_superlocal_fenster_kozijnen,bt_fenster,HAT_BAUTEILTYP,bg_mehrere_mehrere_superlocal_fenster_kozijnen -HAT_BAUTEILTYP-> Fenster,web,,false,,UNSUPPORTED,UNSUPPORTED,unbelegt,,KEEP_DEFERRED,,BG-W2-01,"{""queries_tried"": 2, ""urls"": [""https://www.kerkrade.nl/superlocal-bleijerheide""], ""reason"": ""no_qualifying_quote""}",bg_hunt,5:5f542910-8dcf-46a9-a77c-dfff0c64ee65:1155240374629827018,,,,false,false,,2
