claim_id,claim_kind,element_id,from_id,to_id,rel_type_or_label,asserted_claim,basis_type,basis_ref,fetched,http_status,verdict,confidence,proof_quote,proposed_action,agent_id,notes
F05-rel-0001,rel,5:5f542910-8dcf-46a9-a77c-dfff0c64ee65:1153084232327762802,p_europa_building_brussels,nf_bauteilidentifikation,ERFORDERT_NACHWEIS,p_europa_building_brussels -ERFORDERT_NACHWEIS-> nf_bauteilidentifikation (Flanders demolition monitoring via Tracimat requires component identification),web,https://ovam.vlaanderen.be/bouw-sloopopvolging,true,200,PROVEN,belegt,"Tracimat is momenteel de enige erkende sloopbeheerorganisatie. Sinds 1 juli 2022 is sloopopvolging door een sloopbeheerorganisatie voor grote werven verplicht.",KEEP,F05,"prior P604-agent07-rel-0668 UNVERIFIABLE (stale VITO URL); live graph source_url=OVAM; OVAM re-fetch confirms Tracimat monopoly + mandatory sloopopvolgingsplan"
F05-rel-0002,rel,5:5f542910-8dcf-46a9-a77c-dfff0c64ee65:1153084232327763095,p_institut_de_botanique_ulg_liege,nf_bauteilidentifikation,ERFORDERT_NACHWEIS,p_institut_de_botanique_ulg_liege -ERFORDERT_NACHWEIS-> nf_bauteilidentifikation (Flanders demolition monitoring via Tracimat requires component identification),web,https://ovam.vlaanderen.be/bouw-sloopopvolging,true,200,PROVEN,belegt,"Tracimat is momenteel de enige erkende sloopbeheerorganisatie. Sinds 1 juli 2022 is sloopopvolging door een sloopbeheerorganisatie voor grote werven verplicht.",KEEP,F05,"prior P604-agent07-rel-0669 UNVERIFIABLE (stale VITO URL); live graph source_url=OVAM; shared OVAM evidence"
F05-rel-0003,rel,5:5f542910-8dcf-46a9-a77c-dfff0c64ee65:1153084232327763248,p_lo_reninge_town_hall_facade,nf_bauteilidentifikation,ERFORDERT_NACHWEIS,p_lo_reninge_town_hall_facade -ERFORDERT_NACHWEIS-> nf_bauteilidentifikation (Flanders demolition monitoring via Tracimat requires component identification),web,https://ovam.vlaanderen.be/bouw-sloopopvolging,true,200,PROVEN,belegt,"Tracimat is momenteel de enige erkende sloopbeheerorganisatie. Sinds 1 juli 2022 is sloopopvolging door een sloopbeheerorganisatie voor grote werven verplicht.",KEEP,F05,"prior P604-agent07-rel-0670 UNVERIFIABLE (stale VITO URL); live graph source_url=OVAM; shared OVAM evidence"
F05-rel-0004,rel,5:5f542910-8dcf-46a9-a77c-dfff0c64ee65:1153084232327763344,p_multi_brussels_reuse_in_multi,nf_bauteilidentifikation,ERFORDERT_NACHWEIS,p_multi_brussels_reuse_in_multi -ERFORDERT_NACHWEIS-> nf_bauteilidentifikation (Flanders demolition monitoring via Tracimat requires component identification),web,https://ovam.vlaanderen.be/bouw-sloopopvolging,true,200,PROVEN,belegt,"Tracimat is momenteel de enige erkende sloopbeheerorganisatie. Sinds 1 juli 2022 is sloopopvolging door een sloopbeheerorganisatie voor grote werven verplicht.",KEEP,F05,"prior P604-agent07-rel-0671 UNVERIFIABLE (stale VITO URL); live graph source_url=OVAM; shared OVAM evidence"
F05-rel-0005,rel,5:5f542910-8dcf-46a9-a77c-dfff0c64ee65:1153084232327763357,p_musee_de_folklore_mouscron,nf_bauteilidentifikation,ERFORDERT_NACHWEIS,p_musee_de_folklore_mouscron -ERFORDERT_NACHWEIS-> nf_bauteilidentifikation (Flanders demolition monitoring via Tracimat requires component identification),web,https://ovam.vlaanderen.be/bouw-sloopopvolging,true,200,PROVEN,belegt,"Tracimat is momenteel de enige erkende sloopbeheerorganisatie. Sinds 1 juli 2022 is sloopopvolging door een sloopbeheerorganisatie voor grote werven verplicht.",KEEP,F05,"prior P604-agent07-rel-0672 UNVERIFIABLE (stale VITO URL); live graph source_url=OVAM; shared OVAM evidence"
F05-rel-0006,rel,5:5f542910-8dcf-46a9-a77c-dfff0c64ee65:1153084232327763458,p_recypark_demets_anderlecht,nf_bauteilidentifikation,ERFORDERT_NACHWEIS,p_recypark_demets_anderlecht -ERFORDERT_NACHWEIS-> nf_bauteilidentifikation (Flanders demolition monitoring via Tracimat requires component identification),web,https://ovam.vlaanderen.be/bouw-sloopopvolging,true,200,PROVEN,belegt,"Tracimat is momenteel de enige erkende sloopbeheerorganisatie. Sinds 1 juli 2022 is sloopopvolging door een sloopbeheerorganisatie voor grote werven verplicht.",KEEP,F05,"prior P604-agent07-rel-0673 UNVERIFIABLE (stale VITO URL); live graph source_url=OVAM; shared OVAM evidence"
F05-rel-0007,rel,5:5f542910-8dcf-46a9-a77c-dfff0c64ee65:1153084232327763693,p_verbiest_karreveld_brussels,nf_bauteilidentifikation,ERFORDERT_NACHWEIS,p_verbiest_karreveld_brussels -ERFORDERT_NACHWEIS-> nf_bauteilidentifikation (Flanders demolition monitoring via Tracimat requires component identification),web,https://ovam.vlaanderen.be/bouw-sloopopvolging,true,200,PROVEN,belegt,"Tracimat is momenteel de enige erkende sloopbeheerorganisatie. Sinds 1 juli 2022 is sloopopvolging door een sloopbeheerorganisatie voor grote werven verplicht.",KEEP,F05,"prior P604-agent07-rel-0674 UNVERIFIABLE (stale VITO URL); live graph source_url=OVAM; shared OVAM evidence"
F05-rel-0008,rel,5:5f542910-8dcf-46a9-a77c-dfff0c64ee65:1153084232327763775,p_zinneke_feder_masui4ever_brussels,nf_bauteilidentifikation,ERFORDERT_NACHWEIS,p_zinneke_feder_masui4ever_brussels -ERFORDERT_NACHWEIS-> nf_bauteilidentifikation (Flanders demolition monitoring via Tracimat requires component identification),web,https://ovam.vlaanderen.be/bouw-sloopopvolging,true,200,PROVEN,belegt,"Tracimat is momenteel de enige erkende sloopbeheerorganisatie. Sinds 1 juli 2022 is sloopopvolging door een sloopbeheerorganisatie voor grote werven verplicht.",KEEP,F05,"prior P604-agent07-rel-0675 UNVERIFIABLE (stale VITO URL); live graph source_url=OVAM; shared OVAM evidence"
F05-rel-0009,rel,5:5f542910-8dcf-46a9-a77c-dfff0c64ee65:1157538353931917937,re_store_harvestmap_vienna,peter_kneidinger,VERBUNDEN_MIT_AKTEUR,re_store_harvestmap_vienna -VERBUNDEN_MIT_AKTEUR-> peter_kneidinger (Peter Kneidinger chairs HarvestMAP eG / re:store),web,https://restore.or.at/impressum,true,200,PROVEN,belegt,"Impressum re:store : HarvestMAP eG – Genossenschaft zur Vermittlung von re:use Bauteilen … Vorstandsvorsitzender & gewerberechtliche Geschäftsführung: Ing. Peter Kneidinger",ADD_SOURCE,F05,"prior EP09-r-0040/Q05-EP09-r-0040 PARTIAL; graph rel has null evidence_url; strict two-endpoint gate passes on re:store impressum; propose set_rel_properties patch (not applied)"
