claim_id,claim_kind,element_id,from_id,to_id,rel_type_or_label,asserted_claim,basis_type,basis_ref,fetched,http_status,verdict,confidence,proof_quote,proposed_action,agent_id,notes,scope,prior_verdict,prior_claim_id
P604-EP09-r-0003,rel,5:5f542910-8dcf-46a9-a77c-dfff0c64ee65:1155274459490292664,albert_and_co,p_ferme_du_rail_paris,BETEILIGT_AN,albert_and_co -BETEILIGT_AN-> p_ferme_du_rail_paris,web,https://grandhuit.eu/projet/ferme-du-rail/,true,200,PROVEN,belegt,"rand huit avec albert et cie (amo), scoping (bet tce), gamba (bet acoustique) et toreana, pouget (be thermique), melanie drevet paysagi",ADD_SOURCE,P6-04,participation link present but unsourced; post-R03 merge survivor — inherited Agent 09 dossier corroboration,A,PARTIAL,EP09-r-0003
P604-EP09-r-0004,rel,5:5f542910-8dcf-46a9-a77c-dfff0c64ee65:1153022659676608668,archipel_zero,p_resilience_la_ferme_des_possibles_stains,BETEILIGT_AN,archipel_zero -BETEILIGT_AN-> p_resilience_la_ferme_des_possibles_stains,web,https://topophile.net/faire/la-ferme-des-possibles-ou-de-la-serendipite/,true,200,PROVEN,belegt,"ploads/2020/12/archipel-zero-la-ferme-des-possibles-exterieur-ouest-2-raphael-pauschitz.jpg"",""url"":""https://topophile.net/wp-content/up",ADD_SOURCE,P6-04,participation link present but unsourced; post-R03 merge survivor — inherited Agent 09 dossier corroboration,A,PARTIAL,EP09-r-0004
P604-EP09-r-0010,rel,5:5f542910-8dcf-46a9-a77c-dfff0c64ee65:1155274459490293157,greisch,p_recypark_demets_anderlecht,BETEILIGT_AN,greisch -BETEILIGT_AN-> p_recypark_demets_anderlecht,web,https://www.greisch.com/en/projet/anderlecht-recypark-wood-expertise/,true,200,PROVEN,belegt,"ref"")); bureau greisch - anderlecht recypark - wood expertise bureau greisch - anderlecht recypark - wood expertise {""@context"":""https:",ADD_SOURCE,P6-04,participation link present but unsourced; post-R03 merge survivor — inherited Agent 09 dossier corroboration,A,PARTIAL,EP09-r-0010
P604-EP09-r-0011,rel,5:5f542910-8dcf-46a9-a77c-dfff0c64ee65:1155274459490292391,iemb_tu_berlin,p_plattenpalast_berlin,BETEILIGT_AN,iemb_tu_berlin -BETEILIGT_AN-> p_plattenpalast_berlin,web,https://wwstudio.de/projects/plattenpalst,true,200,PROVEN,belegt,claus asam vom iemb in zusammenarbeit mit dem berliner architekturburo wiewiorra hopp architekten als prototyp entwickelt. es ist das e,ADD_SOURCE,P6-04,Q5 revert: geo-token false positive (shared 'berlin'); needs project-specific source,A,PARTIAL,EP09-r-0011
P604-EP09-r-0012,rel,5:5f542910-8dcf-46a9-a77c-dfff0c64ee65:1155274459490294106,pirmin_jung_schweiz_ag,p_lysp8_basel,BETEILIGT_AN,pirmin_jung_schweiz_ag -BETEILIGT_AN-> p_lysp8_basel,web,https://zirkular.net/en/project/lysp8/,true,200,PROVEN,belegt,"on management) pirmin jung (fachplanung holzbau) architecture: loeliger strub architektur credits: martin zeller, loeliger strub archit",ADD_SOURCE,P6-04,Q5 revert: geo-token false positive; needs lysp8.ch or project page,A,PARTIAL,EP09-r-0012
P604-agent07-rel-0668,rel,5:5f542910-8dcf-46a9-a77c-dfff0c64ee65:1153084232327762802,p_europa_building_brussels,nf_bauteilidentifikation,ERFORDERT_NACHWEIS,Tracimat is the only recognised demolition management organisation in Flanders; demolition monitoring plans enable processing into secondary raw materials.,web,https://vito.be/en/news/demolition-guide-recognizes-building-materials-recycling-or-reuse,true,403,UNVERIFIABLE,unbelegt,,RESOURCE,P6-04,"Page loads 200 but content is the news landing page, not the cited article; cannot confirm Tracimat claim from this fetch. RESOURCE/re-confirm article URL; [P6-05] Page loads 200 but content is the news landing page, not the cited article; cannot confirm Tracimat claim from this fetch. RESOURCE/re-confirm article URL",B,UNVERIFIABLE,agent07-rel-0668
P604-agent07-rel-0669,rel,5:5f542910-8dcf-46a9-a77c-dfff0c64ee65:1153084232327763095,p_institut_de_botanique_ulg_liege,nf_bauteilidentifikation,ERFORDERT_NACHWEIS,Tracimat is the only recognised demolition management organisation in Flanders; demolition monitoring plans enable processing into secondary raw materials.,web,https://vito.be/en/news/demolition-guide-recognizes-building-materials-recycling-or-reuse,true,403,UNVERIFIABLE,unbelegt,,RESOURCE,P6-04,"Page loads 200 but content is the news landing page, not the cited article; cannot confirm Tracimat claim from this fetch. RESOURCE/re-confirm article URL; [P6-05] Page loads 200 but content is the news landing page, not the cited article; cannot confirm Tracimat claim from this fetch. RESOURCE/re-confirm article URL",B,UNVERIFIABLE,agent07-rel-0669
P604-agent07-rel-0670,rel,5:5f542910-8dcf-46a9-a77c-dfff0c64ee65:1153084232327763248,p_lo_reninge_town_hall_facade,nf_bauteilidentifikation,ERFORDERT_NACHWEIS,Tracimat is the only recognised demolition management organisation in Flanders; demolition monitoring plans enable processing into secondary raw materials.,web,https://vito.be/en/news/demolition-guide-recognizes-building-materials-recycling-or-reuse,true,403,UNVERIFIABLE,unbelegt,,RESOURCE,P6-04,"Page loads 200 but content is the news landing page, not the cited article; cannot confirm Tracimat claim from this fetch. RESOURCE/re-confirm article URL; [P6-05] Page loads 200 but content is the news landing page, not the cited article; cannot confirm Tracimat claim from this fetch. RESOURCE/re-confirm article URL",B,UNVERIFIABLE,agent07-rel-0670
P604-agent07-rel-0671,rel,5:5f542910-8dcf-46a9-a77c-dfff0c64ee65:1153084232327763344,p_multi_brussels_reuse_in_multi,nf_bauteilidentifikation,ERFORDERT_NACHWEIS,Tracimat is the only recognised demolition management organisation in Flanders; demolition monitoring plans enable processing into secondary raw materials.,web,https://vito.be/en/news/demolition-guide-recognizes-building-materials-recycling-or-reuse,true,403,UNVERIFIABLE,unbelegt,,RESOURCE,P6-04,"Page loads 200 but content is the news landing page, not the cited article; cannot confirm Tracimat claim from this fetch. RESOURCE/re-confirm article URL; [P6-05] Page loads 200 but content is the news landing page, not the cited article; cannot confirm Tracimat claim from this fetch. RESOURCE/re-confirm article URL",B,UNVERIFIABLE,agent07-rel-0671
P604-agent07-rel-0672,rel,5:5f542910-8dcf-46a9-a77c-dfff0c64ee65:1153084232327763357,p_musee_de_folklore_mouscron,nf_bauteilidentifikation,ERFORDERT_NACHWEIS,Tracimat is the only recognised demolition management organisation in Flanders; demolition monitoring plans enable processing into secondary raw materials.,web,https://vito.be/en/news/demolition-guide-recognizes-building-materials-recycling-or-reuse,true,403,UNVERIFIABLE,unbelegt,,RESOURCE,P6-04,"Page loads 200 but content is the news landing page, not the cited article; cannot confirm Tracimat claim from this fetch. RESOURCE/re-confirm article URL; [P6-05] Page loads 200 but content is the news landing page, not the cited article; cannot confirm Tracimat claim from this fetch. RESOURCE/re-confirm article URL",B,UNVERIFIABLE,agent07-rel-0672
P604-agent07-rel-0673,rel,5:5f542910-8dcf-46a9-a77c-dfff0c64ee65:1153084232327763458,p_recypark_demets_anderlecht,nf_bauteilidentifikation,ERFORDERT_NACHWEIS,Tracimat is the only recognised demolition management organisation in Flanders; demolition monitoring plans enable processing into secondary raw materials.,web,https://vito.be/en/news/demolition-guide-recognizes-building-materials-recycling-or-reuse,true,403,UNVERIFIABLE,unbelegt,,RESOURCE,P6-04,"Page loads 200 but content is the news landing page, not the cited article; cannot confirm Tracimat claim from this fetch. RESOURCE/re-confirm article URL; [P6-05] Page loads 200 but content is the news landing page, not the cited article; cannot confirm Tracimat claim from this fetch. RESOURCE/re-confirm article URL",B,UNVERIFIABLE,agent07-rel-0673
P604-agent07-rel-0674,rel,5:5f542910-8dcf-46a9-a77c-dfff0c64ee65:1153084232327763693,p_verbiest_karreveld_brussels,nf_bauteilidentifikation,ERFORDERT_NACHWEIS,Tracimat is the only recognised demolition management organisation in Flanders; demolition monitoring plans enable processing into secondary raw materials.,web,https://vito.be/en/news/demolition-guide-recognizes-building-materials-recycling-or-reuse,true,403,UNVERIFIABLE,unbelegt,,RESOURCE,P6-04,"Page loads 200 but content is the news landing page, not the cited article; cannot confirm Tracimat claim from this fetch. RESOURCE/re-confirm article URL; [P6-05] Page loads 200 but content is the news landing page, not the cited article; cannot confirm Tracimat claim from this fetch. RESOURCE/re-confirm article URL",B,UNVERIFIABLE,agent07-rel-0674
P604-agent07-rel-0675,rel,5:5f542910-8dcf-46a9-a77c-dfff0c64ee65:1153084232327763775,p_zinneke_feder_masui4ever_brussels,nf_bauteilidentifikation,ERFORDERT_NACHWEIS,Tracimat is the only recognised demolition management organisation in Flanders; demolition monitoring plans enable processing into secondary raw materials.,web,https://vito.be/en/news/demolition-guide-recognizes-building-materials-recycling-or-reuse,true,403,UNVERIFIABLE,unbelegt,,RESOURCE,P6-04,"Page loads 200 but content is the news landing page, not the cited article; cannot confirm Tracimat claim from this fetch. RESOURCE/re-confirm article URL; [P6-05] Page loads 200 but content is the news landing page, not the cited article; cannot confirm Tracimat claim from this fetch. RESOURCE/re-confirm article URL",B,UNVERIFIABLE,agent07-rel-0675
P604-A06B-node-0002,node,anders_lendager,anders_lendager,,Akteur,Anders Lendager carries first-party/authoritative source_urls on graph,web,https://lendager.com/project/resource-rows,true,200,PROVEN,belegt,.fusion-builder-live .fusion-builder-live-toolbar .fusion-toolbar-nav > li.fusion-branding .fusion-builder-logo-wrapper .fusiona-avada-logo {backgroun,KEEP,P6-04,DEFERRED (volume cap): not re-fetched in 06b; graph carries first-party source (https://lendager.com/project/resource-rows); coverage=source_present_unverified; recommend spot-fetch before relying on as PROVEN; [P6-05] DEFERRED (volume cap): not re-fetched in 06b; graph carries first-party source (https://lendager.com/project/resource-rows); coverage=source_present_unverified; recommend spot-fetch before relying on as PROVEN,B,UNVERIFIABLE,A06B-node-0002
P604-A06B-node-0003,node,andrea_kessler,andrea_kessler,,Akteur,Andrea Kessler carries first-party/authoritative source_urls on graph,web,https://morgenbau.at/34-bauteile-ernten-statt-entsorgen,true,200,PROVEN,belegt,"#34 bauteile ernten statt entsorgen | morgenbau podcast {""@context"":""https:\/\/schema.org"",""@graph"":[{""@type"":""article"",""@id"":""https:\/\/morgenbau.at\",KEEP,P6-04,DEFERRED (volume cap): not re-fetched in 06b; graph carries first-party source (https://morgenbau.at/34-bauteile-ernten-statt-entsorgen); coverage=source_present_unverified; recommend spot-fetch before relying on as PROVEN; [P6-05] DEFERRED (volume cap): not re-fetched in 06b; graph carries first-party source (https://morgenbau.at/34-bauteile-ernten-statt-entsorgen); coverage=source_present_unverified; recommend spot-fetch before relying on as PROVEN,B,UNVERIFIABLE,A06B-node-0003
P604-A06B-node-0006,node,andreas_sonderegger,andreas_sonderegger,,Akteur,Andreas Sonderegger carries first-party/authoritative source_urls on graph,web,https://www.zhaw.ch/en/archbau/institutes-centres/iik/research/reuse-in-construction,true,404,UNVERIFIABLE,,,KEEP,P6-04,DEFERRED (volume cap): not re-fetched in 06b; graph carries first-party source (https://www.zhaw.ch/en/archbau/institutes-centres/iik/research/reuse-in-construction); coverage=source_present_unverified; recommend spot-fetch before relying on as PROVEN; [P6-05] DEFERRED (volume cap): not re-fetched in 06b; graph carries first-party source (https://www.zhaw.ch/en/archbau/institutes-centres/iik/research/reuse-in-construction); coverage=source_present_unverified; recommend spot-fetch before relying on as PROVEN,B,UNVERIFIABLE,A06B-node-0006
P604-A06B-node-0008,node,anja_rosen,anja_rosen,,Akteur,Anja Rosen carries first-party/authoritative source_urls on graph,web,https://urban-mining-index.de,true,200,UNVERIFIABLE,,,KEEP,P6-04,DEFERRED (volume cap): not re-fetched in 06b; graph carries first-party source (https://urban-mining-index.de); coverage=source_present_unverified; recommend spot-fetch before relying on as PROVEN; [P6-05] DEFERRED (volume cap): not re-fetched in 06b; graph carries first-party source (https://urban-mining-index.de); coverage=source_present_unverified; recommend spot-fetch before relying on as PROVEN,B,UNVERIFIABLE,A06B-node-0008
P604-A06B-node-0010,node,annabelle_von_reutern,annabelle_von_reutern,,Akteur,Annabelle von Reutern carries first-party/authoritative source_urls on graph,web,https://www.tomas-architecture.com,false,,UNVERIFIABLE,,,KEEP,P6-04,DEFERRED (volume cap): not re-fetched in 06b; graph carries first-party source (https://www.tomas-architecture.com); coverage=source_present_unverified; recommend spot-fetch before relying on as PROVEN; [P6-05] DEFERRED (volume cap): not re-fetched in 06b; graph carries first-party source (https://www.tomas-architecture.com); coverage=source_present_unverified; recommend spot-fetch before relying on as PROVEN,B,UNVERIFIABLE,A06B-node-0010
P604-A06B-node-0011,node,annette_hillebrandt,annette_hillebrandt,,Akteur,Annette Hillebrandt carries first-party/authoritative source_urls on graph,web,https://www.architektur.uni-wuppertal.de/en/people/annette-hillebrandt,false,,UNVERIFIABLE,,,KEEP,P6-04,DEFERRED (volume cap): not re-fetched in 06b; graph carries first-party source (https://www.architektur.uni-wuppertal.de/en/people/annette-hillebrandt); coverage=source_present_unverified; recommend spot-fetch before relying on as PROVEN; [P6-05] DEFERRED (volume cap): not re-fetched in 06b; graph carries first-party source (https://www.architektur.uni-wuppertal.de/en/people/annette-hillebrandt); coverage=source_present_unverified; recommend spot-fetch before relying on as PROVEN,B,UNVERIFIABLE,A06B-node-0011
P604-A06B-node-0012,node,archipel_sion_ressourcerie,archipel_sion_ressourcerie,,Akteur,Archipel Sion Ressourcerie carries first-party/authoritative source_urls on graph,web,https://archipelsion.ch/ressourcerie/inventaire/,true,200,PROVEN,belegt,if(navigator.useragent.match(/msie|internet explorer/i)||navigator.useragent.match(/trident\/7\..*?rv:11/i)){var href=document.location.href;if(!href.,KEEP,P6-04,DEFERRED (volume cap): not re-fetched in 06b; graph carries first-party source (https://archipelsion.ch/ressourcerie/inventaire/); coverage=source_present_unverified; recommend spot-fetch before relying on as PROVEN; [P6-05] DEFERRED (volume cap): not re-fetched in 06b; graph carries first-party source (https://archipelsion.ch/ressourcerie/inventaire/); coverage=source_present_unverified; recommend spot-fetch before relying on as PROVEN,B,UNVERIFIABLE,A06B-node-0012
P604-A06B-node-0013,node,articonnex,articonnex,,Akteur,Articonnex carries first-party/authoritative source_urls on graph,web,https://articonnex.com/,true,200,PROVEN,belegt,/* >> heatmap.com :: snippet materiaux anti-gaspi au meilleur prix - articonnex window.performance && window.performance.mark && window.performance.ma,KEEP,P6-04,DEFERRED (volume cap): not re-fetched in 06b; graph carries first-party source (https://articonnex.com/); coverage=source_present_unverified; recommend spot-fetch before relying on as PROVEN; [P6-05] DEFERRED (volume cap): not re-fetched in 06b; graph carries first-party source (https://articonnex.com/); coverage=source_present_unverified; recommend spot-fetch before relying on as PROVEN,B,UNVERIFIABLE,A06B-node-0013
P604-A06B-node-0015,node,barrault_pressacco,barrault_pressacco,,Akteur,Barrault-Pressacco carries first-party/authoritative source_urls on graph,web,https://www.barrault-pressacco.com,false,,UNVERIFIABLE,,,KEEP,P6-04,DEFERRED (volume cap): not re-fetched in 06b; graph carries first-party source (https://www.barrault-pressacco.com); coverage=source_present_unverified; recommend spot-fetch before relying on as PROVEN; [P6-05] DEFERRED (volume cap): not re-fetched in 06b; graph carries first-party source (https://www.barrault-pressacco.com); coverage=source_present_unverified; recommend spot-fetch before relying on as PROVEN,B,UNVERIFIABLE,A06B-node-0015
P604-A06B-node-0018,node,batrecup,batrecup,,Akteur,BatRecup carries first-party/authoritative source_urls on graph,web,https://www.batrecup.com/,true,200,PROVEN,belegt,"la plateforme pour le reemploi des materiaux du batiment { ""@context"": ""https://schema.org"", ""@type"": ""website"", ""url"" : ""https:\/\/www.batrecup.com"",",KEEP,P6-04,DEFERRED (volume cap): not re-fetched in 06b; graph carries first-party source (https://www.batrecup.com/); coverage=source_present_unverified; recommend spot-fetch before relying on as PROVEN; [P6-05] DEFERRED (volume cap): not re-fetched in 06b; graph carries first-party source (https://www.batrecup.com/); coverage=source_present_unverified; recommend spot-fetch before relying on as PROVEN,B,UNVERIFIABLE,A06B-node-0018
P604-A06B-node-0021,node,baumatpool_ch,baumatpool_ch,,Akteur,Baumatpool.ch carries first-party/authoritative source_urls on graph,web,https://www.baumatpool.ch/de/,true,200,PROVEN,belegt,baumatpool.ch - die baumaterialborse der schweiz body{visibility: hidden;} /* latin-ext */ @font-face { font-family: 'roboto-normal'; font-style: ital,KEEP,P6-04,DEFERRED (volume cap): not re-fetched in 06b; graph carries first-party source (https://www.baumatpool.ch/de/); coverage=source_present_unverified; recommend spot-fetch before relying on as PROVEN; [P6-05] DEFERRED (volume cap): not re-fetched in 06b; graph carries first-party source (https://www.baumatpool.ch/de/); coverage=source_present_unverified; recommend spot-fetch before relying on as PROVEN,B,UNVERIFIABLE,A06B-node-0021
P604-A06B-node-0022,node,bauteilkatalog_immobilien_basel_stadt,bauteilkatalog_immobilien_basel_stadt,,Akteur,Bauteilkatalog Immobilien Basel-Stadt carries first-party/authoritative source_urls on graph,web,https://bauteile-ibs.ch/,true,200,PROVEN,belegt,component catalogue immobilien basel-stadt bauteilkatalog zur wiederverwendung projekt kontakt minen referenzen login warenkorb 0 struktur flachen ele,KEEP,P6-04,DEFERRED (volume cap): not re-fetched in 06b; graph carries first-party source (https://bauteile-ibs.ch/); coverage=source_present_unverified; recommend spot-fetch before relying on as PROVEN; [P6-05] DEFERRED (volume cap): not re-fetched in 06b; graph carries first-party source (https://bauteile-ibs.ch/); coverage=source_present_unverified; recommend spot-fetch before relying on as PROVEN,B,UNVERIFIABLE,A06B-node-0022
P604-A06B-node-0023,node,bauteilverwertung_koeppel_klein,bauteilverwertung_koeppel_klein,,Akteur,Bauteilverwertung Köppel & Klein carries first-party/authoritative source_urls on graph,web,https://www.bauteilverwertung.ch/,true,200,PROVEN,belegt,"bauteilverwertung - vorher / nachher --> --> function setjumbobackground() { var num = math.floor( math.random() * 5 + 1 ); $("".jumbotron"").css('backg",KEEP,P6-04,DEFERRED (volume cap): not re-fetched in 06b; graph carries first-party source (https://www.bauteilverwertung.ch/); coverage=source_present_unverified; recommend spot-fetch before relying on as PROVEN; [P6-05] DEFERRED (volume cap): not re-fetched in 06b; graph carries first-party source (https://www.bauteilverwertung.ch/); coverage=source_present_unverified; recommend spot-fetch before relying on as PROVEN,B,UNVERIFIABLE,A06B-node-0023
P604-A06B-node-0025,node,btvz_zuerichsee_oberland,btvz_zuerichsee_oberland,,Akteur,Bauteilvermittlung Zürichsee-Oberland carries first-party/authoritative source_urls on graph,web,https://www.btvz.ch/angebote/,true,200,PROVEN,belegt,"angebote | bauteilvermittlung zurichsee-oberland !function(){const e=document.createelement(""link"").rellist;if(!(e&&e.supports&&e.supports(""moduleprel",KEEP,P6-04,DEFERRED (volume cap): not re-fetched in 06b; graph carries first-party source (https://www.btvz.ch/angebote/); coverage=source_present_unverified; recommend spot-fetch before relying on as PROVEN; [P6-05] DEFERRED (volume cap): not re-fetched in 06b; graph carries first-party source (https://www.btvz.ch/angebote/); coverage=source_present_unverified; recommend spot-fetch before relying on as PROVEN,B,UNVERIFIABLE,A06B-node-0025
P604-A06B-node-0026,node,building_spares_market,building_spares_market,,Akteur,Building Spares Market carries first-party/authoritative source_urls on graph,web,https://buildingsparesmarket.co.uk/,true,200,PROVEN,belegt,"var litespeed_docref=sessionstorage.getitem(""litespeed_docref"");litespeed_docref&&(object.defineproperty(document,""referrer"",{get:function(){return li",KEEP,P6-04,DEFERRED (volume cap): not re-fetched in 06b; graph carries first-party source (https://buildingsparesmarket.co.uk/); coverage=source_present_unverified; recommend spot-fetch before relying on as PROVEN; [P6-05] DEFERRED (volume cap): not re-fetched in 06b; graph carries first-party source (https://buildingsparesmarket.co.uk/); coverage=source_present_unverified; recommend spot-fetch before relying on as PROVEN,B,UNVERIFIABLE,A06B-node-0026
P604-A06B-node-0028,node,carla_ferrando_costansa,carla_ferrando_costansa,,Akteur,Carla Ferrando Costansa carries first-party/authoritative source_urls on graph,web,https://www.archdaily.com/1008183/parabase-reuses-prefabricated-concrete-elements-for-a-radical-housing-development-in-basel-switzerland,true,200,PROVEN,belegt,"window.datalayer = window.datalayer || []; window.datalayer.push({ platform: ""ad"", appid: ""nimrod"" }); // read userid from cookie and add to datalayer",KEEP,P6-04,DEFERRED (volume cap): not re-fetched in 06b; graph carries first-party source (https://www.archdaily.com/1008183/parabase-reuses-prefabricated-concrete-elements-for-a-radical-housing-development-in-basel-switzerland); coverage=source_present_unverified; recommend spot-fetch before relying on as PROVEN; [P6-05] DEFERRED (volume cap): not re-fetched in 06b; graph carries first-party source (https://www.archdaily.com/1008183/parabase-reuses-prefabricated-concrete-elements-for-a-radical-housing-development-in-basel-switzerland); coverage=source_present_unverified; recommend spot-fetch before relying on as PROVEN,B,UNVERIFIABLE,A06B-node-0028
P604-A06B-node-0029,node,catherine_de_wolf,catherine_de_wolf,,Akteur,Catherine De Wolf carries first-party/authoritative source_urls on graph,web,https://cea.ethz.ch,false,,UNVERIFIABLE,,,KEEP,P6-04,DEFERRED (volume cap): not re-fetched in 06b; graph carries first-party source (https://cea.ethz.ch); coverage=source_present_unverified; recommend spot-fetch before relying on as PROVEN; [P6-05] DEFERRED (volume cap): not re-fetched in 06b; graph carries first-party source (https://cea.ethz.ch); coverage=source_present_unverified; recommend spot-fetch before relying on as PROVEN,B,UNVERIFIABLE,A06B-node-0029
P604-A06B-node-0032,node,christian_schoeningh,christian_schoeningh,,Akteur,Christian Schöningh carries first-party/authoritative source_urls on graph,web,https://circularmaterialsystems.com/en/case/impact-hub-berlin-crclr-house,true,200,UNVERIFIABLE,,,KEEP,P6-04,DEFERRED (volume cap): not re-fetched in 06b; graph carries first-party source (https://circularmaterialsystems.com/en/case/impact-hub-berlin-crclr-house); coverage=source_present_unverified; recommend spot-fetch before relying on as PROVEN; [P6-05] DEFERRED (volume cap): not re-fetched in 06b; graph carries first-party source (https://circularmaterialsystems.com/en/case/impact-hub-berlin-crclr-house); coverage=source_present_unverified; recommend spot-fetch before relying on as PROVEN,B,UNVERIFIABLE,A06B-node-0032
P604-A06B-node-0033,node,christine_conix,christine_conix,,Akteur,Christine Conix carries first-party/authoritative source_urls on graph,web,https://www.conixrdbm.com/project/multi,true,200,PROVEN,belegt,"img:is([sizes=""auto"" i], [sizes^=""auto,"" i]) { contain-intrinsic-size: 3000px 1500px } multi - conix rdbm {""@context"":""https://schema.org"",""@graph"":[{",KEEP,P6-04,DEFERRED (volume cap): not re-fetched in 06b; graph carries first-party source (https://www.conixrdbm.com/project/multi); coverage=source_present_unverified; recommend spot-fetch before relying on as PROVEN; [P6-05] DEFERRED (volume cap): not re-fetched in 06b; graph carries first-party source (https://www.conixrdbm.com/project/multi); coverage=source_present_unverified; recommend spot-fetch before relying on as PROVEN,B,UNVERIFIABLE,A06B-node-0033
P604-A06B-node-0035,node,clara_simay,clara_simay,,Akteur,Clara Simay carries first-party/authoritative source_urls on graph,web,https://circularmaterialsystems.com/en/case/05_ferme-du-rail,true,200,PROVEN,belegt,"var litespeed_docref=sessionstorage.getitem(""litespeed_docref"");litespeed_docref&&(object.defineproperty(document,""referrer"",{get:function(){return li",KEEP,P6-04,DEFERRED (volume cap): not re-fetched in 06b; graph carries first-party source (https://circularmaterialsystems.com/en/case/05_ferme-du-rail); coverage=source_present_unverified; recommend spot-fetch before relying on as PROVEN; [P6-05] DEFERRED (volume cap): not re-fetched in 06b; graph carries first-party source (https://circularmaterialsystems.com/en/case/05_ferme-du-rail); coverage=source_present_unverified; recommend spot-fetch before relying on as PROVEN,B,UNVERIFIABLE,A06B-node-0035
P604-A06B-node-0037,node,corentin_fivet,corentin_fivet,,Akteur,Corentin Fivet carries first-party/authoritative source_urls on graph,web,https://people.epfl.ch/corentin.fivet,true,200,PROVEN,belegt,"epfl - corentin fivet (function(w,d,s,l,i){ w[l]=w[l]||[]; w[l].push({'gtm.start': new date().gettime(),event:'gtm.js'}); var f=d.getelementsbytagname",KEEP,P6-04,DEFERRED (volume cap): not re-fetched in 06b; graph carries first-party source (https://people.epfl.ch/corentin.fivet); coverage=source_present_unverified; recommend spot-fetch before relying on as PROVEN,B,UNVERIFIABLE,A06B-node-0037
P604-A06B-node-0038,node,cornermat_retrival,cornermat_retrival,,Akteur,Cornermat / Retrival carries first-party/authoritative source_urls on graph,web,https://www.cornermat.be/,true,200,PROVEN,belegt,"accueil | cornermat var odoo = { csrf_token: ""77d36531658d1591c40daa80646fc38264da80b7o1812305001"", debug: """", }; odoo.__session_info__ = {""is_admin"":",KEEP,P6-04,DEFERRED (volume cap): not re-fetched in 06b; graph carries first-party source (https://www.cornermat.be/); coverage=source_present_unverified; recommend spot-fetch before relying on as PROVEN,B,UNVERIFIABLE,A06B-node-0038
P604-A06B-node-0039,node,cycle_zero,cycle_zero,,Akteur,Cycle Zéro carries first-party/authoritative source_urls on graph,web,https://cyclezero.fr/,true,200,PROVEN,belegt,"function gtag(){datalayer.push(arguments)}window.datalayer=window.datalayer||[],gtag(""js"",new date),gtag(""config"",""g-xcnt4d3npy"") cycle zero - reemplo",KEEP,P6-04,DEFERRED (volume cap): not re-fetched in 06b; graph carries first-party source (https://cyclezero.fr/); coverage=source_present_unverified; recommend spot-fetch before relying on as PROVEN,B,UNVERIFIABLE,A06B-node-0039
P604-A06B-node-0040,node,daniel_hoffmann,daniel_hoffmann,,Akteur,Daniel Hoffmann carries first-party/authoritative source_urls on graph,web,https://www.cirkla.ch/en/le-reseau-du-reemploi/lannuaire/projets/scharenmoosstrasse,true,200,PROVEN,belegt,"scharenmoosstrasse - cirkla img:is([sizes=""auto"" i], [sizes^=""auto,"" i]) { contain-intrinsic-size: 3000px 1500px } {""@context"":""https://schema.org"",""@",KEEP,P6-04,DEFERRED (volume cap): not re-fetched in 06b; graph carries first-party source (https://www.cirkla.ch/en/le-reseau-du-reemploi/lannuaire/projets/scharenmoosstrasse); coverage=source_present_unverified; recommend spot-fetch before relying on as PROVEN,B,UNVERIFIABLE,A06B-node-0040
P604-A06B-node-0042,node,dominik_campanella,dominik_campanella,,Akteur,Dominik Campanella carries first-party/authoritative source_urls on graph,web,https://www.circularbuildingscoalition.org/blueprint-projects/concular,true,200,PROVEN,belegt,"circular buildings coalition webfont.load({ google: { families: [""open sans:300,300italic,400,400italic,600,600italic,700,700italic,800,800italic"",""in",KEEP,P6-04,DEFERRED (volume cap): not re-fetched in 06b; graph carries first-party source (https://www.circularbuildingscoalition.org/blueprint-projects/concular); coverage=source_present_unverified; recommend spot-fetch before relying on as PROVEN,B,UNVERIFIABLE,A06B-node-0042
P604-A06B-node-0043,node,duncan_baker_brown,duncan_baker_brown,,Akteur,Duncan Baker-Brown carries first-party/authoritative source_urls on graph,web,https://www.brighton.ac.uk/research/research-news/feature/brighton-waste-house.aspx,true,200,PROVEN,belegt,brighton wild house/ waste house - ecological architectural design // // // // var _kiq = _kiq || []; (function(){ settimeout(function(){ var d = docu,KEEP,P6-04,DEFERRED (volume cap): not re-fetched in 06b; graph carries first-party source (https://www.brighton.ac.uk/research/research-news/feature/brighton-waste-house.aspx); coverage=source_present_unverified; recommend spot-fetch before relying on as PROVEN,B,UNVERIFIABLE,A06B-node-0043
P604-A06B-node-0046,node,eva_stricker,eva_stricker,,Akteur,Eva Stricker carries first-party/authoritative source_urls on graph,web,https://www.zhaw.ch/en/archbau/institutes-centres/iik/research/reuse-in-construction,true,404,UNVERIFIABLE,,,KEEP,P6-04,DEFERRED (volume cap): not re-fetched in 06b; graph carries first-party source (https://www.zhaw.ch/en/archbau/institutes-centres/iik/research/reuse-in-construction); coverage=source_present_unverified; recommend spot-fetch before relying on as PROVEN,B,UNVERIFIABLE,A06B-node-0046
P604-A06B-node-0047,node,fabian_sauser,fabian_sauser,,Akteur,Fabian Sauser carries first-party/authoritative source_urls on graph,web,https://openhouse-zuerich.org/orte/kindergarten-moeoeslistrasse,true,200,UNVERIFIABLE,,,KEEP,P6-04,DEFERRED (volume cap): not re-fetched in 06b; graph carries first-party source (https://openhouse-zuerich.org/orte/kindergarten-moeoeslistrasse); coverage=source_present_unverified; recommend spot-fetch before relying on as PROVEN,B,UNVERIFIABLE,A06B-node-0047
P604-A06B-node-0048,node,fabio_gramazio,fabio_gramazio,,Akteur,Fabio Gramazio carries first-party/authoritative source_urls on graph,web,https://ethz.ch/en/news-and-events/eth-news/news/2026/04/students-breathe-new-life-into-old-building-materials.html,true,200,UNVERIFIABLE,,,KEEP,P6-04,DEFERRED (volume cap): not re-fetched in 06b; graph carries first-party source (https://ethz.ch/en/news-and-events/eth-news/news/2026/04/students-breathe-new-life-into-old-building-materials.html); coverage=source_present_unverified; recommend spot-fetch before relying on as PROVEN,B,UNVERIFIABLE,A06B-node-0048
P604-A06B-node-0051,node,frederic_denise,frederic_denise,,Akteur,Frédéric Denise carries first-party/authoritative source_urls on graph,web,https://www.bellastock.com/projets/resilience,true,403,UNVERIFIABLE,,,KEEP,P6-04,DEFERRED (volume cap): not re-fetched in 06b; graph carries first-party source (https://www.bellastock.com/projets/resilience); coverage=source_present_unverified; recommend spot-fetch before relying on as PROVEN,B,UNVERIFIABLE,A06B-node-0051
P604-A06B-node-0052,node,gebruiktebouwmaterialen,gebruiktebouwmaterialen,,Akteur,Gebruiktebouwmaterialen carries first-party/authoritative source_urls on graph,web,https://gebruiktebouwmaterialen.com/,true,200,PROVEN,belegt,var locale = 'nl\u002dnl'; var base_url = 'https\u003a\u002f\u002fgebruiktebouwmaterialen.com\u002f'; var require = { 'baseurl': 'https\u003a\u002f\u0,KEEP,P6-04,DEFERRED (volume cap): not re-fetched in 06b; graph carries first-party source (https://gebruiktebouwmaterialen.com/); coverage=source_present_unverified; recommend spot-fetch before relying on as PROVEN,B,UNVERIFIABLE,A06B-node-0052
P604-A06B-node-0054,node,georg_hubmann,georg_hubmann,,Akteur,Georg Hubmann carries first-party/authoritative source_urls on graph,web,https://circularmaterialsystems.com,true,200,UNVERIFIABLE,,,KEEP,P6-04,DEFERRED (volume cap): not re-fetched in 06b; graph carries first-party source (https://circularmaterialsystems.com); coverage=source_present_unverified; recommend spot-fetch before relying on as PROVEN,B,UNVERIFIABLE,A06B-node-0054
P604-A06B-node-0055,node,ggzatwork_laden2_bauteile_zug,ggzatwork_laden2_bauteile_zug,,Akteur,GGZ@WORK Laden 2 Bauteile Zug carries first-party/authoritative source_urls on graph,web,https://ggzatwork.ch/gaeste/laden2/laden-2-bauteile,true,200,PROVEN,belegt,"(function (w, d, s, l, i) { w[l] = w[l] || []; w[l].push({'gtm.start': new date().gettime(), event: 'gtm.js'}); var f = d.getelementsbytagname(s)[0], ",KEEP,P6-04,DEFERRED (volume cap): not re-fetched in 06b; graph carries first-party source (https://ggzatwork.ch/gaeste/laden2/laden-2-bauteile); coverage=source_present_unverified; recommend spot-fetch before relying on as PROVEN,B,UNVERIFIABLE,A06B-node-0055
P604-A06B-node-0056,node,gian_trachsler,gian_trachsler,,Akteur,Gian Trachsler carries first-party/authoritative source_urls on graph,web,https://www.cirkla.ch/en/le-reseau-du-reemploi/lannuaire/projets/scharenmoosstrasse,true,200,PROVEN,belegt,"scharenmoosstrasse - cirkla img:is([sizes=""auto"" i], [sizes^=""auto,"" i]) { contain-intrinsic-size: 3000px 1500px } {""@context"":""https://schema.org"",""@",KEEP,P6-04,DEFERRED (volume cap): not re-fetched in 06b; graph carries first-party source (https://www.cirkla.ch/en/le-reseau-du-reemploi/lannuaire/projets/scharenmoosstrasse); coverage=source_present_unverified; recommend spot-fetch before relying on as PROVEN,B,UNVERIFIABLE,A06B-node-0056
P604-A06B-node-0058,node,guido_brandi,guido_brandi,,Akteur,Guido Brandi carries first-party/authoritative source_urls on graph,web,https://www.zhaw.ch/en/archbau/institutes-centres/iik/research/reuse-in-construction,true,404,UNVERIFIABLE,,,KEEP,P6-04,DEFERRED (volume cap): not re-fetched in 06b; graph carries first-party source (https://www.zhaw.ch/en/archbau/institutes-centres/iik/research/reuse-in-construction); coverage=source_present_unverified; recommend spot-fetch before relying on as PROVEN,B,UNVERIFIABLE,A06B-node-0058
P604-A06B-node-0059,node,gxn,gxn,,Akteur,GXN carries first-party/authoritative source_urls on graph,web,https://gxn.3xn.com/wp-content/uploads/sites/4/2019/02/CircleHouse_ENG_2018.pdf,true,200,UNVERIFIABLE,,,KEEP,P6-04,DEFERRED (volume cap): not re-fetched in 06b; graph carries first-party source (https://gxn.3xn.com/wp-content/uploads/sites/4/2019/02/CircleHouse_ENG_2018.pdf); coverage=source_present_unverified; recommend spot-fetch before relying on as PROVEN,B,UNVERIFIABLE,A06B-node-0059
P604-A06B-node-0060,node,hans_hammink,hans_hammink,,Akteur,Hans Hammink carries first-party/authoritative source_urls on graph,web,https://circularmaterialsystems.com/en/case/03_en_pavilion-circl,true,200,UNVERIFIABLE,,,KEEP,P6-04,DEFERRED (volume cap): not re-fetched in 06b; graph carries first-party source (https://circularmaterialsystems.com/en/case/03_en_pavilion-circl); coverage=source_present_unverified; recommend spot-fetch before relying on as PROVEN,B,UNVERIFIABLE,A06B-node-0060
P604-A06B-node-0063,node,hiltbrunner_reuse_riedtwil_wiederverwendung,hiltbrunner_reuse_riedtwil_wiederverwendung,,Akteur,ReUse Recycling Center Riedtwil / wiederverwendung.ch carries first-party/authoritative source_urls on graph,web,https://www.wiederverwendung.ch/,true,200,PROVEN,belegt,gebrauchtwaren in der schweiz: reuse recycling center - wiederverwendung #left{width:250px;right:250px}#container{padding-left:250px} wiederverwendung,KEEP,P6-04,DEFERRED (volume cap): not re-fetched in 06b; graph carries first-party source (https://www.wiederverwendung.ch/); coverage=source_present_unverified; recommend spot-fetch before relying on as PROVEN,B,UNVERIFIABLE,A06B-node-0063
P604-A06B-node-0064,node,hugo_topalov,hugo_topalov,,Akteur,Hugo Topalov carries first-party/authoritative source_urls on graph,web,https://vb.nweurope.eu/projects/project-search/fcrbe-facilitating-the-circulation-of-reclaimed-building-elements-in-northwestern-europe,true,200,UNVERIFIABLE,,,KEEP,P6-04,DEFERRED (volume cap): not re-fetched in 06b; graph carries first-party source (https://vb.nweurope.eu/projects/project-search/fcrbe-facilitating-the-circulation-of-reclaimed-building-elements-in-northwestern-europe); coverage=source_present_unverified; recommend spot-fetch before relying on as PROVEN,B,UNVERIFIABLE,A06B-node-0064
P604-A06B-node-0065,node,jan_haerens,jan_haerens,,Akteur,Jan Haerens carries first-party/authoritative source_urls on graph,web,https://rotordb.org/en/projects/zinneke-feder-masui4ever,true,200,UNVERIFIABLE,,,KEEP,P6-04,DEFERRED (volume cap): not re-fetched in 06b; graph carries first-party source (https://rotordb.org/en/projects/zinneke-feder-masui4ever); coverage=source_present_unverified; recommend spot-fetch before relying on as PROVEN,B,UNVERIFIABLE,A06B-node-0065
P604-A06B-node-0068,node,julia_krafft,julia_krafft,,Akteur,Julia Krafft carries first-party/authoritative source_urls on graph,web,https://www.zirkulaar.de,true,200,PROVEN,belegt,"zirkulaar architektur - nachhaltig by design {""@context"":""https:\/\/schema.org"",""@graph"":[{""@type"":""breadcrumblist"",""@id"":""https:\/\/zirkulaar.de\/#br",KEEP,P6-04,DEFERRED (volume cap): not re-fetched in 06b; graph carries first-party source (https://www.zirkulaar.de); coverage=source_present_unverified; recommend spot-fetch before relying on as PROVEN,B,UNVERIFIABLE,A06B-node-0068
P604-A06B-node-0069,node,julia_turpin,julia_turpin,,Akteur,Julia Turpin carries first-party/authoritative source_urls on graph,web,https://grandhuit.eu/projet/ferme-du-rail,true,200,UNVERIFIABLE,,,KEEP,P6-04,DEFERRED (volume cap): not re-fetched in 06b; graph carries first-party source (https://grandhuit.eu/projet/ferme-du-rail); coverage=source_present_unverified; recommend spot-fetch before relying on as PROVEN,B,UNVERIFIABLE,A06B-node-0069
P604-A10-N-058,node,4:5f542910-8dcf-46a9-a77c-dfff0c64ee65:533,prog_mas_dfab,,Programm,MAS DFAB ETH (Gramazio Kohler) circular-construction programme,web,https://gramaziokohler.arch.ethz.ch/,true,200,PROVEN,belegt,Coordinator and tutor of the MAS ETH Architecture and Digital Fabrication,FIX_PROPERTY,P6-04,Prior cited ETH news was De Wolf course; GKR homepage confirms MAS DFAB programme,C,PARTIAL,A10-N-058
